slug,char_id,name,name_ja,tagline,self_intro,voice_actor,voice_actor_link,birthday,birth_day,birth_month,birth_year,school,dorm,color_main,color_sub,height,weight,three_sizes,shoe_size,strong,weak,ears,tail,family,main_image,face_image,hero_video
special-week,1001,Special Week,スペシャルウィーク,Rar'n to go! A pure-hearted girl focused on her dream.,My name's Special Week! My dream is to be the top Umamusume in all of Japan! I gotta work hard to make my moms proud!,Azumi Waki,https://myanimelist.net/people/36812/Azumi_Waki,May 2,2,5,1995,Junior Division,Ritto Dormitory,,,158,Slight decrease (pre-race nerves),81,Left: 23.5cm Right: 23.0cm,Detailed food reports,Using her train pass,Perks up and teleports to the kitchen when she hears the sounds of cooking,"Moves along with her emotions, making her a terrible poker player",She gets her eye color from her birth mother,idle.png,face.png,
silence-suzuka,1002,Silence Suzuka,サイレンススズカ,The silent runner aiming to break the sound barrier.,"I'm Silence Suzuka. I love to run, and I won't give up my lead to anyone. Uh... that's about it.",Marika Kouno,https://myanimelist.net/people/35441/Marika_Kouno,May 1,1,5,1994,Senior Division,Ritto Dormitory,,,161,No change,70,Left: 23.5cm Right: 23.0cm,Running long distances,Crowded places,Sometimes doesn't hear anything when she thinks about running,She always makes efforts to reduce her wind resistance,Gave her more pocket money for shoes,idle.png,face.png,
tokai-teio,1003,Tokai Teio,トウカイテイオー,Unbeatable and adorable! A happy hoppin' racer.,Hey hey! It's Tokai Teio! You might wanna keep an eye on me! Because there's gonna be a new undefeated Triple Crown champion in town!,Machico,https://myanimelist.net/people/36141/Machico,April 20,20,4,1988,Junior Division,Ritto Dormitory,,,150,No change,77,Left and right: 22.0cm,Making friends,Doctors,Never fails to hear praise or the Prez's voice,Wags with excitement when she's receiving attention,"They cried when she stopped calling them ""Mama"" and ""Papa""",idle.png,face.png,
maruzensky,1004,Maruzensky,マルゼンスキー,Keeping it old-school! A real hot rod!,"Hiii! Maruzensky here! You came here to see me, right? My running's out of this world! Hehe! Try not to fall in love too hard, okay? ♪",Lynn,https://myanimelist.net/people/10929/Lynn,May 19,19,5,1974,Senior Division,Lives alone,,,164,Optimal form,92,Left and right: 26.0cm,Drifting,Leisurely drives,Wants to boogie when she hears Eurobeat music,Getting it all silky with a morning shower is her favorite part of the day,The bright red sports car is a hand-me-down from her dad,idle.png,face.png,
fuji-kiseki,1005,Fuji Kiseki,フジキセキ,Always at your service. The classiest racer around.,"It's everyone's favorite jet-black entertainer, Fuji Kiseki! I'm a modern miracle! I put smiles on faces wherever I go, you know? ♪",Eriko Matsui,https://myanimelist.net/people/20835/Eriko_Matsui,April 15,15,4,1992,Senior Division,Ritto Dormitory,,,168,No change,84,Left and right: 26.0cm,Surprising people,Sweets,Has perfect pitch,Sway gracefully like magnificent feather accessories of the stage,"Coming from a theater family, her parents travel all over the country",idle.png,face.png,
oguri-cap,1006,Oguri Cap,オグリキャップ,A coolheaded dreamer from the countryside.,I'm Oguri Cap. I'll do my best to win for the folks back home. Thanks for your support.,Tomoyo Takayanagi,https://myanimelist.net/people/45241/Tomoyo_Takayanagi,March 27,27,3,1985,Senior Division,Ritto Dormitory,,,167,Slight increase (overate),82,Left and right: 27.0cm,Eating delicious food,Swimming,Can tell apart people from her hometown just from their cheers,"She's flexible enough, so there's no spot she can't reach","Her family always vacations at hot springs, and knows of at least one hidden spring",idle.png,face.png,
gold-ship,1007,Gold Ship,ゴールドシップ,"Wild and unpredictable, this golden runner is unlike anybody else!","Bow down! Gold Ship has arrived! Whether I gotta go through a raging inferno, the most downtrodden turf, or even way out there in outer space, I'm always up for adventure! ☆",Hitomi Ueda,https://myanimelist.net/people/47873/Hitomi_Ueda,March 6,6,3,2009,???,Ritto Dormitory,,,170,Unmeasurable,88,Left and right: 26.5cm,Moving facial muscles,Staying still,"She covers people's ears and asks ""Guess who?""",Sometimes forgets it in her room (according to her),"Apparently, it's a national secret",idle.png,face.png,
vodka,1008,Vodka,ウオッカ,Headstrong and full of life! A roadster with a heart of gold.,Yo! Vodka here! Listen up. My policy is to be the coolest at all times! I don't act all lame. Got that?,Ayaka Oohashi,https://myanimelist.net/people/15903/Ayaka_Ohashi,April 4,4,4,2004,Junior Division,Ritto Dormitory,,,165,No change,76,Left: 24.5cm Right: 24.0cm,Air bike,Gossiping about romance,She gets strangely bashful when they're touched,Currently practicing a cool way to swish her tail,Often gets scolded by her mom for causing mischief with her dad,idle.png,face.png,
daiwa-scarlet,1009,Daiwa Scarlet,ダイワスカーレット,Beyond arrogant! This hothead hates to lose.,"Hello! Daiwa Scarlet here! I'll try my best to... What am I saying? ""Trying"" won't cut it. I will be number one!",Chisa Kimura,https://myanimelist.net/people/47872/Chisa_Kimura,May 13,13,5,2004,Junior Division,Ritto Dormitory,,,163,Unclear (refused measurement),90,Left and right: 24.5cm,"Studying, housework",Compromising,Completely betray her true feelings,Fights with her comb everyday to tame her curls,Admires and misses her hard-working mother,idle.png,face.png,
taiki-shuttle,1010,Taiki Shuttle,タイキシャトル,A friendly girl born in the U.S.,Howdy! Taiki Shuttle here! I'm aimin' to put smiles on some faces with some hard runnin'!,Yuka Ootsubo,https://myanimelist.net/people/12452/Yuka_Ootsubo,March 23,23,3,1994,Senior Division,Miho Dormitory,,,172,Slight increase (but it's no problem!),94,Left and right: 25.0cm (Custom),Positive thinking,Being alone,"She comes running the second she hears ""party""",She uses a tail spray sent by the folks back home,Welcome-home fireworks are always at the ready for her,idle.png,face.png,
grass-wonder,1011,Grass Wonder,グラスワンダー,"Neat and sweet. Japanese at heart, she's back home from the U.S.","My name is Grass Wonder. I was born an Umamusume, so I will take this path as far as I possibly can. Hee hee. ♪",Rena Maeda,https://myanimelist.net/people/17101/Rena_Maeda,February 18,18,2,1995,Junior Division,Miho Dormitory,,,152,No change,77,Left: 23.0cm Right: 23.5cm,"Japanese sweets, Japanese culture, competitive karuta","Insects, disrespect for history and tradition",Do not tremble in the slightest when she's doing a tea ceremony,Can get bugs off her back without looking over her shoulder,Gets her love of Japan from her parents. Her home has a Japanese-style room,idle.png,face.png,
hishi-amazon,1012,Hishi Amazon,ヒシアマゾン,You wanna go? One-on-one! The dorm leader everyone knows and loves.,"I see a buncha Umamusume here looking like they wanna take me on! Well, Hishiama will give you all you can handle! Come at me! One-on-one!",Yuiko Tatsumi,https://myanimelist.net/people/6997/Yuiko_Tatsumi,March 26,26,3,1991,Senior Division,Miho Dormitory,,,160,Slight increase (no comment),92,Left and right: 24.0cm,Serving homemade cooking,Using her head,"Can hear someone say ""one-on-one"" from a mile away",Her glossy black tail is admired by many students,Gets her caring nature from her mother and is actually the youngest child,idle.png,face.png,
mejiro-mcqueen,1013,Mejiro McQueen,メジロマックイーン,The crown jewel of the prestigious Mejiro family. A classy and poised young lady.,I am Mejiro McQueen. I shall surely fulfill my family's ambition to claim the Tenno Sho crown.,Saori Oonishi,https://myanimelist.net/people/19884/Saori_Oonishi,April 3,3,4,1987,Junior Division,Ritto Dormitory,,,159,Slight increase (making frantic adjustments!),71,Left and right: 22.5cm,Table manners,Resisting sweets,Tend to stand very straight when she's around others,Swishes her tail excitedly when she talks about sports,"Her parents call her ""Mackie""",idle.png,face.png,
el-condor-pasa,1014,El Condor Pasa,エルコンドルパサー,The North American Phantom Bird! A vivacious and quirky lucha libre.,"A mighty crimson bird swoops onto the track! It's the one, the only! El Condor Pasaaa, the strongest Umamusume in the wooorld!",Minami Takahashi,https://myanimelist.net/people/22003/Minami_Takahashi,March 17,17,3,1995,Junior Division,Miho Dormitory,,,163,Slight increase (the weightlifting's working!),89,Left and right: 24.0cm,Pro wrestling,Being quiet,Stand up straight whenever she hears someone count,Apparently grabbing the tail is a foul,"Grew up with a hawk named ""Mambo"" that was basically a sibling to her",idle.png,face.png,
tm-opera-o,1015,TM Opera O,テイエムオペラオー,The pompous star of the stage. Her laugh fills the room!,"Muahahaha! Feast your eyes upon your beautiful and powerful Overlord, T.M. Opera O! My legend... begins now!",Sora Tokui,https://myanimelist.net/people/11361/Sora_Tokui,March 13,13,3,1996,Junior Division,Ritto Dormitory,,,156,Perpetually perfect (according to herself),76,Left and right: 23.0cm,Impromptu opera performances,Boring tasks,Hear everything as a compliment,Seems to glisten when light hits it,She's thankful to her parents for making a beautiful daughter like her,idle.png,face.png,
narita-brian,1016,Narita Brian,ナリタブライアン,Actions speak louder than words! A tough and stubborn lone wolf.,"I'm Narita Brian. I'm here to run circles around my opponents, not chit-chat. That's it.",Rika Kinugawa,https://myanimelist.net/people/40034/Rika_Kinugawa,May 3,3,5,1991,Senior Division,Ritto Dormitory,,,160,No impediment to racing,91,Left and right: 24.5cm,Cracking walnuts,Petting small creatures,Her blood starts pumping when she hears fanfare,She never cared much for appearances,Her parents and sister say her silence is proof of her kindness,idle.png,face.png,
symboli-rudolf,1017,Symboli Rudolf,シンボリルドルフ,The reigning Emperor. Her rule is absolute!,"I am Symboli Rudolf. I hold the honor of being the ""Emperor"" who seeks to help all Umamusume reach their true potential. Together, let us forge a path to honor and glory!",Azusa Tadokoro,https://myanimelist.net/people/17297/Azusa_Tadokoro,March 13,13,3,1981,Senior Division,Miho Dormitory,,,165,Nearly ideal,86,Left and right: 25.0cm,Chess,Small talk,Twitch noticeably whenever she comes up with a pun,Even the hairs on her tail feel electric when she's giving a speech,Her parents have been teaching her the art of governing from a young age,idle.png,face.png,
air-groove,1018,Air Groove,エアグルーヴ,The coolly calculating Empress. Highly gifted and ambitious.,"I am Air Groove. If you are unwavering in your beliefs, your ideals will blossom. It is my role as Empress to lead by example.",Ruriko Aoki,https://myanimelist.net/people/23831/Ruriko_Aoki,April 6,6,4,1993,Senior Division,Ritto Dormitory,,,165,Amazing form,90,Left and right: 24.5cm,Growing flowers,Things that suddenly flash or move,Droop ever so slightly when she takes care of flowers,Uses the same tail oil as her mother,Meticulously plans her mom's birthday party a year in advance.,idle.png,face.png,
agnes-digital,1019,Agnes Digital,アグネスデジタル,I love Umamusume! A super versatile otaku.,Hi hi! I'm Digitan! I'm here to support all these sparkling Umamusume! Every day here is a good day! Especially for an Uma Otaku!,Minori Suzuki,https://myanimelist.net/people/39460/Minori_Suzuki,May 15,15,5,1997,Junior Division,Ritto Dormitory,,,143,No change,74,Left and right: 21.5cm,Miracle-level massages,Shipping Wars,"Their hair bristles when they pick up an ""emotional wave""",She gets her tail done at a salon before concerts,"Her family loves camping, festivals, and barbecues!",idle.png,face.png,
seiun-sky,1020,Seiun Sky,セイウンスカイ,"Does what she wants, when she wants. As free as a drifting cloud...","Hello. I'm Seiun Sky. I'm just taking things as they come. Good things come to those who wait, you know?",Akari Kitou,https://myanimelist.net/people/34951/Akari_Kitou,April 26,26,4,1995,Junior Division,Miho Dormitory,,,155,Undeclared,77,Left and right: 22.5cm,"Naps, fishing","Small, confined spaces (The gate, the gate!)",Occasionally stand straight and still when she hears something,Just looks good without doing anything,Goes fishing with her grandpa every time she goes home,idle.png,face.png,
tamamo-cross,1021,Tamamo Cross,タマモクロス,Her comebacks are lightning fast. Showin' 'em what Naniwa girls are made of!,"I'm Tamamo Cross! I'm gonna race my butt off and make a name for myself! I may not look like much, but ya don't wanna mess with me!",Naomi Oozora,https://myanimelist.net/people/22329/Naomi_Oozora,May 23,23,5,1984,Senior Division,Ritto Dormitory,,,140,Unweighable,71,Left: 19.5cm Right: 20.0cm,Mental arithmetic (finances only),Kotatsu heaters,"Perk straight up at words like ""bargain"" and ""sale""",Crackles like lightning when she's angry,Her younger siblings get to see her soft side,idle.png,face.png,
fine-motion,1022,Fine Motion,ファインモーション,A sheltered lady excited to make memories that will last a lifetime.,Pleased to meet you. I'm Fine Motion. I look forward to making lots of memories here. Would you happen to know of a good local ramen spot?,Chinami Hashimoto,https://myanimelist.net/people/27761/Chinami_Hashimoto,January 27,27,1,1999,Senior Division,Ritto Dormitory,,,158,Slightly up (too much ramen?),79,Left and right: 23.0cm,Peacemaking,Doubting others,Keenly interested in hearing about popular culture,"The ""Royal Tail"" is of noble quality",She's better at handling her uninhibited sister than her parents,idle.png,face.png,
biwa-hayahide,1023,Biwa Hayahide,ビワハヤヒデ,A fiery intellectual. Logic is her weapon!,I'm Biwa Hayahide. My goal is to devise the perfect winning equation... I'd also like to point out that my head is of completely average size!,Yui Kondou,https://myanimelist.net/people/24189/Yui_Kondou,March 10,10,3,1990,Senior Division,Ritto Dormitory,,,171,No change,93,Left and right: 25.0cm,Cleaning,Rainy season,"She's been sensitive to noises since she was little, and was therefore easily startled",Has a hard time getting her tail through the hole in her pants when it's humid,Her mother used to have her wear matching hairstyles with her sister,idle.png,face.png,
mayano-top-gun,1024,Mayano Top Gun,マヤノトップガン,She's like your sweet little sister. She can't wait to grow up!,"I'm Maya, heh heh! ☆ I love all things exciting! The thrill of adrenaline's the best! ♪ Nice to meet ya!",Mio Hoshitani,https://myanimelist.net/people/47226/Mio_Hoshitani,March 24,24,3,1992,Junior Division,Ritto Dormitory,,,143,No change,75,Left and right: 20.5cm,Pretty much anything,Secrets,Can pop her ears at will,Her tail wags ferociously when she lies,"Her father is a pilot, and they used to play together at the airport",idle.png,face.png,
manhattan-cafe,1025,Manhattan Cafe,マンハッタンカフェ,Always chasing shadows... Quite the mysterious Umamusume.,"I'm Manhattan Cafe. I have... a friend I want to catch up with... She's always running ahead of me... You see, right there...",Yui Ogura,https://myanimelist.net/people/10981/Yui_Ogura,March 5,5,3,1998,Senior Division,Miho Dormitory,,,155,No change,73,Left and right: 22.0cm,Brewing coffee,Sunny days,Can hear a voice no one else can,"Silky and well-moisturized, even without using any products","Her whole family are coffee lovers, so they import coffee beans directly",idle.png,face.png,
mihono-bourbon,1026,Mihono Bourbon,ミホノブルボン,Always follows commands! The cyborg Umamusume.,My name is Mihono Bourbon. My objective is to win the Triple Crown. Please refer to my specs for information regarding my capabilities.,Ikumi Hasegawa,https://myanimelist.net/people/48048/Ikumi_Hasegawa,April 25,25,4,1989,Senior Division,Ritto Dormitory,,,160,No change,86,Left and right: 24.0cm,Staring contests,Using electronic appliances,"Perk right up when they hear a command, even if she's dead asleep",Her tail's strong enough that she can stand on it... according to rumors,Her family lives an analog lifestyle now because their appliances kept breaking,idle.png,face.png,
mejiro-ryan,1027,Mejiro Ryan,メジロライアン,Nothing beats a good workout! Even the sweat of her brow is earnest and pure.,Sup! Mejiro Ryan here! I'm real big into fitness and lifting. It's all 'bout keeping yourself swole! See you at the gym!,Afumi Hashi,https://myanimelist.net/people/30125/Afumi_Hashi,April 11,11,4,1987,Senior Division,Miho Dormitory,,,163,Slight increase (the weightlifting's working!),87,Left and right: 24.5cm,Resistance Training,Cholesterol,Change positions a lot when she's reading romance manga,"She really works up a sweat, so she has a separate towel for her tail",Her dad looks so young that he's often mistaken for her brother,idle.png,face.png,
hishi-akebono,1028,Hishi Akebono,ヒシアケボノ,Big and generous... portions? Get some more buono in your life! ♪,"Buono, buono! ♪ Hishi Akebono here! ☆ Whether it's cooking or racing, I put a little bit of love into everything I do!",Rei Matsuzaki,https://myanimelist.net/people/11844/Rei_Matsuzaki,February 27,27,2,1992,Junior Division,Ritto Dormitory,,,180,Supersized,99,Left and right: 28.0cm,"Making sweets, sumo wrestling",Hot-pot control freaks,Can hear the faintest rumble of an empty stomach,Twirls around whenever she whisks ingredients,"Her father is a master chef, and her mother is a confectionary teacher",idle.png,face.png,
yukino-bijin,1029,Yukino Bijin,ユキノビジン,She's gonna be a real city girl! Just a hardwork'n girl from the country.,"My name's, uh, Yukino Bijin! My dream's to run in the Twinkly Series and shine like a real city girl! Whew... I think I managed t' say it all without mess'n up...",Nozomi Yamamoto,https://myanimelist.net/people/12490/Nozomi_Yamamoto,March 10,10,3,1990,Junior Division,Miho Dormitory,,,156,No change,80,Left and right: 22.5cm,"Making hot pot dishes, snowball fights",Hot weather,Has a collection of cutesy ear warmers,Currently trying out cheap and cheerful grooming goods,Her family's relieved she's retained her dialect even after moving to the big city,idle.png,face.png,
rice-shower,1030,Rice Shower,ライスシャワー,Bringer of misfortune? This racer pursues her dreams despite her dreary outlook.,"I'm Rice Shower... To be honest, all I ever do is cause bad things to happen, and... I'm really just no good... B-but I'm trying to be better!",Manaka Iwami,https://myanimelist.net/people/44317/Manaka_Iwami,March 5,5,3,1989,Senior Division,Miho Dormitory,,,145,No change,75,Left and right: 21.0cm,Drawing,"Others' misfortune, ghosts",Droop when she hears of other people's misfortune,She's mindful not to hit people with her tail,Her parents used to read her picture books as bedtime stories,idle.png,face.png,
ines-fujin,1031,Ines Fujin,アイネスフウジン,Bursting with energy! This girl works hard for her family.,Hello-lo! I'm Ines Fujin! I'm here to work hard and race harder to make my family proud!,Rika Nagae,https://myanimelist.net/people/43303/Rika_Nagae,April 10,10,4,1987,Senior Division,Miho Dormitory,,,167,A bit heavier than last time (too many protein bars?),88,Left: 24.0cm Right: 24.5cm,Quick and easy recipes,"Splurging, being asked for help (she can't say no)",Always react to the sound of children's voices,"Due to years of sibling antics, they no longer react to being grabbed",Her family has a rule to always hold hands when going out,idle.png,face.png,
agnes-tachyon,1032,Agnes Tachyon,アグネスタキオン,A mad scientist who fears no law. Weaknesses of the flesh can be overcome!,"I'm Agnes Tachyon. You wouldn't be interested in finding out just how fast an Umamusume can run, would you? I just so happen to be looking for a guinea pig...",Sumire Uesaka,https://myanimelist.net/people/14441/Sumire_Uesaka,April 13,13,4,1998,Senior Division,Ritto Dormitory,,,159,Refused measurement,83,Left and right: 22.5cm,"Research, eating sweets with tea","Research interruptions, bitter things","Never, ever touch her ears or forehead",The hairs stand on end when she gets an idea,The oddball of a famous racing family,idle.png,face.png,
admire-vega,1033,Admire Vega,アドマイヤベガ,The lone star that shines brightest. She carries the weight of her immense resolve.,"My name is Admire Vega... Now, may I please go? I have to train more—win more. So I can be the brightest star.",Hitomi Sasaki,https://myanimelist.net/people/42042/Hitomi_Sasaki,March 12,12,3,1996,Senior Division,Ritto Dormitory,,,157,No change,85,Left and right: 23.0cm,"Reading aloud, cold weather",Crowded places,"Twitch involuntarily when someone says ""sister""",She has a habit of holding her tail tightly while asleep,She prepares two birthday cakes every year,idle.png,face.png,
inari-one,1034,Inari One,イナリワン,You heard right! This Edo Uma is quick as lightning!,"Watch it, you're talkin' to Inari One! As I'm sure ya can see, I'm an Edo gal through and through—and I'm gonna be the biggest racer in the scene!",Haruno Inoue,https://myanimelist.net/people/28103/Haruno_Inoue,May 7,7,5,1984,Senior Division,Miho Dormitory,,,139,No change,85,Left and right: 19.0cm,Festival games,"Waiting in line, flattering others",Start to dance when they hear festival music,She insists on washing it with hot water even in the heat of summer,Her family decides who gets to bathe first with a game of menko,idle.png,face.png,
winning-ticket,1035,Winning Ticket,ウイニングチケット,Never hold back your feelings! This girl wears her heart on her sleeve.,"Hey, hey! My dream's always been to become a Derby Champion! OH, RIGHT! MY NAME! I'm Winning Ticket! Keep your eyes on me!",Yui Watanabe,https://myanimelist.net/people/11864/Yui_Watanabe,March 21,21,3,1990,Senior Division,Ritto Dormitory,,,157,No change,88,Left and right: 21.5cm,"Cheering on friends, feeling her feelings",Not going all out!,"Her best friend says ""Even the way her ears move is annoying""","Expresses her joy, anger, and even sorrow",Nothing gets in the way of her family's annual tradition of watching the Derby,idle.png,face.png,
air-shakur,1036,Air Shakur,エアシャカール,Always takes the logical approach! A brilliant but eccentric racer.,"The name's Air Shakur. The data always tells the true story, and I've got my simulations on point. Hope everyone's ready to get crushed by my logic.",Minami Tsuda,https://myanimelist.net/people/11492/Minami_Tsuda,February 26,26,2,1997,Senior Division,Ritto Dormitory,,,168,Could not be measured,77,Left: 26.0cm Right: 25.5cm,Programming,Cicadas,Stand straight up when she's deep in logical thought,Maintained at the perfect length and volume for running,Doesn't open any of the care packages her mother sends,idle.png,face.png,
eishin-flash,1037,Eishin Flash,エイシンフラッシュ,Everything she does is according to her plan. A solemn and diligent mädchen.,My name is Eishin Flash. I run to preserve Umamusume tradition. I always run right on schedule.,Ayami Fujino,https://myanimelist.net/people/51467/Ayami_Fujino,March 27,27,3,2007,Senior Division,Ritto Dormitory,,,160,No change (without even 1g of error),88,Left and right: 23.0cm,Recreating Art,Art (Excluding Recreations),Finds the sound of a metronome calming,She trims it to the most exact millimeter,They run a cake shop famous for its baumkuchen,idle.png,face.png,
curren-chan,1038,Curren Chan,カレンチャン,"A shining star of pure cuteness! I need lots of love and attention, okay?","Here comes Curren Chan, ready to make the whooole world a cuter place! ☆ Curren's the only girl you need to keep your eyes on! Okay? ♪",Yuu Sasahara,https://myanimelist.net/people/47327/Yuu_Sasahara,March 31,31,3,2007,Junior Division,Ritto Dormitory,,,155,Secret ♥,83,Left and right: 22.0cm,"Selfies, piano",Eating snacks with tea,"If she beckons you, it's because she wants to be spoiled",Ultra-soft and fluffy—almost captivatingly so,"They miss their daughter so much, they've applied for positions at Tracen Academy",idle.png,face.png,
kawakami-princess,1039,Kawakami Princess,カワカミプリンセス,She dreams of being a princess! A bold spitfire of an Umamusume.,"Ohoho! I am Kawakami Princess. That's right! A princess among princesses. I'm here to smash my opponents into the dirt. Gracefully, of course!",Karin Takahashi,https://myanimelist.net/people/26541/Karin_Takahashi,June 5,5,6,2003,Junior Division,Ritto Dormitory,,,154,"No change (well, obviously!)",91,Left and right: 21.5cm,Exterminating pests (by hand),Being wasteful,She's proud to have ears most fitting of a tiara,"Lovingly named ""Princess Tail""",Her parents knew to give her clothing that was durable as well as cute,idle.png,face.png,
gold-city,1040,Gold City,ゴールドシチー,A blunt racer and the gold standard in racing and beauty.,The name's Gold City. You better not think I'm just another pretty face. I'll let my running do my talking for me.,Saki Kosaka,,April 16,16,4,1984,Senior Division,Ritto Dormitory,,,158,Didn't show up for measurements,85,Left and right: 23.0cm,Model walk,Waking up early,Will win the struggle against her alarm clock someday,Involuntarily goes completely still when having her picture taken,Gets her flawless skin from her mom and her golden blonde hair from her dad,idle.png,face.png,
sakura-bakushin-o,1041,Sakura Bakushin O,サクラバクシンオー,This class representative's gone wild! Full Speed Bakushiiiin!,"Hello! I'm Sakura Bakushin O! As you can tell, I'm the model class representative AND Umamusume! BAKUSHIIIN!",Sachika Misawa,https://myanimelist.net/people/7337/Sachika_Misawa,April 14,14,4,1989,Senior Division,Miho Dormitory,,,158,No change,83,Left and right: 24.0cm,"Being needed, helping others",Anything requiring three or more steps,Only hear about half of what anyone says,Good luck grabbing it when she's in full-on Bakushin Mode,"Her family's motto is ""Compliments, compliments, and more compliments!""",idle.png,face.png,
seeking-the-pearl,1042,Seeking the Pearl,シーキングザパール,"She's taking on the whole world, ready to make the impossible look easy.","Hohoho! Seeking the Pearl here! You know the world's your oyster, don't you? I'm here to prove it!",Ayaka Fukuhara,https://myanimelist.net/people/22223/Ayaka_Fukuhara,April 16,16,4,1994,Senior Division,Ritto Dormitory,,,168,World-class perfection,91,Left and right: 24.5cm,"Pantomime, giving presentations",Gargling,"Can understand various words just by their aural ""feel""",Mastered calligraphy using her tail to showcase abroad,Her whole family has the same pair of sunglasses,idle.png,face.png,
shinko-windy,1043,Shinko Windy,シンコウウインディ,A total prankster! Watch out: she bites!,"Grawr! I'm Shinko Windy! Did I scare ya? Aw, come on! Admit it! Hey! I'm talking to you! Chomp!",Yuuki Takada,https://myanimelist.net/people/37047/Yuuki_Takada,April 14,14,4,1993,Senior Division,Miho Dormitory,,,152,No change,77,Left and right: 22.5cm,"Playing tricks, digging holes, climbing rooftops",Cotton candy,Gets twitchy-eared when coming up with a new prank,Sometimes has drool on it first thing in the morning,"Whenever a commercial for her dad's company comes on, the whole family sings the jingle",idle.png,face.png,
sweep-tosho,1044,Sweep Tosho,スイープトウショウ,A totally spoiled brat! She swears she'll be a witch someday!,Sweep Tosho is just an alias! My true identity is Magical Girl Sweepy! Don't make me cast a spell on you! Hey! Thunk!,Shiori Sugiura,https://myanimelist.net/people/39282/Shiori_Sugiura,May 9,9,5,2001,Junior Division,Ritto Dormitory,,,139,Refuses to be weighed,72,Left and right: 19.0cm,Guessing plant names (and sometimes making them up),Vehicles other than a broom,"To them, unknown words sound like some sort of spell",Treated like a toy by the black cat she tried to befriend,"Every time she calls her father, he starts crying before hanging up",idle.png,face.png,
super-creek,1045,Super Creek,スーパークリーク,"Motherly and kind, her presence is soothing.",Hehe. ♪ I'm Super Creek. I'll work hard to make everyone around me smile. Just leave it to me. ♪,Kana Yuuki,https://myanimelist.net/people/30613/Kana_Yuuki,May 27,27,5,1985,Senior Division,Ritto Dormitory,,,168,Slight increase (the reason is a secret),97,Left and right: 25.5cm,Taking care of others,Drawing,Likes cleaning out people's ears. Does not like having her ears cleaned,Great at calming children,Her family runs a daycare with a reputation for warmth,idle.png,face.png,
smart-falcon,1046,Smart Falcon,スマートファルコン,Leave the fanservice to her! Self-proclaimed future top Umadol.,"My name's Smart Falcon, but you can call me Falco! My dream is to become an Umadol! Just let me know if you want my autograph! ☆",Hitomi Oowada,https://myanimelist.net/people/27839/Hitomi_Oowada,April 4,4,4,2005,Senior Division,Ritto Dormitory,,,156,Slight decrease (on a tight budget),78,Left and right: 23.0cm,Remembering names and faces,Studying,Can hear every single one of her fans,She's mindful of how she sits so as not to mess up the hairs,Her hair ornament is the first idol costume part that her mother made,idle.png,face.png,
zenno-rob-roy,1047,Zenno Rob Roy,ゼンノロブロイ,"One day, she'll write her own epic tale. A voracious reader with a rich imagination.","My name is Zenno Rob Roy. It's a little embarrassing, but I love fantasy novels, and... well, someday I hope to write my own legend through racing!",Haruka Terui,https://myanimelist.net/people/14161/Haruka_Terui,March 27,27,3,2000,Junior Division,Miho Dormitory,,,140,No change,89,Left and right: 21.0cm,Giving very precise directions to places,"Humidity, goats",Bend backwards as a story's climax approaches,Gets nervous in crowds and doesn't move her tail an inch,Her parents can talk about the latest household appliances from sunup to sundown,idle.png,face.png,
tosen-jordan,1048,Tosen Jordan,トーセンジョーダン,You'll never catch her looking basic! Modern and stylish! ☆,"Name's Tosen Jordan. My dream is... you know, intros aren't really my thing, so let's skip it. Nice to meecha. ☆ Anyway, check out my nails! Nice, huh?",Eri Suzuki,https://myanimelist.net/people/29651/Eri_Suzuki,February 4,4,2,2006,Senior Division,Ritto Dormitory,,,157,No comment,82,Left: 23.0cm Right: 22.5cm,"Doing nails, basketball","Health food, grapes with seeds",She wants to popularize selfies with both ears folded up,She always worries whether she missed any split ends,She has many memories of being scolded to eat her vegetables first,idle.png,face.png,
nakayama-festa,1049,Nakayama Festa,ナカヤマフェスタ,The ultimate high roller. Lives on the edge and isn't afraid to skirt the law.,"The name's Nakayama Festa. I need a lot more than a lukewarm race to thrill me, get it? It's gotta be something hotter—hot enough to burn!",Shino Shimoji,https://myanimelist.net/people/29957/Shino_Shimoji,April 5,5,4,2006,Senior Division,Miho Dormitory,,,159,No impediment to racing,78,Left and right: 24.0cm,Looking after plants and small animals,Dried cuttlefish,Cuts and sews her own ear holes for hats,Uses her tail to bluff when making bets,The entire family tosses and turns in their sleep,idle.png,face.png,
narita-taishin,1050,Narita Taishin,ナリタタイシン,Cool and matter-of-fact! Her slight frame gives her an unexpected advantage.,The name's Narita Taishin. I'm in this to make all the people who doubted me look stupid. Now leave me alone.,Keiko Watanabe,https://myanimelist.net/people/34971/Keiko_Watanabe,June 10,10,6,1990,Senior Division,Ritto Dormitory,,,145,Refused measurement,69,Left and right: 20.5cm,"Games, housework",Crowds,Only pay attention to topics she's interested in,"Unless you're a friend, touching it will earn you a swift kick",There's a rumor that a BNW mom group is about to form,idle.png,face.png,
nishino-flower,1051,Nishino Flower,ニシノフラワー,Her smile brightens the room. She's a very thoughtful and kind Umamusume.,Hello. My name is Nishino Flower. My dream is to become the kind of Umamusume that everyone can depend on!,Haruna Kawai,,April 19,19,4,1989,Junior Division,Ritto Dormitory,,,135,No change,67,Left and right: 18.5cm,"Housework, gardening",Carbonated drinks,Known to be comforting to those who touch them,Smells like the sun and the flowers from each season,Still treasures the watering can her parents gave her,idle.png,face.png,
haru-urara,1052,Haru Urara,ハルウララ,"No matter how many times she falls, this girl always picks herself back up!","I'm Haru Urara! I like carrots! Oh, and running too! ♪ I'm always working my hardest to take first place!",Yukina Shutou,https://myanimelist.net/people/47985/Yukina_Shutou,February 27,27,2,1996,Junior Division,Ritto Dormitory,,,140,Slight increase (but not a big deal),74,Left and right: 20.0cm,Working as hard as possible,Difficult kanji,Big words go in one ear and out the other,She used to think spinning it would make her run faster,She likes her mom's carrot rice the best,idle.png,face.png,
bamboo-memory,1053,Bamboo Memory,バンブーメモリー,Lookin' for some real competition! The hot-blooded disciplinary committee chair.,"Hey, sup! I'm Bamboo Memory. I'm just as tough running the race track as I am running the disciplinary committee, so watch out!",Kotomi Aihara,https://myanimelist.net/people/42445/Kotomi_Aihara,May 14,14,5,1985,Senior Division,Ritto Dormitory,,,157,No change,77,Left: 22.5cm Right: 23.0cm,"Rising and sleeping early, making swift decisions!",Chewing thoroughly before swallowing,Nearly flop down when removing her hachimaki,Does tail workouts every day,"Her father, extremely passionate about athletics, is her teacher and origin as an athlete",idle.png,face.png,
biko-pegasus,1054,Biko Pegasus,ビコーペガサス,The flames of justice burn bright in her heart! Feel the heat of this hero!,"Never fear! Biko Pegasus, defender of justice, is here! I leave my enemies in the dust with my blazing speed! I'm the true people's champion, putting a smile on every person's face!",Aimi Tanaka,https://myanimelist.net/people/34525/Aimi_Tanaka,February 8,8,2,1991,Junior Division,Ritto Dormitory,,,144,Slight increase (eating lots to grow big!),72,Left and right: 19.5cm,Climbing trees,Eating a lot (without realizing it),Always react to cries for help,Often gets stepped on when she strikes a hero pose,Sunday mornings are tokusatsu time for the whole family!,idle.png,face.png,
marvelous-sunday,1055,Marvelous Sunday,マーベラスサンデー,Marvelous! She'll change the world with her unbeatable spirit!,"Hey, hey! It's Marvelous Sunday! I hope you'll join me on my mission to make the world just a little more marvelous wherever I go!",Marie Miyake,https://myanimelist.net/people/12588/Marie_Miyake,May 31,31,5,1992,Junior Division,Ritto Dormitory,,,145,Marvelous!,87,Left and right: 22.0cm,Listening to many people at once,Coffee and tea,Can distinguish between various marvelous sounds ☆,Her tail's an antenna for seeking out marvelous finds ☆,Has a close relationship with her grandmother; they go autumn leaf viewing together,idle.png,face.png,
matikanefukukitaru,1056,Matikanefukukitaru,マチカネフクキタル,Fortune be with me! This charm-tastic Umamusume loves fortune-telling.,Greetings! They call me Matikanefukukitaru! My unwavering faith in the great Shiraoki will bring abundant blessings into our lives. Available for divination day and night!,Hiyori Nitta,https://myanimelist.net/people/32589/Hiyori_Nitta,May 22,22,5,1994,Senior Division,Ritto Dormitory,,,158,Slight decrease because today is an unlucky day,84,Left and right: 23.5cm,Fortune-telling,Unlucky things,Sometimes used as directional fortune-telling,Completely stops moving when she's fortune-telling,The talented older sister admires her little sister's bright personality,idle.png,face.png,
mr-cb,1057,Mr. C.B.,ミスターシービー,"Cheerful and free-spirited, nothing can hold her down!","There's a wind you'll only find while racing. It's a gentle tailwind, calm and true to itself. By the way, the name's Mr. C.B.—it's a pleasure.",Yurina Amami,https://myanimelist.net/people/50827/Yurina_Amami,April 7,7,4,1980,Senior Division,Lives alone,,,166,No change,84,Left and right: 25.0cm,"Writing poetry, meandering travels, poker","Standing in a line, lies and flimsy excuses",Can touch her ears with her feet,Switches between different tail care treatments,Her parents pretty much eloped instead of having a wedding ceremony,idle.png,face.png,
meisho-doto,1058,Meisho Doto,メイショウドトウ,"In order to change her outlook and herself, this pessimist gives it her all.","Hi! I-I'm Meisho Doto. I, uh... I... I hope someday I can have the confidence to... Uh... I e-endeavor to... Oh, d-dang, I keep tripping up...",Misaki Watada,https://myanimelist.net/people/40393/Misaki_Watada,March 25,25,3,1996,Junior Division,Ritto Dormitory,,,164,Very slight increase,99,Left and right: 25.0cm,"Staying positive, enka",Tongue twisters,Often tremble slightly,Gets tangled often because she fidgets with it when she worries,"As a family that's had to travel and move for work a lot, they're are all skilled in languages",idle.png,face.png,
mejiro-dober,1059,Mejiro Dober,メジロドーベル,She wants to change! This Umamusume bears the scars of her past.,"Yes, hello. I'm Mejiro Dober. I... plan to race in a way worthy of the Mejiro name.",Hikari Kubota,https://myanimelist.net/people/53673/Hikari_Kubota,May 6,6,5,1994,Senior Division,Miho Dormitory,,,157,No change,83,Left and right: 22.0cm,Knowledgeable about tea brands,"Men, thunder",She tenses up at the sound of a man's voice,"Rather than luxury brands, she prefers accessories that best match her hair","Her father laments being banned from calling her ""Berry""",idle.png,face.png,
nice-nature,1060,Nice Nature,ナイスネイチャ,Don't expect much from her. This Umamusume is super cynical.,"Hey. I'm Nice Nature. Haha, truth is, I don't really live up to people's expectations of me, but... that's cool too, you know? I prefer to take it easy.",Kaori Maeda,https://myanimelist.net/people/48147/Kaori_Maeda,April 16,16,4,1988,Junior Division,Ritto Dormitory,,,157,No change,79,Left and right: 22.0cm,"Table tennis, finding new snacks",Social media,"Always jerk a little anytime she hears ""Natie""",She secretly brushes it late at night,Articles about her are displayed on the walls of her family's bar,idle.png,face.png,
king-halo,1061,King Halo,キングヘイロー,Extremely haughty. Her pride extends to the heavens!,"Ohoho! My name is King Halo. As a first-rate competitor, you can naturally expect great things from me. Rest assured, King Halo will be a household name soon enough.",Iori Saeki,https://myanimelist.net/people/49619/Iori_Saeki,April 28,28,4,1995,Junior Division,Ritto Dormitory,,,159,Perfect,85,Left and right: 23.0cm,Design and fashion,"Things unsuitable for a king, such as crowds and heat",Uninterested in hearing anything that isn't first-rate,Even her tail movements are first-rate,"Her mother is terrible at housework, so they have a full-time maid",idle.png,face.png,
matikanetannhauser,1062,Matikanetannhauser,マチカネタンホイザ,This unpolished gem is loved by all. Today's her day!,"Hi, hi, Matikanetannhauser here. I need to train as hard as I can to make sure I don't lose... Huh? Wait, there's no training today?!",Hikaru Toono,https://myanimelist.net/people/48506/Hikaru_Toono,May 7,7,5,1989,Junior Division,Ritto Dormitory,,,155,Slightly up (feeling snackish),80,Left: 24.5cm Right: 25.5cm,"Tug-of-wars, giving romance tips (she says)","Real spiders, tomato juice",Able to hear distinct sounds even in noisy environments,Always ends up slanted when she cuts it herself,A big banner is strung up across her family's restaurant when she visits home,idle.png,face.png,
ikuno-dictus,1063,Ikuno Dictus,イクノディクタス,Control freak. A skilled Umamusume who can adapt to anything.,Well met. I am Ikuno Dictus. Allow me to meet all of your management needs with my iron will.,Masumi Tazawa,https://myanimelist.net/people/29653/Masumi_Tazawa,April 16,16,4,1987,Junior Division,Ritto Dormitory,,,163,Perfect form,75,Left and right: 23.0cm,"Earning perfect attendance awards, splitting disposable chopsticks cleanly","Betting, taking selfies",The fur is always groomed evenly on both sides,Sometimes used in place of a pointer,She is always put in charge of leading family meetings,idle.png,face.png,
mejiro-palmer,1064,Mejiro Palmer,メジロパーマー,Let's have a good time! This Umamusume is upbeat and always there for friends.,"I'm Mejiro Palmer! How ya doing? I'm always around if you need me, so don't be shy! ♪",Yuri Noguchi,https://myanimelist.net/people/36811/Yuri_Noguchi,March 21,21,3,1987,Senior Division,Ritto Dormitory,,,160,Slightly down,84,Left and right: 24.0cm,"Golf, digging holes",Hurdles,Can sense wind speed and direction,Has a tendency to tickle people's legs,"Her father taught her how to golf, but her handicap is now lower than his",idle.png,face.png,
daitaku-helios,1065,Daitaku Helios,ダイタクヘリオス,"Good vibes only! For real, for real! No cap! ☆ Who's ready to party? This racer!",Wahey! Daitaku Helios in the hooouse! My running will have you vibing in no time! Now let me hear you shout! ☆,Aya Yamane,https://myanimelist.net/people/50037/Aya_Yamane,April 10,10,4,1987,Senior Division,Ritto Dormitory,,,156,Wahey!,82,Left and right: 23.5cm,"Outta this world at Old Maid, hype-inducing Umastagram filter expert","Silence is sooo hard, but speaking formally is waaay harder",They move around a ton on sunny days lol,She and her friends make a heart shape with their tails when taking pics,My parents always fall for it when I play dead haha,idle.png,face.png,
twin-turbo,1066,Twin Turbo,ツインターボ,Turbo boost! This wild charger knows no limits!,Twin Turbo here about to take first place! Let's go! Turbo booost!,Miharu Hanai,https://myanimelist.net/people/44312/Miharu_Hanai,April 13,13,4,1988,Junior Division,Miho Dormitory,,,146,Unweighable,72,Left: 20.0cm Right: 19.5cm,Busting through any and all limits,Japanese kanji,Twitch with joy the more she's backed into a corner,"Lacking composure, her tail constantly moves to and fro","After seeing their daughter struggle with a weak constitution, they think of her going overboard as a sign of growth",idle.png,face.png,
satono-diamond,1067,Satono Diamond,サトノダイヤモンド,Possesses a will harder than diamonds! She can handle any jinx!,My name is Satono Diamond. There's no such thing as fate. I intend to race my way into a bright shining future of my own making!,Hina Tachibana,https://myanimelist.net/people/49788/Hina_Tachibana,January 30,30,1,2013,Junior Division,Ritto Dormitory,,,158,"Same as before, okay?",87,Left and right: 21.0cm,"Never forgetting plans, claw machines","Rain, walking through crowds",Always have a glossy sheen to them,Perfect to the touch (according to Kitasan Black),Her father is a prominent businessman known for his philanthropic contributions to the racing world,idle.png,face.png,
kitasan-black,1068,Kitasan Black,キタサンブラック,Her smile brightens the room. A festival-loving bucket of sunshine.,I'm Kitasan Black. I always do my best to create a festive atmosphere that everyone can enjoy when I race!,Hinaki Yano,https://myanimelist.net/people/49423/Hinaki_Yano,March 10,10,3,2012,Junior Division,Ritto Dormitory,,,162,I'm a growing Uma!,85,Left and right: 23.0cm,Giving massages,Turning a blind eye,Excellent sense of pitch,Even her tail can carry a heavy weight,"Including her father's pupils, her family home houses thirty people",idle.png,face.png,
sakura-chiyono-o,1069,Sakura Chiyono O,サクラチヨノオー,Follow your dreams! This Umamusume is honest and hardworking.,I-I'm Sakura Chiyono O! My dream is to stand on the same stage as my hero! And I will make my dreams blossom!,Ruriko Noguchi,https://myanimelist.net/people/41974/Ruriko_Noguchi,February 19,19,2,1985,Senior Division,Miho Dormitory,,,156,Slightly down,80,Left and right: 22.0cm,"Making Japanese sweets, straightening up","Cars, planes, etc. (motion sickness)",Quiver whenever she thinks of a good saying or proverb,She treats it with the same oil that Maruzensky uses,Her family often eats dinner around a big hot pot,idle.png,face.png,
sirius-symboli,1070,Sirius Symboli,シリウスシンボリ,She's gonna be the biggest star in the world! A charismatic Umamusume of great ambitions.,"Sirius Symboli, ready to go! There's no room for complaining in a race. Just keep silent and watch—I'm gonna win and prove that I'm the greatest in the world.",Ai Fairouz,https://myanimelist.net/people/49011/Ai_Fairouz,March 26,26,3,1982,Senior Division,Miho Dormitory,,,167,Couldn't care less,89,Left and right: 25.0cm,"Savate, training dogs","Meaningless small talk, flattery, puns",Needs earplugs to sleep,Makes a disheveled mess of her tail when irritated,Her father insisted on her home tutors changing daily,idle.png,face.png,
mejiro-ardan,1071,Mejiro Ardan,メジロアルダン,"She wants to shine bright, no matter how briefly! This well-to-do girl has legs of glass.","A pleasure. I'm Mejiro Ardan. My legs may be fragile, but I want to shine brightly on the track, even if only for a moment.",Saya Aizawa,https://myanimelist.net/people/46861/Saya_Aizawa,March 28,28,3,1985,Senior Division,Miho Dormitory,,,162,It's a secret ♪,87,Left and right: 22.5cm,Wrapping the perfect bandage,"Fighting, arguing, cherries",Flip down at the sound of glass breaking,Loves to use custom-made organic treatments,Her mother wants to invite all her academy friends to visit,idle.png,face.png,
yaeno-muteki,1072,Yaeno Muteki,ヤエノムテキ,She runs with the dignity of a warrior. This Umamusume is rough and rugged.,"I am Yaeno Muteki. As a student of the Kongo Yaegaki style, I am always in search of honorable opponents with whom to race. Let us fight fair and square!",Ayumi Hinohara,,April 11,11,4,1985,Senior Division,Ritto Dormitory,,,159,No change,78,Left and right: 24.0cm,"Sewing, wiping floors","Kneeling, eating on the street",Turn ever so slightly red upon hearing a cute voice,Strong enough to knock down incoming projectiles,Always gives her grandfather a shoulder massage when she visits home,idle.png,face.png,
tsurumaru-tsuyoshi,1073,Tsurumaru Tsuyoshi,ツルマルツヨシ,Dreams of the Triple Crown! Always gives 110%! Knows no limits!,"Tsurumaru Tsuyoshi here! I've always dreamed of winning the Triple Crown, and now I'm going all out to—cough, cough! I-I'm all right, just choked on air. Really, never felt better!",Yoshino Aoyama,https://myanimelist.net/people/24269/Yoshino_Aoyama,April 6,6,4,1995,Junior Division,Ritto Dormitory,,,160,Gaining weight,85,Left and right: 22.5cm,Creating original smoothie recipes,"The smell of pain-relief patches, low-pressure systems, ""strict bed rest""",Flutter happily when someone relies on her,"Has to be dried right after washing, or she'll catch a cold",Her family often sends her fruit,idle.png,face.png,
mejiro-bright,1074,Mejiro Bright,メジロブライト,Hard determination wins at a slow pace! A lady of leisure.,"...Oh? Is it time for self-introductions already? Teehee! My name is Mejiro Bright, and I will strive to live up to the Mejiro family name.",Ayaka Oonishi,,April 19,19,4,1994,Senior Division,Ritto Dormitory,,,157,Gained a bit of weight (I did eat a lot!),84,Left and right: 23.0cm,Making doll clothes,Eating ice cream before it melts,A good ear cleaning puts her right to sleep,Doesn't bother her when she's sitting on it,"When the holidays roll around, her entire family is there to welcome her home",idle.png,face.png,
daring-tact,1075,Daring Tact,デアリングタクト,A pure-hearted child of the great outdoors.,"I'm Daring Tact. My hometown raised me with warmth and discipline, so for its sake... I dream of becoming an Umamusume who goes down in history!",Hina Youmiya,https://myanimelist.net/people/53824/Hina_Youmiya,April 15,15,4,2017,Junior Division,Ritto Dormitory,,,158,???,80,,,,,,,idle.png,face.png,
sakura-laurel,1076,Sakura Laurel,サクラローレル,"Calm yet persistent. Winter passes, the sakura bloom.","My name is Sakura Laurel, and I'm aiming for the top. In other words, the Prix de l'Arc de Triomphe! Hehe, while it may be just a dream for now, someday... I'll make sure it comes true.",Mizuki Mano,,May 8,8,5,1991,Senior Division,Miho Dormitory,,,162,No problem!,78,Left and right: 23.0cm,Eating salad like it's wanko soba,The moment the plane takes off (everything else is fine),Her spine and ears straighten when she hears a trumpet,"Has a very fluffy tail, same as her mother",Learned how to make omelets and galettes directly from her father,idle.png,face.png,
narita-top-road,1077,Narita Top Road,ナリタトップロード,An energetic honor student! ...But also kind of a supporting character?,"Hi, I'm Narita Top Road! I'm so thankful to all the people rooting for me. I'll do everything I can to make them proud!",Kanna Nakamura,https://myanimelist.net/people/56917/Kanna_Nakamura,April 4,4,4,1996,Senior Division,Ritto Dormitory,,,166,Ideal,86,Left: 26.5cm Right: 26.0cm,"Ultra-long soccer passes, making vocabulary flashcards","Cats, crows",She has worked as an ear model,She worries about it fluffing out slightly in humid weather,"She inherited her fierce, angry glare from her father",idle.png,face.png,
yamanin-zephyr,1078,Yamanin Zephyr,ヤマニンゼファー,"Though she be gentle as a zephyr, in her soul howls a gale.",I'm Yamanin Zephyr... My goal is to be like the wind... running faster and more freely than anything. That's what I aspire to be.,Riona Imaizumi,https://myanimelist.net/people/60072/Riona_Imaizumi,May 27,27,5,1988,Junior Division,Miho Dormitory,,,154,Light as the wind,85,Left and right: 22.0cm,"Wind instruments, flying kites, song and dance improv",AC units,Butterflies and small creatures like perching on them,Prefers to let it dry naturally,Her house back home is famous for being a whimsical dwelling for fairies,idle.png,face.png,
furioso,1079,Furioso,フリオーソ,Her love for Funabashi never wavers. A quiet exchange student from the regional circuit.,I'm Furioso. I don't represent the central circuit. I'm a special exchange student from Funabashi. I will show you... the strength of Funabashi.,Aki Sairenji,https://myanimelist.net/people/46867/Aki_Sairenji,May 1,1,5,2004,Senior Division,Lives alone,,,161,Right on target,81,Left: 24.5cm Right: 24.0cm,Guided tours of Funabashi (with a homemade map),Jellyfish,Sway happily at the sound of waves or the touch of a sea breeze,Slaps her leg to snap herself out of it whenever she feels herself being won over,Every birthday cake in her family is a pear tart,idle.png,face.png,
transcend,1080,Transcend,トランセンド,Craving chills and thrills! An info broker chasing the unknown.,"So yeah, nice to meet ya, Trainer♪ Let's go find something that'll give us chills and thrills!",Yui Tsukada,,March 9,9,3,2006,Senior Division,Ritto Dormitory,,,164,Classified,86,Left and right: 25.5cm,"Video editing, chopstick skills, cat's cradle","Predictable outcomes, bubble gum",Razor-sharp hearing!,Often ends up as a test subject for new tail-care products,She deliberately does not follow her parents on social media,idle.png,face.png,
espoir-city,1081,Espoir City,エスポワールシチー,Don't underestimate me! A yappy girl in her rebellious phase.,I'm Espoir City! Bring on any race! I'll run every last one of 'em ragged... Hey! Who said you could pet me?!,Asaka,https://myanimelist.net/people/41872/Asaka,April 22,22,4,2005,Senior Division,Ritto Dormitory,,,153,Like I'd tell you!,79,Left and right: 23.0cm,"Tidying her room, dice stacking","Personality tests, static electricity",It took her a month to work up the courage to get her first piercing,Gets a quick brush with Rickey's comb ※Brings good luck☆,Her family is the loudest cheering section at her younger brother's sports days,idle.png,face.png,
north-flight,1082,North Flight,ノースフライト,Radiance is something you hone! A dazzling fashionista.,"Hi, I'm North Flight! My outfits, makeup, accessories, and tireless effort all make me shine. Take a good look!",Maria Sashide,https://myanimelist.net/people/44059/Maria_Sashide,April 12,12,4,1990,Senior Division,Ritto Dormitory,,,156,Still growing,82,Left and right: 24.5cm,"Coordinating outfits, yoga, the card game Concentration",Foot massages,She carefully massages her ears to improve circulation,Can be styled in several different ways,"Her whole family is close with ""Big Sis""",idle.png,face.png,
symboli-kris-s,1083,Symboli Kris S,シンボリクリスエス,Overseas-born. Taciturn. Mission-driven.,"...Symboli Kris S here. I owe the Symboli family a debt. As one of its members, I will fulfill both my own goals and carry out the missions I'm given.",Meiku Harukawa,https://myanimelist.net/people/61691/Meiku_Harukawa,January 21,21,1,1999,Senior Division,Miho Dormitory,,,170,Overwhelming,91,Left and right: 27.5cm,Making protein drinks,Walking around barefoot,Keeps Umamusume with similar ears in her sights,Scrubs it thoroughly with a special shampoo,The entire family drinks black coffee for breakfast,idle.png,face.png,
tanino-gimlet,1084,Tanino Gimlet,タニノギムレット,Let my aesthetic overwhelm you! The embodiment of aesthetically divine destruction.,"The name's Tanino Gimlet! I'm here to find the most ideal version of myself. Life's too short to live as a pale imitation! So kick down the walls, smash them to pieces, and run for Valhalla!",Misato Matsuoka,https://myanimelist.net/people/50192/Misato_Matsuoka,May 4,4,5,1999,Senior Division,Ritto Dormitory,,,166,Perfect,77,Left: 24.5cm Right: 24.0cm,"Mythology, philosophy, pronouncing ""v"" words, DIY","Following established plans, soft-boiled eggs, apples",Who can sing my praises better than I? (Ignoring the interviewer),Fight preconception! Raise the nation! (Trying to smash a fence with her tail),The nameplate in front of their house is made from recycled bits of destroyed fence (Mom's handiwork),idle.png,face.png,
daiichi-ruby,1085,Daiichi Ruby,ダイイチルビー,Victory is an inevitability with this scion of a glorious house.,"Greetings. I am Daiichi Ruby. To be ever supreme is the duty of our house. With this calling as my guide, I shall go forth, undaunted.",Karin Isobe,https://myanimelist.net/people/37014/Karin_Isobe,April 15,15,4,1987,Senior Division,Ritto Dormitory,,,141,Making splendid progress,77,Left: 19.0cm Right: 18.5cm,"Writing with a fountain pen, chess","Sun-showers, clothes that don't fit",Sometimes perk up when she hears music,The ends curl naturally into a noble style,Has photos of her mother and grandmother up in her room,idle.png,face.png,
mejiro-ramonu,1086,Mejiro Ramonu,メジロラモーヌ,"A bewitching flower with an unconditional love for racing, blooming in outstanding heights.","You wish to know about me? Then step onto the turf. There, you will learn all there is to know about Mejiro Ramonu.",Nao Touyama,https://myanimelist.net/people/11184/Nao_Touyama,April 9,9,4,1983,Senior Division,Miho Dormitory,,,165,Enviably ideal,87,Left and right: 24.0cm,"Oil painting, yoga, being photographed","Artificial flowers, microwaves",She gets massages all the way to the tips of her ears,Always smooth and streamlined,The wintersweet planted in their garden is a family favorite,idle.png,face.png,
aston-machan,1087,Aston Machan,アストンマーチャン,Up-and-coming mascot. An ephemeral mystery.,"I'm Machan. Aston Machan. One day, I'll be a mascot worthy of the world, so keep your eyes steady on me.",Honoka Inoue,https://myanimelist.net/people/42268/Honoka_Inoue,March 5,5,3,2004,Junior Division,Ritto Dormitory,,,152,??? carrots' worth,86,Left and right: 22.0cm,"Observing the natural world, darts",Whistling,Loses earrings often; this is her ninth one,Looking for a style that'll look cute when her mascot goods are mass-produced,It was her job to carry her napping mother from the sofa to the bed,idle.png,face.png,
satono-crown,1088,Satono Crown,サトノクラウン,"The turf's magician! A reliable, elite big-sister type.",I'm Satono Crown. I will bring glory to Satono. I'll prepare for every possibility and turn even adversity into strength to make that happen! You can count on me!,Sayumi Suzushiro,https://myanimelist.net/people/48122/Sayumi_Suzushiro,March 10,10,3,2012,Junior Division,Miho Dormitory,,,163,That's a secret,82,Left and right: 24.0cm,"Magic tricks (especially large-scale ones), multitasking","Midsummer sun, days off with no plans",Tend to pin back tightly at crucial moments,She orders the same products used at Satono-affiliated hotels,Her family shares even the little details of their day over social media,idle.png,face.png,
cheval-grand,1089,Cheval Grand,シュヴァルグラン,A shy heart harboring ambition. Her goal: becoming a great Umamusume.,"...I'm Cheval Grand. Um... I know I'm being presumptuous. But someday, I-I'll be great... No. I'll do my best.",Natsuyoshi Yuuko,https://myanimelist.net/people/49032/Yuuko_Natsuyoshi,March 14,14,3,2012,Junior Division,Ritto Dormitory,,,160,Stability: Good,85,Left and right: 24.0cm,"Saltwater fishing, baseball, passing time alone","Self-introductions, weight management",She takes off her hat and lets her ears catch the breeze when alone,Her younger sister often used to braid it without asking,Her family takes turns choosing the destination for trips abroad,idle.png,face.png,
verxina,1090,Verxina,ヴィルシーナ,"Onward to her rightful place as ""Queen."" A strong-willed celebrity Umamusume.","I'm Verxina. Until the day I overcome every obstacle and become queen, I refuse to give in.",Kaya Okuno,https://myanimelist.net/people/24267/Kaya_Okuno,March 5,5,3,2009,Junior Division,Ritto Dormitory,,,158,Precise,83,Left and right: 23.5cm,"Kickboxing, baseball, back handsprings","Silver dragées, hard-boiled eggs",She can tell which family member threw the ball just from the sound of the catch,Her mother often brushed it for her when she was little,Family heart-to-hearts tend to happen while playing catch,idle.png,face.png,
vivlos,1091,Vivlos,ヴィブロス,"A natural at winning affection, with dreams beyond the distant seas.","I'm Vivlos! Someday, I'm definitely gonna race like a celeb in dazzling Dubai♪ Let's go together! I've already decided you're coming♪",Ayasa Itou,https://myanimelist.net/people/23997/Ayasa_Itou,April 9,9,4,2013,Junior Division,Ritto Dormitory,,,156,Steadily on the low side,81,Left: 22.5cm Right: 22.0cm,"Handling the cold, baseball, playing celebrity make-believe","Noise, cleaning",Flutter involuntarily when she wants to be pampered,She uses conditioner favored by celebrities,Dad's hamburger steaks are a must when the whole family gets together,idle.png,face.png,
dantsu-flame,1092,Dantsu Flame,ダンツフレーム,Kind to a fault! An adorably round girl who's always swept along.,"I'm Dantsu Flame. Come on, no fighting. How about we grab something sweet and do our best?",Haruna Fukushima,https://myanimelist.net/people/72265/Haruna_Fukushima,April 19,19,4,1998,Senior Division,Ritto Dormitory,,,163,Not confident,90,Left and right: 24.5cm,Noticing hairstyle changes (100% accuracy),Choosing clothes for herself,She spent three days choosing the color of her ear cover,Bobs up and down while she listens to ghost stories,Everyone in her family packs for a move at professional speed,idle.png,face.png,
ksmiracle,1093,K.S.Miracle,ケイエスミラクル,"From kindness, miracles are born. A kindhearted, calm Umamusume.","...I'm K.S.Miracle. I vow to bring forth a miracle, for everyone who gave me the opportunity to live.",Hinata Satou,https://myanimelist.net/people/30917/Hinata_Satou,March 16,16,3,1988,Senior Division,Ritto Dormitory,,,156,Slim,79,Left: 22.5cm Right: 22.0cm,"Giving directions, playing music by ear","Overly strong flavors, the sound of sirens",Sway just a little when she hears laughter,Smells like soap,She gets a little more talkative when speaking with her parents,idle.png,face.png,
jungle-pocket,1094,Jungle Pocket,ジャングルポケット,Full speed ahead to the very top! A delinquent graced with flawless charisma.,"I'm Jungle Pocket. If it's a race you want, it's a race you'll get. Not that you'll be taking the top spot from me anytime soon.",Yuri Fujimoto,,May 7,7,5,1998,Senior Division,Ritto Dormitory,,,158,Dunno,77,Left: 24.0cm Right: 23.0cm,"Leading team huddles, climbing trees, kicking off karaoke!","Sentimental stories, mint candies",Small birds occasionally perch on them for some reason,Tends to wag wildly around Fuji Kiseki,She cannot accept that her older brother is surprisingly popular,idle.png,face.png,
believe,1095,Believe,ビリーヴ,"Being the ""fastest"" is the pinnacle of her craft. An unyielding Umamusume and master of her trade.",I'm Believe. I intend to do good work. ...I look forward to working with you.,秋山実咲,,April 26,26,4,1998,Senior Division,Ritto Dormitory,,,156,Solid form,72,Left and right: 23.0cm,"Threading needles, belaying",Stories where something sad happens to a dog,She also relies on sound when mixing mortar,Her grooming brush is a master artisan's little-known masterpiece,Her grandparents' house still has height marks on one of its pillars,idle.png,face.png,
no-reason,1096,No Reason,ノーリーズン,"All under heaven, united! No reason needed to chase a dream.","Nya-ha-ha! I am none other than No Reason! I will stop at nothing to rule all under heaven. Now, let the uprising begin!",Hiyori Kouno,https://myanimelist.net/people/46817/Hiyori_Kouno,June 4,4,6,1999,Senior Division,Ritto Dormitory,,,160,A little out of shape?,80,Left and right: 24.0cm,"Appraising tea utensils, reading Classical Chinese","Super-thin pillows, the scent of flower nectar",She orders helmets made to fit the shape of her ears,She likes washing it with carbonated shampoo,Her father even beats a war drum at home to cheer her on during races,idle.png,face.png,
still-in-love,1097,Still in Love,スティルインラブ,Torn between reason and instinct. A bewitching lady with an unquenched thirst.,"I'm Still in Love... I... No. There is nothing in particular worth saying about me... Only, yes... things that must remain secret...",Saki Miyashita,https://myanimelist.net/people/47669/Saki_Miyashita,May 2,2,5,2000,Junior Division,Ritto Dormitory,,,153,Alluring,72,Left and right: 23.0cm,"Bobbin lace, making jam from red fruit","Large full-length mirrors, strongly scented foods, full moons",Point unwaveringly toward her Trainer,"Gives off a faint, pleasant scent when it sways",She often discusses history with her father,idle.png,face.png,
copano-rickey,1098,Copano Rickey,コパノリッキー,Rickey ☆ Lucky ☆ Super sweet feng shui guru ☆,"Rickey! ☆ Lucky! ☆ Great omens abound! ☆ I'm Copano Rickey, and with the power of feng shui, I'll make you happy! ♪",Konomi Inagaki,https://myanimelist.net/people/57409/Konomi_Inagaki,March 24,24,3,2010,Junior Division,Ritto Dormitory,,,165,That's a secret ☆,83,Left and right: 25.0cm,"Cleaning, decluttering, taking care of plants",Dusty places,Her dad made her ear covers,Flutters in that day's lucky direction,"Has many siblings, so the house is always lively ☆",idle.png,face.png,
hokko-tarumae,1099,Hokko Tarumae,ホッコータルマエ,Running to represent Tomakomai is the grounded hometown idol.,"From the northern port she flies, a migratory bird on white paper wings. ♪ Hokko Tarumae, local idol and pride of Tomakomai at yer service! Hmm... Maybe I should try making it rhyme?",Sayaka Kikuchi,https://myanimelist.net/people/51506/Sayaka_Kikuchi,May 26,26,5,2009,Junior Division,Ritto Dormitory,,,162,No change,86,Left and right: 24.5cm,"Acing quizzes on Tomakomai, mountain climbing","Relying on luck, riding boats",Never forgets to accessorize,"Moves even more when she's in ""local idol mode""",The care packages she receives always include cherished hometown sweets from Tomakomai,idle.png,face.png,
wonder-acute,1100,Wonder Acute,ワンダーアキュート,Slow and steady wins the race. An Umamusume with a backbone of steel.,"I'm Wonder Acute. I may take my sweet time, but I'll get there with slow and steady perseverance. It's lovely to meet you, dearie.",Kanoko Sudo,,March 14,14,3,2006,Senior Division,Ritto Dormitory,,,159,Wandering all over,75,Left and right: 24.5cm,"Beadwork, cutting daikon radishes into fanciful shapes","Reading newfangled Western terms, hi-tech gadgets",React to the ringing of a gong,Dexterously avoids contact with nearby objects,"Within their family, her mother is the most laid-back",idle.png,face.png,
samson-big,1101,Samson Big,サムソンビッグ,Her dreams are bigger than anyone's! A little giant who never stops taking on challenges.,I'm Samson Big! I'll take on anything and become a big-time Umamusume known around the world!,根本京里,,April 14,14,4,1991,Senior Division,Ritto Dormitory,,,143,???,72,,,,,,,idle.png,face.png,
sounds-of-earth,1102,Sounds of Earth,サウンズオブアース,Racing is an ensemble! A music-loving Umamusume and true artist.,"O my beloved musicisti! Join me, Sounds of Earth, and let our melodies intertwine once more today!",MAKIKO,https://myanimelist.net/people/67756/MAKIKO,April 12,12,4,2011,Junior Division,Ritto Dormitory,,,161,Benissimo!,80,Left and right: 24.5cm,"Escorting others, caring for silver items","Wasabi, artificial sweeteners, taking notes",Her ear covers are made by an overseas brand with exacting standards for its fabrics,She uses different tail colognes for everyday wear and formal occasions,She and her family often communicate through jam sessions,idle.png,face.png,
royce-and-royce,1103,Royce and Royce,ロイスアンドロイス,Create a legend! She seeks the title of strongest from her own unique angle.,"I desire just one thing: the title of ""strongest""! I want to become an Umamusume people remember! And what do I need for that? That's right, showmanship!",Rui Tanabe,https://myanimelist.net/people/25435/Rui_Tanabe,March 10,10,3,1990,Junior Division,Miho Dormitory,,,159,The aura of the strongest,83,Left and right: 23.0cm,"Data organization (prefers spreadsheets), exercising while doing other things","""Tear open anywhere from this side""",Instantly picks up any talk about her!,She blends her own tail cologne,She once orchestrated her younger sister's elementary school debut,idle.png,face.png,
katsuragi-ace,1104,Katsuragi Ace,カツラギエース,An energetic girl charging full speed ahead toward her ambition to be racing's top ace!,"Katsuragi Ace, at your service! Don't be afraid to chase your dreams! I'll help you bust down those claustrophobic walls!",Natsumi Fujiwara,https://myanimelist.net/people/39938/Natsumi_Fujiwara,April 24,24,4,1980,Senior Division,Ritto Dormitory,,,165,Ace tier,81,Left and right: 24.0cm,"Working the soil, jump rope","Prepackaged rice, transferring trains, moving walkways",Pumps herself up by putting her ear accessory on last when dressing,Is always up for a good brushing session,"Was so unruly as a child, she accidentally burned her hand; her family brings the incident up even now",idle.png,face.png,
neo-universe,1105,Neo Universe,ネオユニヴァース,A cosmic Umamusume—is she somewhat or entirely out of this world?,"Proposal: A friendly ""First Contact."" Redefined: ""It Is Nice To Meet You.""",Haruka Shiraishi,https://myanimelist.net/people/17629/Haruka_Shiraishi,May 21,21,5,2000,Senior Division,Ritto Dormitory,,,160,A cosmic mystery,79,Left and right: 23.5cm,"Forecasting the weather, falling block puzzles","Normal conversation, wasabi",Signal received. Ears in optimal parabola formation.,"Becomes akin to a comet's ""dust tail"" when feeling down",She and her father can understand each other's conversation about 54% of the time,idle.png,face.png,
hishi-miracle,1106,Hishi Miracle,ヒシミラクル,A laid-back Umamusume. Another average day of rolling along.,"Hey, Hishi Miracle here. I guess we could sort of try doing our best together? Anyway, looking forward to working with you.",Sakura Kasuga,,March 31,31,3,1999,Senior Division,Ritto Dormitory,,,156,Average,85,Left and right: 22.0cm,"Finding forest bathing spots, not getting called on in class",Swimming...,Takes time after waking for them to stand upright,Considered dyeing her tail at one point,Her parents sent her application to the academy before she could do it herself,idle.png,face.png,
tap-dance-city,1107,Tap Dance City,タップダンスシチー,"Friends, dreams, and fortune, she'll claim them all! An Umamusume who lives for grand adventure.","Come, set out on a heart-pounding journey! Dance through each day with friends! Everyone! If you've got a dream, climb aboard Tap Dance City's ship!",Minami Shinoda,https://myanimelist.net/people/40399/Minami_Shinoda,March 16,16,3,1997,Senior Division,Ritto Dormitory,,,170,Doesn't bother me,89,Left and right: 25.0cm,"Cutting pizza, mediating arguments","Being punctual, staring contests",Twirl around in pursuit of grand adventure,She treats it with oil so it stands out when she dances,She takes pride in her mom's marshmallow pie,idle.png,face.png,
duramente,1108,Duramente,ドゥラメンテ,The strongest blood runs through her veins. The culmination of an illustrious lineage.,"...I'm Duramente. I seek not victory, but the title of ""strongest"" that lies beyond it. ...That is all.",Akina,https://myanimelist.net/people/18453/Akina,March 22,22,3,2012,Junior Division,Miho Dormitory,,,166,Amazing form,89,Left and right: 24.5cm,Physical fitness tests (especially repeated side steps),Cracking eggs cleanly,Usually stand tall and proud,She maintains it at what she considers the ideal weight for exercise,Her whole family gets fiercely competitive over table tennis on hot spring trips,idle.png,face.png,
rhein-kraft,1109,Rhein Kraft,ラインクラフト,Into a radiant future! A sunny girl dreaming of the Tiara.,"I'm Rhein Kraft! I want to inherit others' hopes, blaze a trail, and carry them into the future. That's the kind of Tiara Umamusume I want to be!",Nanae Kojima,https://myanimelist.net/people/56948/Nanae_Kojima,April 4,4,4,2002,Junior Division,Ritto Dormitory,,,157,Warm and fuzzy,85,Left: 23.5cm Right: 23.0cm,"Handicrafts of all kinds, rock climbing","Insects (especially flies), acting",Droop loosely during physical affection,Always fluffy and soft,A picnic is a tradition whenever the whole family gets together,idle.png,face.png,
cesario,1110,Cesario,シーザリオ,"A stern warrior, yet a benevolent Madonna. An Umamusume with two faces.",My dearest wish is to claim the Tiara and become the cornerstone of a brilliant future. I look forward to our time together♪,Haruka Satou,https://myanimelist.net/people/81829/Haruka_Satou,March 31,31,3,2002,Junior Division,Ritto Dormitory,,,167,Slight decrease (dieting before a race),80,Left and right: 24.5cm,"Singing, eyeballing measurements, disguises","Tragic love stories, winter mornings",Occasionally pin back when no one wants to be pampered by her,She uses deep-sea water shampoo,Her glazed carrot recipe came straight from her mother,idle.png,face.png,
air-messiah,1111,Air Messiah,エアメサイア,"Bearing her love for her mother, she moves steadily... toward a long-cherished dream.","My aim is to become a strong and graceful Umamusume... like my mother. I am Air Messiah. I will prove the greatness of what has been passed down, and the preciousness of the future it creates.",Yuuna Nemoto,https://myanimelist.net/people/55048/Yuuna_Nemoto,February 4,4,2,2002,Junior Division,Ritto Dormitory,,,162,Regular as clockwork,83,Left: 24.0cm Right: 24.5cm,Erasing every last trace of chalk when cleaning blackboards,Winking at a moment's notice,Are actually softer the more she trusts someone,Its beautiful coat was inherited from her mother,Everyone in her family keeps a diary in one form or another,idle.png,face.png,
daring-heart,1112,Daring Heart,デアリングハート,"Refined confidence, a dazzling queen's heart!","Follow my lead! Keep your eyes on me. The Tiara's radiance is certain to shower down on its future queen, Daring Heart!",Shio Kisui,https://myanimelist.net/people/64784/Shio_Kisui,March 9,9,3,2002,Junior Division,Ritto Dormitory,,,165,Bold,82,Left: 24.0cm Right: 23.5cm,"Improvising songs on acoustic guitar, brushing tails",The smell of newspaper ink,She throws a party with friends every time she has them re-dyed,Stays silky and falls beautifully into place even after being washed in river water,Her favorite hidden spot for cherry blossom viewing was shown to her by her older brother,idle.png,face.png,
fusaichi-pandora,1113,Fusaichi Pandora,フサイチパンドラ,Jump right in! Limitless hope and a marshmallow heart♡,"It's Fusaichi Pandora-chan♡ I'm, like, a total genius, so I won't be any trouble at all♡ Sooo, let's make it no Guts training, 'kay?♡",Moe Kahara,https://myanimelist.net/people/53530/Moe_Kahara,February 27,27,2,2003,Junior Division,Ritto Dormitory,,,165,Looking good♡,92,Left and right: 24.0cm,"Pretty much everythiiing♡ (quick costume changes, whistling)",Anything too intense is a no-go,Droop as low as possible when she's begging in earnest,Feared for how wildly it thrashes around while she sleeps,No one in her family can sleep the night before a trip,idle.png,face.png,
buena-vista,1114,Buena Vista,ブエナビスタ,"Someday, she'll reach that ""breathtaking view."" An earnest Umamusume beloved by all.","I'm Buena Vista! My dream is to fulfill a promise. To reach that breathtaking view. Nice to meet you, Trainer! ...Hehe.",Fuuka Izumi,https://myanimelist.net/people/64390/Fuuka_Izumi,March 14,14,3,2006,Junior Division,Ritto Dormitory,,,159,Slight decrease (pre-race adjustments),81,Left and right: 23.0cm,"Making bento, kyudo","Traffic jams, suspense movies",She can distinguish her fans' voices with impressive accuracy,Leans ever so slightly toward whoever she's walking with,She went through a phase where she copied everything her mother did,idle.png,face.png,
orfevre,1115,Orfevre,オルフェーヴル,"Above heaven and earth, she alone reigns supreme, a tyrant who calls herself king of the turf.",Such insolence. Kneel at once. Bow low and bear witness to Orfevre's path of conquest.,Youko Hikasa,https://myanimelist.net/people/7263/Youko_Hikasa,May 14,14,5,2008,Senior Division,Ritto Dormitory,,,165,A golden glow,82,Left and right: 25.0cm,"All things in creation, at her command",Humidity,Her ear ornament was made by her father,Her elder sister always grooms it to perfection,She inherited her exceptional artistic sensibilities from her parents,idle.png,face.png,
gentildonna,1116,Gentildonna,ジェンティルドンナ,A noblewoman of iron resolve. She blooms with unbridled strength!,"Process and reason are meaningless. The victor is always right, wouldn't you agree? I am Gentildonna, and I will make all submit to me.",Yuu Serizawa,https://myanimelist.net/people/21515/Yuu_Serizawa,February 20,20,2,2009,Senior Division,Ritto Dormitory,,,167,Powerful,95,Left and right: 26.5cm,"Diving, horseshoeing, applying mascara","Leopard print, boba",She is particular enough to coordinate her outfits with her ear cover,She uses a needle-lace tail cover while sleeping,"Her family's rule is to reach Mount Fuji's third station at age three, fifth station at five, and the summit at seven",idle.png,face.png,
win-variation,1117,Win Variation,ウインバリアシオン,"Down seven times, up eight. No matter how often she loses, her spirit never breaks!","I'm Win Variation. To become the star... the principal dancer, I just gotta keep working! Everyone around me is crazy strong, but I won't give up!",Hika Tsukishiro,https://myanimelist.net/people/57932/Hika_Tsukishiro,April 10,10,4,2008,Senior Division,Ritto Dormitory,,,159,Gaining weight,76,Left and right: 23.5cm,"Watermelon splitting, stretching exercises","Contemporary dance, runway walking",React readily to classical music,"She's taken aback when someone touches it, but doesn't dislike it",Her mother taught her how to care for her nails,idle.png,face.png,
admire-groove,1118,Admire Groove,アドマイヤグルーヴ,"Noble and dignified, the blue-silver flower that blooms alone.",I'm Admire Groove. I have no need for indulgence or kindness. I want to better myself... That is all.,鈴木日菜,,April 30,30,4,2000,Senior Division,Ritto Dormitory,,,165,Amazing form,88,Left: 24.5cm Right: 25.0cm,Origami,"Media scrums, physical contact of any kind",She can't relax without noise-canceling earbuds,She can trim it like a professional,Has never stayed up past her bedtime,idle.png,face.png,
dream-journey,1119,Dream Journey,ドリームジャーニー,She journeys through dreams with a smile. Never peer into the depths of her eyes.,"If you wish to discuss an expedition, come to me, Dream Journey... I will make it a journey straight out of a dream. You are worthy of nothing less.",Mayu Yoshioka,https://myanimelist.net/people/24273/Mayu_Yoshioka,February 24,24,2,2004,Senior Division,Ritto Dormitory,,,144,Unknown,66,Left and right: 22.5cm,"Giving advice, packing",Gnats,Touching is forbidden,Do not touch,Not a day goes by without her thinking of her family,idle.png,face.png,
calstone-light-o,1120,Calstone Light O,カルストンライトオ,Beyond the light! Straightaway Supreme charges toward ultimate speed.,Calstone Light O. My dream is to set a new top speed. I like straightaways. That is all. Even my introduction is the fastest.,Yumiko Mochizuki,,May 3,3,5,1998,Senior Division,Ritto Dormitory,,,159,Growing at top speed,80,Left and right: 23.0cm,"Wiping floors, dizzy bat races","Quadratic functions, diving","She never misses a cat's meow, no matter how far away",She uses a ruler while grooming it to keep it perfectly straight,She can usually tell what her parents are thinking just from their expressions,idle.png,face.png,
durandal,1121,Durandal,デュランダル,Bear witness! Her flashing legs are a sacred blade of fealty.,"My sacred blade will shine as it races forth and cut down the darkness that threatens you! I am Durandal, knight of vows and fealty!",Kana Nogi,,May 25,25,5,1999,Senior Division,Ritto Dormitory,,,162,Faithfully maintained,89,Left and right: 23.5cm,"Cutting grass, writing lengthy analytical reviews of romance dramas","Staring contests, traveling alone, saying ""I surrender""",She never misses a single word of praise,She often wonders if it could be used as a weapon,Her family assigns chores with a game of acchi-muite-hoi,idle.png,face.png,
bubble-gum-fellow,1124,Bubble Gum Fellow,バブルガムフェロー,Big dreams and explosive fighting spirit! The leader of the charge!,"I hereby declare: ""As the vanguard, I'll unleash a whirlwind with the Four Divine Generals!"" Let's make our dreams grow together!",Sayaka Kamitani,,April 11,11,4,1993,Senior Division,Miho Dormitory,,,166,Just as declared,82,Left: 25.5cm Right: 25.0cm,"Balloon art, singing Western songs a cappella",Hamsters,"She has the sharpest hearing among the ""Four Divine Generals""",She likes styling it with pastel-colored accessories,"Everyone in her family has a faintly sweet, refined scent",idle.png,face.png,
sakura-chitose-o,1126,Sakura Chitose O,サクラチトセオー,Food itself is medicine. A serene and unflappable sage among Umamusume.,"I'm Sakura Chitose O. Oh...? You look a little pale. Perhaps you should reconsider your diet. Keeping your qi, blood, and fluids in balance is the source of daily vitality.",明智璃子,,May 11,11,5,1990,Senior Division,Miho Dormitory,,,164,???,84,,,,,,,idle.png,face.png,
fenomeno,1127,Fenomeno,フェノーメノ,Stern justice. A tough-looking cop racing into action.,Reporting! I am Fenomeno of Central Tracen Academy! I shall devote myself body and soul to setting an example for the children!,Yuriko Hibi,https://myanimelist.net/people/72213/Yuriko_Hibi,April 20,20,4,2009,Senior Division,Miho Dormitory,,,171,Monstrous,81,Left and right: 26.0cm,"Calligraphy, writing letters of appreciation","Hair wax, mint candies",She secretly loves the majestic fur on her ears,Usually wags in front of the Boss,Her whole family prefers chunky red bean paste,idle.png,face.png,
blast-onepiece,1128,Blast Onepiece,ブラストワンピース,Connected to humans by an unbreakable bond. A friendly Umamusume.,"I'm Blast Onepiece! Humans are so kind, so I love, love, love 'em! I wanna spend more time with 'em and become even better friends!!",Azusa Shizuki,https://myanimelist.net/people/85384/Azusa_Shizuki,April 2,2,4,2015,Junior Division,Miho Dormitory,,,174,???,93,,,,,,,idle.png,face.png,
almond-eye,1129,Almond Eye,アーモンドアイ,Ultra-competitive ×9! The ultimate challenger.,"I'm Almond Eye. Even if my opponent is a legend, I will win. I believe it myself, and that's what matters!",Kaori Ishihara,https://myanimelist.net/people/10217/Kaori_Ishihara,March 10,10,3,2015,Junior Division,Miho Dormitory,,,163,"Perfect, of course",86,Left and right: 24.5cm,"Eye contact, spot-the-difference puzzles","Disguises, saunas",She wears leather ear covers for sun protection,She ties it up during yoga,Hip-hop gets her whole family hyped on car rides,idle.png,face.png,
lucky-lilac,1130,Lucky Lilac,ラッキーライラック,This flower will survive the long winter and surely bloom in noble splendor.,I'm Lucky Lilac. I'll weather any trial to become the star of the turf. Pleased to meet you.,Yuki Nakashima,https://myanimelist.net/people/40511/Yuki_Nakashima,April 3,3,4,2015,Junior Division,Ritto Dormitory,,,162,Graceful progress,88,Left: 24.0cm Right: 24.5cm,Making original cleaning supplies,"Slugs, abandoned buildings, horror stories about frightening people",She adjusts her gait by listening to her own footsteps,She tries to groom it with camellia oil every day,Trips to comedy theaters are a family tradition,idle.png,face.png,
gran-alegria,1131,Gran Alegria,グランアレグリア,Infinite miles of potential! The strongest Umamusume miler.,"Hi, I'm Gran Alegria! Whether the race is 0.75 miles or 1.25 miles, the future mile queen won't lose!",Hina Natsume,https://myanimelist.net/people/58350/Hina_Natsume,January 24,24,1,2016,Junior Division,Miho Dormitory,,,160,Growing by about 10 miles!,84,Left: 24.0cm Right: 24.5cm,"Sports of all kinds, making perfect soft-serve swirls","Deep-sea fish, quiet places, hide-and-seek",Ear massages put her to sleep in a flash,She ties it up all the way to the tip with a red ribbon before bed,"Her family has an ""English Day"" when everyone speaks English",idle.png,face.png,
loves-only-you,1132,Loves Only You,ラヴズオンリーユー,Love me♡ Love you♡ A streamer overflowing with love.,"I'm Loves Only You♪ My love isn't a one-way street, it goes both ways! Let's spread it all around the world on stream♡",Miyu Kubota,https://myanimelist.net/people/26535/Miyu_Kubota,March 26,26,3,2016,Junior Division,Ritto Dormitory,,,158,Members-only info,88,Left and right: 25.5cm,"Video editing, collaborating with all kinds of people","Drawing, horror games, days off spent doing nothing",She catches background noise from every direction while streaming,Draws cats' attention to keep them from crashing her streams,Her family records special occasions on video rather than in photos,idle.png,face.png,
chrono-genesis,1133,Chrono Genesis,クロノジェネシス,An extraordinary racing history buff. She'll create a new era!,I'm Chrono Genesis. I love studying racing history... and I hope to etch my own hoofprints into it as well.,Hiyori Manase,https://myanimelist.net/people/84992/Hiyori_Manase,March 6,6,3,2016,Junior Division,Ritto Dormitory,,,152,Historic,77,Left and right: 22.0cm,"Rapid note-taking, schedule management",Excessive humidity,She is designing an earring that can hold a pen for taking notes,Starts swaying to the rhythm when a fanfare plays,Her whole family holes up in the study until everyone falls asleep,idle.png,face.png,
curren-bouquetdor,1134,Curren Bouquetd'or,カレンブーケドール,A graceful flower racing onward with wishes and kindness woven together.,"I'm Curren Bouquetd'or. I enjoy arranging flowers beautifully. And, well... I may not be very good with conflict.",Anju Oda,,April 23,23,4,2016,Junior Division,Miho Dormitory,,,153,Harmonious progress,78,Left and right: 23.0cm,"Making balms, braiding tails and hair","Crunchy potato chips, microphone feedback",A touch of floral-scented oil on the tips,Tends to sync its movements with whoever is nearby,The weather is always perfectly clear when she goes out with her mother,idle.png,face.png,
stay-gold,1135,Stay Gold,ステイゴールド,A freewheeling wanderer! Bound for the golden journey she once glimpsed.,"Good to meet ya, I'm Stay Gold. Come on, let's make this a fun trip! A carefree journey down the golden path.",松田颯水,,March 24,24,3,1994,Senior Division,Ritto Dormitory,,,142,Doesn't gain weight no matter how much she eats,67,Left: 22.5cm Right: 23.0cm,"Authenticating gold, napping, hitchhiking",Health checkups,She gauges others' true intentions from changes in their tone of voice,Somehow stays silky no matter what environment it's exposed to,"According to her younger sisters, her taste in souvenirs is questionable",idle.png,face.png,
red-desire,1136,Red Desire,レッドディザイア,An indomitable saint who shall emerge from her trials a savior.,"My name is Red Desire. The road ahead is filled with trials, but I will overcome them all and become a true saint!",関根瞳,,April 19,19,4,2006,Junior Division,Ritto Dormitory,,,160,A sacred secret,74,Left and right: 24.0cm,"First aid, baking cookies, doing laundry",Rough tissues,Manhattan Cafe's voice sounds crystal clear to her,She cleanses it with cold water even in winter,She often visited her mother's sets and even appeared as a child actor,idle.png,face.png,
kiseki,1137,Kiseki,キセキ,A passionate creator who paints miracles.,"I'm Kiseki! Grueling training, fiery friendships, dramatic victories! In that world of racing, I'll become the hero of the story!",星希成奏,,May 13,13,5,2014,Junior Division,Ritto Dormitory,,,166,Adjustments underway to great acclaim!,86,Left and right: 24.5cm,"Book reports, signing autographs","Waiting for results to be announced, rhythm games",React keenly to cool-sounding words,She unconsciously fiddles with it while drawing manga pages,"The rule is to go to bed without waiting up, even when her parents are coming home late",idle.png,face.png,
forever-young,1138,Forever Young,フォーエバーヤング,A charismatic gyaru Umamusume bringing innovation.,Hi! I'm Forever Young! The roadmap's all set! Now we just gotta bring some innovation to the Umamusume world!,海弓シュリ,,February 24,24,2,2021,Senior Division,Ritto Dormitory,,,167,???,90,,,,,,,idle.png,face.png,
casino-drive,1139,Casino Drive,カジノドライヴ,A project leader taking on the world's highest summit.,"I'm Casino Drive. No matter how high the summit, every step takes you closer to the goal. I await your courageous investment.",愛美,,March 7,7,3,2005,,,,,165,???,???,,,,,,,idle.png,face.png,
marche-lorraine,1140,Marche Lorraine,マルシュロレーヌ,"From behind her puppet, she dreams of seeing the world.","U-um... let's see... ""Hi☆ I'm Maru-chan♪ My childhood friend Love-chan and I are gonna do our best☆""",近貞月乃,,February 4,4,2,2016,Junior Division,Ritto Dormitory,,,157,???,90,,,,,,,idle.png,face.png,
epiphaneia,1141,Epiphaneia,エピファネイア,Hear this voice! A destiny-blessed Umamusume in overdrive.,"I'm Epiphaneia! Blessed by the ""Voice of Destiny,"" I'll guide everyone to happiness! We're gonna carry destiny to the ends of the universe! Starting now!",千賀光莉,,February 11,11,2,2010,Senior Division,Ritto Dormitory,,,159,Fateful,81,Left: 23.5cm Right: 24.0cm,"Finding the good in others, sailing yachts","Tongue twisters, tying shoelaces",She likes how much her ears resemble Symboli Kris S's,She uses the same deep-sea water shampoo as Cesario,Her most treasured possession is a Swiss-made wristwatch her father gave her,idle.png,face.png,
logotype,1142,Logotype,ロゴタイプ,,,髙橋美空,,March 10,10,3,2010,,,,,160,???,83,,,,,,,idle.png,face.png,
victoire-pisa,1143,Victoire Pisa,ヴィクトワールピサ,A messenger of hope joining hearts in a circle of warmth.,"My name is Victoire Pisa. Through my running, I wish to link the world in a ring of hope, so that no one is ever ""all alone.""",嶋野花,,March 31,31,3,2007,Senior Division,Ritto Dormitory,,,161,Slight increase,80,Left and right: 23.5cm,"Playing the trumpet, dividing sweets evenly",Solving disentanglement puzzles,"They're fluffy, and she often lets her friends touch them",She ties it up with a turquoise-adorned hair tie,Every piece of furniture in her family home is meticulously positioned,idle.png,face.png,
rose-kingdom,1144,Rose Kingdom,ローズキングダム,A prince of roses carrying her family's long-held hopes.,"I am Rose Kingdom, a member of the House of Roses and the one who will fulfill its long-held dream. ...I am counting on your support.",菊池ゆりな,,May 10,10,5,2007,Senior Division,Ritto Dormitory,,,155,Regal form,74,Left: 23.0cm Right: 23.5cm,Eating without clinking her dishes or cutlery,The smell of disinfectant,She likes to wear ear caps in the bath whenever possible,Gives off the scent of roses when it flutters in the wind,A commemorative rose is planted for each member of her family on the day they are born,idle.png,face.png,
rulership,1145,Rulership,ルーラーシップ,"A calculating master of the game board, but her heart is made of glass.","I'm Rulership. With my perfect strategy, I shall elegantly dominate the game board that is the Twinkle Series!",海野水玉,,May 15,15,5,2007,Senior Division,Ritto Dormitory,,,160,Didn't show up for measurements,90,Left and right: 24.0cm,"Board games of all kinds, swimming, psychology","Cats, crowds, flying insects",She feels more at ease with a headset on,Often has marks from her sleeping bag,She concentrates better with her younger brother's piano playing in the background,idle.png,face.png,
efforia,1146,Efforia,エフフォーリア,A lady of an illustrious house who races as destiny commands.,"...I am Efforia. Whatever the race, I will prevail without fail, if that is the destiny I am bound to follow.",香里有佐,,March 10,10,3,2018,Junior Division,Miho Dormitory,,,164,???,85,,,,,,,idle.png,face.png,
titleholder,1148,Titleholder,タイトルホルダー,,,華成結,,February 10,10,2,2018,,,,,155,???,79,,,,,,,idle.png,face.png,
phalaenopsis,1149,Phalaenopsis,ファレノプシス,"A flower of the battlefield, breaking her shackles and bursting into bloom.","I am Phalaenopsis. No adversity or misfortune can daunt me. To repay the kindness I once received, I shall crush all that stands in my way.",浅見春那,,April 4,4,4,1995,Junior Division,Ritto Dormitory,,,151,A dazzling change,76,Left and right: 23.0cm,"Hanafuda, finding tucked-away shops",Enclosed spaces,Her ear covers were handmade by the children at her old club,She always ties it up with a motoyui hair cord before bed,"Her family is always ready for battle, with bamboo practice swords in every room",idle.png,face.png,
happy-meek,2001,Happy Meek,ハッピーミーク,The epitome of gentle. Talents of the greatest scale take time to bloom!,,Miyu Yoshizaki,https://myanimelist.net/people/60922/Miyu_Yoshizaki,March 20,20,3,,,,,,163,???,???,,,,,,,idle.png,face.png,
bitter-glasse,2002,Bitter Glasse,ビターグラッセ,,,Aino Shimada,https://myanimelist.net/people/58864/Aino_Shimada,April 1,1,4,,,,,,160,???,???,,,,,,,idle.png,face.png,
little-cocon,2003,Little Cocon,リトルココン,,,Saho Shirasu,https://myanimelist.net/people/53440/Saho_Shirasu,March 14,14,3,,,,,,154,???,???,,,,,,,idle.png,face.png,
montjeu,2004,Montjeu,モンジュー,,,櫻庭有紗,,April 4,4,4,1996,,,,,172,???,???,,,,,,,idle.png,face.png,
venus-paques,2005,Venus Paques,ヴェニュスパーク,,,折原日菜,,April 27,27,4,2010,,,,,155,???,???,,,,,,,idle.png,face.png,
rigantona,2006,Rigantona,リガントーナ,,,井料愛良,,April 22,22,4,1983,,,,,170,???,???,,,,,,,idle.png,face.png,
sonon-elfie,2007,Sonon Elfie,ソノンエルフィー,,,小清水亜美,,March 23,23,3,2007,,,,,175,???,???,,,,,,,idle.png,face.png,
st-2,2008,ST-2,ST-2,,,石川由依,,August 2,2,8,,,,,,157,???,???,,,,,,,idle.png,face.png,
tazuna-hayakawa,9001,Tazuna Hayakawa,駿川たづな,The secretary to the Tracen Academy director has a wonderful smile.,"Hello. I'm Tazuna Hayakawa, the Tracen Academy director's secretary. I'm here to ensure that everyone has the best on-campus experience possible. ♪",Yukiyo Fujii,https://myanimelist.net/people/11162/Yukiyo_Fujii,May 2,2,5,1948,,,,,166,???,???,,,,,,,idle.png,face.png,
yayoi-akikawa,9002,Yayoi Akikawa,秋川理事長,"Welcome! Tracen Academy's director, brimming with love for her students.","I am Yayoi Akikawa, director of Tracen Academy! I intend to give my all for our students and the Trainers who support them!! By all means, rely on me as much as you please!!",Kaori Mizuhashi,https://myanimelist.net/people/156/Kaori_Mizuhashi,March 15,15,3,1971,,,,,140,???,???,,,,,,,idle.png,face.png,
etsuko-otonashi,9003,Etsuko Otonashi,乙名史記者,,,Emiri Suyama,https://myanimelist.net/people/47336/Emiri_Suyama,May 3,3,5,,,,,,168,???,???,,,,,,,idle.png,face.png,
aoi-kiryuin,9004,Aoi Kiryuin,桐生院トレーナー,Meeting challenges head-on! This trainer is highly motivated.,"Hello. I'm Aoi Kiryuin, a new trainer here at Tracen Academy. I'm still learning as I go, but I'll do my absolute best!",Miho Okasaki,https://myanimelist.net/people/47918/Miho_Okasaki,October 13,13,10,,,,,,155,???,???,,,,,,,idle.png,face.png,
sasami-anshinzawa,9005,Sasami Anshinzawa,安心沢刺々美,The subject of pointed interest wherever she goes. World's greatest(?) acupuncturist.,"Sasami Anshinzawa, (apprentice of a) legendary acupuncturist, at your service! With one little poke, I'll have you ready to take on the world! Wow, right? No worries! ☆",Kikuko Inoue,https://myanimelist.net/people/195/Kikuko_Inoue,November 11,11,11,,,,,,173,???,???,,,,,,,idle.png,face.png,
riko-kashimoto,9006,Riko Kashimoto,樫本理子,"A professional straight from the URA, she is firm yet kind.","I'm Riko Kashimoto. It is the role of a trainer to look after the health of their Umamusume. Therefore, it's appropriate to have some level of anxiety regarding one's work.",Romi Park,https://myanimelist.net/people/82/Romi_Park,July 1,1,7,,,,,,166,???,???,,,,,,,idle.png,face.png,
beauty-anshinzawa,9007,Beauty Anshinzawa,ビューティー安心沢,,,井上喜久子,,November 11,11,11,,,,,,173,???,???,,,,,,,idle.png,face.png,
light-hello,9008,Light Hello,ライトハロー,The event producer connecting hearts and creating stages where everyone can shine.,"My name's Light Hello, and I'm mainly an event planner. I'd be happy to give everyone on stage a nudge so they can shine their brightest.",Kana Ueda,https://myanimelist.net/people/116/Kana_Ueda,March 25,25,3,,,,,,157,???,???,,,,,,,idle.png,face.png,
darley-arabian,9040,Darley Arabian,ダーレーアラビアン,A cheerful and wise leader who values individuality.,"I'm Darley Arabian. Every Umamusume has something that makes them special—each one a star. I'll help you fulfill their potential, little lamb!",進藤尚美,,February 24,24,2,,,,,,165,???,???,,,,,,,idle.png,face.png,
godolphin-barb,9041,Godolphin Barb,ゴドルフィンバルブ,An elegant teacher brimming with an all-encompassing kindness.,Call me Godolphin Barb. It's our bonds with the people important to us that give us the impetus to run. I will lend you my strength too.,佐藤聡美,,February 24,24,2,,,,,,160,???,???,,,,,,,idle.png,face.png,
byerley-turk,9042,Byerley Turk,バイアリーターク,"Beneath the tough, soldierly persona lies a heart with a deep love for her fellow Umamusume.",My name is Byerley Turk. Strength is of the utmost importance for an Umamusume. Those I train will become strong enough to carve their legends into the track.,斎賀みつき,,February 24,24,2,,,,,,167,???,???,,,,,,,idle.png,face.png,
mei-satake,9043,Mei Satake,佐岳メイ,A dream-chasing leader who never stops taking on the world.,"I'm Mei Satake! Leave analysis of European races to me. Together, let's achieve the unprecedented dream of winning the Prix de l'Arc de Triomphe!",堀江由衣,,April 11,11,4,1967,,,,,141,???,???,,,,,,,idle.png,face.png,
ryoka-tsurugi,9044,Ryoka Tsurugi,都留岐涼花,A capable producer striving to create the ultimate entertainment.,"I'm Ryoka Tsurugi. Each day, I produce a wide variety of content. I will deliver the most moving experiences to all of you.",佐藤利奈,,September 30,30,9,,,,,,160,???,???,,,,,,,idle.png,face.png,
sugar-lights,9045,Sugar Lights,シュガーライツ,,,石川由依,,June 10,10,6,,,,,,157,???,???,,,,,,,idle.png,face.png,
st-lite,9046,St Lite,セントライト,"Japan's first Triple Crown Umamusume, a model of how greatness is achieved.","St Lite. As the first to claim Japan's Triple Crown, I shall bestow wisdom and blessings upon you all.",能登麻美子,,April 2,2,4,,,,,,158,???,???,,,,,,,idle.png,face.png,
speed-symboli,9047,Speed Symboli,スピードシンボリ,The legendary pioneer who forged a path to the world.,"I am Speed Symboli, one who believes in the limitless potential within you. Now, shall we turn the world upside down?",沢城みゆき,,May 3,3,5,,,,,,170,???,???,,,,,,,idle.png,face.png,
haiseiko,9048,Haiseiko,ハイセイコー,A nationwide superstar☆ The monster idol who sparked a frenzy♪,"Hello, I'm Haiseiko! The original li'l Monster is gonna gobble up your heart, too. Chomp♪",丹下桜,,March 6,6,3,,,,,,167,???,???,,,,,,,idle.png,face.png,
tucker-bryne,9049,Tucker Bryne,タッカーブライン,She charges ahead with a fiery heart at the helm of the Desert Island Project.,"My name is Tucker Bryne! I launched the Desert Island Project to help all you Umamusume soar to even greater heights! Now, unleash your instincts!!",小林ゆう,,June 21,21,6,,,,,,168,???,???,,,,,,,idle.png,face.png,
kiyoko-hoshina,9050,Kiyoko Hoshina,保科健子,"A hot spring goddess who has mastered the art of ""recuperation.""","My name is Kiyoko Hoshina, proprietress of Yukoma Inn. Hot springs do wonders for fatigue and injuries. You bet, good health comes first... Oh, pardon me. Hohoho!",高垣彩陽,,April 7,7,4,,,,,,170,???,???,,,,,,,idle.png,face.png,
yunohana-bloom,9051,Yunohana Bloom,ユノハナブルーム,,,豊崎愛生,,June 26,26,6,,,,,,162,???,???,,,,,,,idle.png,face.png,
