id,slug,name,version,japanese_name,voice_actor,release_date,birthday,height_cm,three_sizes,rarity,image,base_speed_1,base_stamina_1,base_power_1,base_guts_1,base_wit_1,base_speed_5,base_stamina_5,base_power_5,base_guts_5,base_wit_5,bonus_speed,bonus_stamina,bonus_power,bonus_guts,bonus_wit,turf,dirt,short,mile,medium,long,front,pace,late,end,description,unique_skill_ids,innate_skill_ids,event_skill_ids,awakening_lvl2_skill_id,awakening_lvl2_highlight,awakening_lvl2_items,awakening_lvl3_skill_id,awakening_lvl3_highlight,awakening_lvl3_items,awakening_lvl4_skill_id,awakening_lvl4_highlight,awakening_lvl4_items,awakening_lvl5_skill_id,awakening_lvl5_highlight,awakening_lvl5_items,card_id,char_id,gametora_url_name
1,special-week-special-dreamer,Special Week,Special Dreamer,スペシャルウィーク,Azumi Waki,2025-06-26,May 2,158 cm,81 - 56 - 81,3,special-week-special-dreamer.png,83,88,98,90,91,102,108,120,110,110,0,20,0,0,10,A,G,F,C,A,A,G,A,A,C,Special Week — Special Dreamer.,shooting_star,homestretch_haste|hydrate|steadfast,pace_strategy|homestretch_haste|corner_adept_o|tokyo_racecourse_o|nakayama_racecourse_o|stamina_to_spare|slick_surge,wet_conditions_o,no,long_racing_shoes,gourmand,yes,long_racing_shoes|japanese_derby_winner_s_sash|japan_cup_winner_s_sash,outer_swell,no,long_racing_shoes|tenno_sho_spring_winner_s_sash|japanese_derby_winner_s_sash|kikuka_sho_winner_s_sash|japan_cup_winner_s_sash|dream_glimmer,in_body_and_mind,yes,long_racing_shoes|tenno_sho_spring_winner_s_sash|japanese_derby_winner_s_sash|kikuka_sho_winner_s_sash|japan_cup_winner_s_sash|dream_glimmer,100101,1001,100101-special-week
2,special-week-hopping-vitamin-heart,Special Week,Hopping ♪ Vitamin Heart,スペシャルウィーク,Azumi Waki,2025-10-14,May 2,158 cm,81 - 56 - 81,3,special-week-hopping-vitamin-heart.png,77,90,103,98,82,94,110,125,119,102,0,10,10,10,0,A,G,F,C,A,A,G,A,A,C,Special Week — Hopping ♪ Vitamin Heart.,dazzl_n_diver,ramp_up|position_pilfer|thunderbolt_step,pace_strategy|homestretch_haste|corner_adept_o|tokyo_racecourse_o|nakayama_racecourse_o|fighter|stamina_to_spare|slick_surge,sunny_days_o,no,long_racing_shoes,fast_furious,yes,long_racing_shoes|japanese_derby_winner_s_sash|takarazuka_kinen_winner_s_sash,tail_held_high,no,long_racing_shoes|tenno_sho_spring_winner_s_sash|japanese_derby_winner_s_sash|takarazuka_kinen_winner_s_sash|tenno_sho_autumn_winner_s_sash|dream_glimmer,it_s_on,yes,long_racing_shoes|tenno_sho_spring_winner_s_sash|japanese_derby_winner_s_sash|takarazuka_kinen_winner_s_sash|tenno_sho_autumn_winner_s_sash|dream_glimmer,100102,1001,100102-special-week
3,silence-suzuka-silent-innocence,Silence Suzuka,Silent Innocence,サイレンススズカ,Marika Kouno,2025-06-26,May 1,161 cm,70 - 53 - 79,3,silence-suzuka-silent-innocence.png,101,84,77,100,88,124,102,94,122,108,20,0,0,10,0,A,G,D,A,A,E,A,C,E,G,Silence Suzuka — Silent Innocence.,the_view_from_the_lead_is_mine,focus|final_push|rosy_outlook,left_handed_o|runaway|early_lead,left_handed_o,no,medium_racing_shoes,concentration,yes,medium_racing_shoes|takarazuka_kinen_winner_s_sash|tenno_sho_autumn_winner_s_sash,fast_paced,no,medium_racing_shoes|satsuki_sho_winner_s_sash|japanese_derby_winner_s_sash|takarazuka_kinen_winner_s_sash|tenno_sho_autumn_winner_s_sash|dream_glimmer,unrestrained,yes,medium_racing_shoes|satsuki_sho_winner_s_sash|japanese_derby_winner_s_sash|takarazuka_kinen_winner_s_sash|tenno_sho_autumn_winner_s_sash|dream_glimmer,100201,1002,100201-silence-suzuka
4,tokai-teio-top-of-joyful,Tokai Teio,Top of Joyful,トウカイテイオー,Machico,2025-06-26,April 20,150 cm,77 - 54 - 76,3,tokai-teio-top-of-joyful.png,90,89,83,92,96,109,109,102,112,118,20,10,0,0,0,A,G,F,E,A,B,D,A,C,E,Tokai Teio — Top of Joyful.,sky_high_teio_step,prudent_positioning|thunderbolt_step|shrewd_step,prepared_to_pass|hydrate|head_on,go_with_the_flow,no,medium_racing_shoes,technician,yes,medium_racing_shoes|japanese_derby_winner_s_sash|arima_kinen_winner_s_sash,soft_step,no,medium_racing_shoes|satsuki_sho_winner_s_sash|japanese_derby_winner_s_sash|japan_cup_winner_s_sash|arima_kinen_winner_s_sash|dream_glimmer,lightning_step,yes,medium_racing_shoes|satsuki_sho_winner_s_sash|japanese_derby_winner_s_sash|japan_cup_winner_s_sash|arima_kinen_winner_s_sash|dream_glimmer,100301,1003,100301-tokai-teio
5,tokai-teio-beyond-the-horizon,Tokai Teio,Beyond the Horizon,トウカイテイオー,Machico,2025-07-16,April 20,150 cm,77 - 54 - 76,3,tokai-teio-beyond-the-horizon.png,89,102,80,86,93,109,125,98,106,112,10,10,0,10,0,A,G,F,E,A,B,D,A,C,E,Tokai Teio — Beyond the Horizon.,certain_victory,prudent_positioning|soft_step|preferred_position,prepared_to_pass|hydrate|stamina_to_spare|corner_acceleration_o|head_on,spring_runner_o,no,medium_racing_shoes,race_planner,yes,medium_racing_shoes|japanese_derby_winner_s_sash|arima_kinen_winner_s_sash,corner_recovery_o,no,medium_racing_shoes|japanese_derby_winner_s_sash|arima_kinen_winner_s_sash|japan_cup_winner_s_sash|tenno_sho_spring_winner_s_sash|dream_glimmer,miraculous_step,yes,medium_racing_shoes|japanese_derby_winner_s_sash|arima_kinen_winner_s_sash|japan_cup_winner_s_sash|tenno_sho_spring_winner_s_sash|dream_glimmer,100302,1003,100302-tokai-teio
6,maruzensky-rouge-formula,Maruzensky,Rouge Formula,マルゼンスキー,Lynn,2025-06-26,May 19,164 cm,92 - 58 - 88,3,maruzensky-rouge-formula.png,96,68,86,100,100,118,84,105,122,121,10,0,0,0,20,A,D,B,A,B,C,A,E,G,G,Maruzensky — Rouge Formula.,red_shift_lp1211_m,straightaway_adept|shifting_gears|early_lead,huge_lead|deep_breaths,acceleration,no,mile_racing_shoes,changing_gears,yes,mile_racing_shoes|yasuda_kinen_winner_s_sash|asahi_hai_f_s_winner_s_sash,focus,no,mile_racing_shoes|osaka_hai_winner_s_sash|yasuda_kinen_winner_s_sash|tenno_sho_autumn_winner_s_sash|asahi_hai_f_s_winner_s_sash|dream_glimmer,step_on_the_gas,yes,mile_racing_shoes|osaka_hai_winner_s_sash|yasuda_kinen_winner_s_sash|tenno_sho_autumn_winner_s_sash|asahi_hai_f_s_winner_s_sash|dream_glimmer,100401,1004,100401-maruzensky
7,maruzensky-blasting-off-summer-night,Maruzensky,Blasting Off ☆ Summer Night,マルゼンスキー,Lynn,2025-10-14,May 19,164 cm,92 - 58 - 88,3,maruzensky-blasting-off-summer-night.png,100,69,93,87,101,122,85,114,107,122,15,0,0,0,15,A,D,B,A,B,C,A,E,G,G,Maruzensky — Blasting Off ☆ Summer Night.,a_kiss_for_courage,corner_recovery_o|productive_plan|moxie,huge_lead|deep_breaths|fast_paced,triple_7s,no,mile_racing_shoes,restless,yes,mile_racing_shoes|japanese_derby_winner_s_sash|yasuda_kinen_winner_s_sash,speed_eater,no,mile_racing_shoes|osaka_hai_winner_s_sash|japanese_derby_winner_s_sash|yasuda_kinen_winner_s_sash|tenno_sho_autumn_winner_s_sash|dream_glimmer,mile_maven,yes,mile_racing_shoes|osaka_hai_winner_s_sash|japanese_derby_winner_s_sash|yasuda_kinen_winner_s_sash|tenno_sho_autumn_winner_s_sash|dream_glimmer,100402,1004,100402-maruzensky
8,fuji-kiseki-shooting-star-revue,Fuji Kiseki,Shooting Star Revue,フジキセキ,Eriko Matsui,2025-10-02,April 15,168 cm,84 - 58 - 82,3,fuji-kiseki-shooting-star-revue.png,96,88,97,82,87,117,107,118,100,108,0,0,20,0,10,A,F,B,A,B,E,C,A,C,G,Fuji Kiseki — Shooting Star Revue.,lights_of_vaudeville,trick_front|unyielding_spirit|preferred_position,disorient|prepared_to_pass|unyielding_spirit|preferred_position,shifting_gears,no,mile_racing_shoes,big_sisterly,yes,mile_racing_shoes|satsuki_sho_winner_s_sash|asahi_hai_f_s_winner_s_sash,mile_corners_o,no,mile_racing_shoes|takamatsunomiya_kinen_winner_s_sash|satsuki_sho_winner_s_sash|japanese_derby_winner_s_sash|asahi_hai_f_s_winner_s_sash|dream_glimmer,race_planner,yes,mile_racing_shoes|takamatsunomiya_kinen_winner_s_sash|satsuki_sho_winner_s_sash|japanese_derby_winner_s_sash|asahi_hai_f_s_winner_s_sash|dream_glimmer,100501,1005,100501-fuji-kiseki
9,oguri-cap-starlight-beat,Oguri Cap,Starlight Beat,オグリキャップ,Tomoyo Takayanagi,2025-06-26,March 27,167 cm,82 - 57 - 82,3,oguri-cap-starlight-beat.png,101,66,106,84,93,124,81,130,103,112,20,0,10,0,0,A,B,E,A,A,B,F,A,A,D,Oguri Cap — Starlight Beat.,triumphant_pulse,corner_acceleration_o|acceleration|hydrate,nakayama_racecourse_o|hydrate,cloudy_days_o,no,mile_racing_shoes,gourmand,yes,mile_racing_shoes|mile_ch_winner_s_sash|arima_kinen_winner_s_sash,nimble_navigator,no,mile_racing_shoes|nhk_mile_c_winner_s_sash|mile_ch_winner_s_sash|tenno_sho_autumn_winner_s_sash|arima_kinen_winner_s_sash|dream_glimmer,corner_connoisseur,yes,mile_racing_shoes|nhk_mile_c_winner_s_sash|mile_ch_winner_s_sash|tenno_sho_autumn_winner_s_sash|arima_kinen_winner_s_sash|dream_glimmer,100601,1006,100601-oguri-cap
10,gold-ship-red-strife,Gold Ship,Red Strife,ゴールドシップ,Hitomi Ueda,2025-06-26,March 6,170 cm,88 - 55 - 88,2,gold-ship-red-strife.png,82,96,100,77,70,106,124,129,99,92,0,20,10,0,0,A,G,G,C,A,A,G,B,B,A,Gold Ship — Red Strife.,warning_shot|anchors_aweigh,uma_stan|pressure|i_can_see_right_through_you,hanshin_racecourse_o|non_standard_distance_o|gatekept,after_school_stroll,no,long_racing_shoes,the_coast_is_clear,yes,long_racing_shoes|tenno_sho_spring_winner_s_sash|takarazuka_kinen_winner_s_sash,standing_by,no,long_racing_shoes|tenno_sho_spring_winner_s_sash|takarazuka_kinen_winner_s_sash|kikuka_sho_winner_s_sash|hopeful_s_winner_s_sash|dream_glimmer,go_home_specialist,yes,long_racing_shoes|tenno_sho_spring_winner_s_sash|takarazuka_kinen_winner_s_sash|kikuka_sho_winner_s_sash|hopeful_s_winner_s_sash|dream_glimmer,100701,1007,100701-gold-ship
11,vodka-wild-top-gear,Vodka,Wild Top Gear,ウオッカ,Ayaka Oohashi,2025-06-26,April 4,165 cm,76 - 55 - 78,2,vodka-wild-top-gear.png,96,61,105,75,88,124,79,136,97,114,10,0,20,0,0,A,G,F,A,A,F,C,B,A,F,Vodka — Wild Top Gear.,xceleration|cut_and_drive,straightaway_recovery|updrafters|slick_surge,shifting_gears|all_i_ve_got|slick_surge|pedal_to_the_metal|nimble_navigator,straightaway_acceleration,no,mile_racing_shoes,breath_of_fresh_air,yes,mile_racing_shoes|japanese_derby_winner_s_sash|yasuda_kinen_winner_s_sash,mile_straightaways_o,no,mile_racing_shoes|victoria_mile_winner_s_sash|japanese_derby_winner_s_sash|yasuda_kinen_winner_s_sash|hanshin_j_f_winner_s_sash|dream_glimmer,furious_feat,yes,mile_racing_shoes|victoria_mile_winner_s_sash|japanese_derby_winner_s_sash|yasuda_kinen_winner_s_sash|hanshin_j_f_winner_s_sash|dream_glimmer,100801,1008,100801-vodka
12,daiwa-scarlet-top-of-blue,Daiwa Scarlet,Top of Blue,ダイワスカーレット,Chisa Kimura,2025-06-26,May 13,163 cm,90 - 56 - 82,2,daiwa-scarlet-top-of-blue.png,84,77,79,95,90,109,99,103,122,117,10,0,0,20,0,A,G,F,A,A,B,A,A,E,G,Daiwa Scarlet — Top of Blue.,red_ace|resplendent_red_ace,competitive_spirit_o|up_tempo|preferred_position,unyielding_spirit|shifting_gears|head_on|nimble_navigator|steadfast,stamina_to_spare,no,medium_racing_shoes,killer_tunes,yes,medium_racing_shoes|oka_sho_winner_s_sash|arima_kinen_winner_s_sash,prepared_to_pass,no,medium_racing_shoes|oka_sho_winner_s_sash|shuka_sho_winner_s_sash|queen_elizabeth_ii_cup_winner_s_sash|arima_kinen_winner_s_sash|dream_glimmer,race_planner,yes,medium_racing_shoes|oka_sho_winner_s_sash|shuka_sho_winner_s_sash|queen_elizabeth_ii_cup_winner_s_sash|arima_kinen_winner_s_sash|dream_glimmer,100901,1009,100901-daiwa-scarlet
13,taiki-shuttle-wild-frontier,Taiki Shuttle,Wild Frontier,タイキシャトル,Yuka Ootsubo,2025-06-26,March 23,172 cm,94 - 59 - 90,3,taiki-shuttle-wild-frontier.png,96,71,98,93,92,118,87,119,113,113,20,0,0,0,10,A,B,A,A,E,G,C,A,E,G,Taiki Shuttle — Wild Frontier.,shooting_for_victory,straightaway_adept|shifting_gears|pace_chaser_savvy_o,prepared_to_pass|all_i_ve_got|no_looking_back|head_on,productive_plan,no,mile_racing_shoes,changing_gears,yes,mile_racing_shoes|sprinters_s_winner_s_sash|mile_ch_winner_s_sash,mile_straightaways_o,no,mile_racing_shoes|nhk_mile_c_winner_s_sash|yasuda_kinen_winner_s_sash|sprinters_s_winner_s_sash|mile_ch_winner_s_sash|dream_glimmer,mile_maven,yes,mile_racing_shoes|nhk_mile_c_winner_s_sash|yasuda_kinen_winner_s_sash|sprinters_s_winner_s_sash|mile_ch_winner_s_sash|dream_glimmer,101001,1010,101001-taiki-shuttle
14,grass-wonder-rock-piercing-blue,Grass Wonder,Rock-piercing Blue,グラスワンダー,Rena Maeda,2025-06-26,February 18,152 cm,77 - 53 - 84,2,grass-wonder-rock-piercing-blue.png,91,70,99,74,91,118,91,129,96,116,20,0,10,0,0,A,G,G,A,B,A,F,A,A,F,Grass Wonder — Rock-piercing Blue.,focused_mind|where_there_s_a_will_there_s_a_way,flustered_pace_chasers|tether|slick_surge,competitive_spirit_o|1_500_000_cc|be_still|up_tempo,homestretch_haste,no,medium_racing_shoes,dominator,yes,medium_racing_shoes|takarazuka_kinen_winner_s_sash|arima_kinen_winner_s_sash,position_pilfer,no,medium_racing_shoes|takarazuka_kinen_winner_s_sash|japan_cup_winner_s_sash|asahi_hai_f_s_winner_s_sash|arima_kinen_winner_s_sash|dream_glimmer,on_your_left,yes,medium_racing_shoes|takarazuka_kinen_winner_s_sash|japan_cup_winner_s_sash|asahi_hai_f_s_winner_s_sash|arima_kinen_winner_s_sash|dream_glimmer,101101,1011,101101-grass-wonder
15,grass-wonder-saint-jade-healer,Grass Wonder,Saint Jade Healer,グラスワンダー,Rena Maeda,2025-09-21,February 18,152 cm,77 - 53 - 84,3,grass-wonder-saint-jade-healer.png,91,83,97,79,100,111,101,119,96,123,0,15,0,0,15,A,G,G,A,B,A,F,A,A,F,Grass Wonder — Saint Jade Healer.,superior_heal,pace_strategy|deep_breaths|a_small_breather,competitive_spirit_o|1_500_000_cc|be_still|sharp_gaze|up_tempo,trick_front,no,medium_racing_shoes,cooldown,yes,medium_racing_shoes|takarazuka_kinen_winner_s_sash|arima_kinen_winner_s_sash,late_surger_savvy_o,no,medium_racing_shoes|yasuda_kinen_winner_s_sash|takarazuka_kinen_winner_s_sash|asahi_hai_f_s_winner_s_sash|arima_kinen_winner_s_sash|dream_glimmer,relax,yes,medium_racing_shoes|yasuda_kinen_winner_s_sash|takarazuka_kinen_winner_s_sash|asahi_hai_f_s_winner_s_sash|arima_kinen_winner_s_sash|dream_glimmer,101102,1011,101102-grass-wonder
16,hishi-amazon-amazoness-lapis,Hishi Amazon,Amazoness Lapis,ヒシアマゾン,Yuiko Tatsumi,2025-09-17,March 26,160 cm,92 - 59 - 89,3,hishi-amazon-amazoness-lapis.png,93,84,105,82,86,113,103,129,100,105,0,0,20,10,0,A,E,D,A,A,B,G,B,C,A,Hishi Amazon — Amazoness Lapis.,you_and_me_one_on_one,go_with_the_flow|masterful_gambit|steadfast,homestretch_haste|steadfast,end_closer_straightaways_o,no,medium_racing_shoes,unyielding,yes,medium_racing_shoes|japan_cup_winner_s_sash|hanshin_j_f_winner_s_sash,end_closer_corners_o,no,medium_racing_shoes|japanese_oaks_winner_s_sash|japan_cup_winner_s_sash|hanshin_j_f_winner_s_sash|arima_kinen_winner_s_sash|dream_glimmer,sturm_und_drang,yes,medium_racing_shoes|japanese_oaks_winner_s_sash|japan_cup_winner_s_sash|hanshin_j_f_winner_s_sash|arima_kinen_winner_s_sash|dream_glimmer,101201,1012,101201-hishi-amazon
17,mejiro-mcqueen-elegance-line,Mejiro McQueen,Elegance Line,メジロマックイーン,Saori Oonishi,2025-06-26,April 3,159 cm,71 - 54 - 76,3,mejiro-mcqueen-elegance-line.png,71,111,71,103,94,87,136,87,125,115,0,20,0,0,10,A,E,G,F,A,A,B,A,D,F,Mejiro McQueen — Elegance Line.,the_duty_of_dignity_calls,spring_runner_o|stamina_to_spare|keeping_the_lead,early_lead,long_corners_o,no,long_racing_shoes,vanguard_spirit,yes,long_racing_shoes|tenno_sho_spring_winner_s_sash|takarazuka_kinen_winner_s_sash,hydrate,no,long_racing_shoes|tenno_sho_spring_winner_s_sash|takarazuka_kinen_winner_s_sash|kikuka_sho_winner_s_sash|tenno_sho_autumn_winner_s_sash|dream_glimmer,calm_and_collected,yes,long_racing_shoes|tenno_sho_spring_winner_s_sash|takarazuka_kinen_winner_s_sash|kikuka_sho_winner_s_sash|tenno_sho_autumn_winner_s_sash|dream_glimmer,101301,1013,101301-mejiro-mcqueen
18,mejiro-mcqueen-end-of-sky,Mejiro McQueen,End of Sky,メジロマックイーン,Saori Oonishi,2025-07-16,April 3,159 cm,71 - 54 - 76,3,mejiro-mcqueen-end-of-sky.png,74,110,72,108,86,90,134,89,132,105,0,10,10,0,10,A,E,G,F,A,A,B,A,D,F,Mejiro McQueen — End of Sky.,legacy_of_the_strong,straightaway_adept|stamina_to_spare|deep_breaths,early_lead|calm_in_a_crowd|prudent_positioning,fall_runner_o,no,long_racing_shoes,cooldown,yes,long_racing_shoes|tenno_sho_spring_winner_s_sash|takarazuka_kinen_winner_s_sash,ramp_up,no,long_racing_shoes|tenno_sho_spring_winner_s_sash|takarazuka_kinen_winner_s_sash|kikuka_sho_winner_s_sash|osaka_hai_winner_s_sash|dream_glimmer,beeline_burst,yes,long_racing_shoes|tenno_sho_spring_winner_s_sash|takarazuka_kinen_winner_s_sash|kikuka_sho_winner_s_sash|osaka_hai_winner_s_sash|dream_glimmer,101302,1013,101302-mejiro-mcqueen
19,el-condor-pasa-el-numero-1,El Condor Pasa,El ☆ Numero 1,エルコンドルパサー,Minami Takahashi,2025-06-26,March 17,163 cm,89 - 58 - 86,2,el-condor-pasa-el-numero-1.png,85,76,80,93,91,110,98,103,121,118,20,0,0,0,10,A,B,F,A,A,B,E,A,A,C,El Condor Pasa — El ☆ Numero 1.,coraz_n_ardiente|victoria_por_plancha,straightaway_adept|hawkeye|pace_chaser_straightaways_o,soft_step|wet_conditions_o,stamina_to_spare,no,medium_racing_shoes,clairvoyance,yes,medium_racing_shoes|nhk_mile_c_winner_s_sash|japan_cup_winner_s_sash,up_tempo,no,medium_racing_shoes|nhk_mile_c_winner_s_sash|japanese_derby_winner_s_sash|japan_cup_winner_s_sash|arima_kinen_winner_s_sash|dream_glimmer,calm_and_collected,yes,medium_racing_shoes|nhk_mile_c_winner_s_sash|japanese_derby_winner_s_sash|japan_cup_winner_s_sash|arima_kinen_winner_s_sash|dream_glimmer,101401,1014,101401-el-condor-pasa
20,el-condor-pasa-kukulkan-monk,El Condor Pasa,Kukulkan Monk,エルコンドルパサー,Minami Takahashi,2025-09-21,March 17,163 cm,89 - 58 - 86,3,el-condor-pasa-kukulkan-monk.png,100,75,91,97,87,122,91,112,119,106,15,0,0,15,0,A,B,F,A,A,B,E,A,A,C,El Condor Pasa — Kukulkan Monk.,condor_s_fury,homestretch_haste|updrafters|outer_swell,soft_step|wet_conditions_o|calm_in_a_crowd|go_with_the_flow,unyielding_spirit,no,medium_racing_shoes,furious_feat,yes,medium_racing_shoes|nhk_mile_c_winner_s_sash|japan_cup_winner_s_sash,1_500_000_cc,no,medium_racing_shoes|nhk_mile_c_winner_s_sash|japanese_derby_winner_s_sash|takarazuka_kinen_winner_s_sash|japan_cup_winner_s_sash|dream_glimmer,rising_dragon,yes,medium_racing_shoes|nhk_mile_c_winner_s_sash|japanese_derby_winner_s_sash|takarazuka_kinen_winner_s_sash|japan_cup_winner_s_sash|dream_glimmer,101402,1014,101402-el-condor-pasa
21,tm-opera-o-o-sole-so,TM Opera O,O Sole So,テイエムオペラオー,Sora Tokui,2025-06-26,March 13,156 cm,76 - 55 - 80,3,tm-opera-o-o-sole-so.png,75,108,75,102,90,91,132,91,125,111,0,20,0,0,10,A,E,G,E,A,A,C,A,A,G,TM Opera O — O Sole So.,this_dance_is_for_vittoria,prepared_to_pass|up_tempo|non_standard_distance_o,non_standard_distance_o,straightaway_adept,no,long_racing_shoes,speed_star,yes,long_racing_shoes|takarazuka_kinen_winner_s_sash|tenno_sho_spring_winner_s_sash,stamina_to_spare,no,long_racing_shoes|takarazuka_kinen_winner_s_sash|tenno_sho_spring_winner_s_sash|satsuki_sho_winner_s_sash|arima_kinen_winner_s_sash|dream_glimmer,killer_tunes,yes,long_racing_shoes|takarazuka_kinen_winner_s_sash|tenno_sho_spring_winner_s_sash|satsuki_sho_winner_s_sash|arima_kinen_winner_s_sash|dream_glimmer,101501,1015,101501-tm-opera-o
22,narita-brian-maverick,Narita Brian,Maverick,ナリタブライアン,Rika Kinugawa,2025-08-20,May 3,160 cm,91 - 58 - 85,3,narita-brian-maverick.png,93,89,100,89,79,113,109,122,108,98,10,20,0,0,0,A,G,F,B,A,A,G,A,A,D,Narita Brian — Maverick.,shadow_break,straightaway_adept|medium_straightaways_o|preferred_position,passing_pro,homestretch_haste,no,long_racing_shoes,beeline_burst,yes,long_racing_shoes|kikuka_sho_winner_s_sash|arima_kinen_winner_s_sash,lone_wolf,no,long_racing_shoes|satsuki_sho_winner_s_sash|japanese_derby_winner_s_sash|kikuka_sho_winner_s_sash|arima_kinen_winner_s_sash|dream_glimmer,in_body_and_mind,yes,long_racing_shoes|satsuki_sho_winner_s_sash|japanese_derby_winner_s_sash|kikuka_sho_winner_s_sash|arima_kinen_winner_s_sash|dream_glimmer,101601,1016,101601-narita-brian
23,symboli-rudolf-road-of-emperor,Symboli Rudolf,Road of Emperor,シンボリルドルフ,Azusa Tadokoro,2025-06-26,March 13,165 cm,86 - 59 - 85,3,symboli-rudolf-road-of-emperor.png,86,91,83,96,94,106,111,101,118,114,0,20,0,10,0,A,G,E,C,A,A,B,A,A,C,Symboli Rudolf — Road of Emperor.,behold_thine_emperor_s_divine_might,corner_adept_o|tether|preferred_position,rainy_days_o|be_still,subdued_late_surgers,no,medium_racing_shoes,dominator,yes,medium_racing_shoes|satsuki_sho_winner_s_sash|arima_kinen_winner_s_sash,pace_chaser_corners_o,no,medium_racing_shoes|satsuki_sho_winner_s_sash|japanese_derby_winner_s_sash|kikuka_sho_winner_s_sash|arima_kinen_winner_s_sash|dream_glimmer,professor_of_curvature,yes,medium_racing_shoes|satsuki_sho_winner_s_sash|japanese_derby_winner_s_sash|kikuka_sho_winner_s_sash|arima_kinen_winner_s_sash|dream_glimmer,101701,1017,101701-symboli-rudolf
24,air-groove-empress-road,Air Groove,Empress Road,エアグルーヴ,Ruriko Aoki,2025-06-26,April 6,165 cm,90 - 57 - 86,2,air-groove-empress-road.png,86,81,81,86,91,111,105,105,112,117,10,0,20,0,0,A,G,C,B,A,E,D,A,A,G,Air Groove — Empress Road.,empress_s_pride|blazing_pride,go_with_the_flow|up_tempo|disorient,homestretch_haste,hesitant_end_closers,no,medium_racing_shoes,dazzling_disorientation,yes,medium_racing_shoes|japanese_oaks_winner_s_sash|tenno_sho_autumn_winner_s_sash,flustered_end_closers,no,medium_racing_shoes|japanese_oaks_winner_s_sash|shuka_sho_winner_s_sash|tenno_sho_autumn_winner_s_sash|hanshin_j_f_winner_s_sash|dream_glimmer,lane_legerdemain,yes,medium_racing_shoes|japanese_oaks_winner_s_sash|shuka_sho_winner_s_sash|tenno_sho_autumn_winner_s_sash|hanshin_j_f_winner_s_sash|dream_glimmer,101801,1018,101801-air-groove
25,air-groove-quercus-civilis,Air Groove,Quercus Civilis,エアグルーヴ,Ruriko Aoki,2025-08-28,April 6,165 cm,90 - 57 - 86,3,air-groove-quercus-civilis.png,94,82,91,88,95,115,100,111,107,117,10,0,10,10,0,A,G,C,B,A,E,D,A,A,G,Air Groove — Quercus Civilis.,eternal_moments,corner_acceleration_o|unyielding_spirit|pace_chaser_corners_o,homestretch_haste|go_with_the_flow|up_tempo,pace_chaser_savvy_o,no,medium_racing_shoes,big_sisterly,yes,medium_racing_shoes|japanese_oaks_winner_s_sash|queen_elizabeth_ii_cup_winner_s_sash,ramp_up,no,medium_racing_shoes|japanese_oaks_winner_s_sash|queen_elizabeth_ii_cup_winner_s_sash|hanshin_j_f_winner_s_sash|victoria_mile_winner_s_sash|dream_glimmer,corner_connoisseur,yes,medium_racing_shoes|japanese_oaks_winner_s_sash|queen_elizabeth_ii_cup_winner_s_sash|hanshin_j_f_winner_s_sash|victoria_mile_winner_s_sash|dream_glimmer,101802,1018,101802-air-groove
26,agnes-digital-super-express-full-color-special,Agnes Digital,Super Express! Full Color Special,アグネスデジタル,Minori Suzuki,2025-11-19,May 15,143 cm,74 - 51 - 75,3,agnes-digital-super-express-full-color-special.png,85,91,83,100,91,104,111,101,122,112,8,8,7,0,7,A,A,F,A,A,G,G,A,A,B,Agnes Digital — Super Express! Full Color Special.,omg_the_final_sprint,uma_stan|forward_march|late_surger_straightaways_o,top_pick|acceleration|homestretch_haste|kyoto_racecourse_o|mile_corners_o|updrafters|unyielding_spirit|morioka_racecourse_o|rapid_gain,wet_conditions_o,no,mile_racing_shoes,superstan,yes,mile_racing_shoes|february_s_winner_s_sash|tenno_sho_autumn_winner_s_sash,medium_straightaways_o,no,mile_racing_shoes|february_s_winner_s_sash|yasuda_kinen_winner_s_sash|tenno_sho_autumn_winner_s_sash|mile_ch_winner_s_sash|dream_glimmer,lead_the_charge,yes,mile_racing_shoes|february_s_winner_s_sash|yasuda_kinen_winner_s_sash|tenno_sho_autumn_winner_s_sash|mile_ch_winner_s_sash|dream_glimmer,101901,1019,101901-agnes-digital
27,seiun-sky-blue-cloud-thumbing,Seiun Sky,Blue Cloud Thumbing,セイウンスカイ,Akari Kitou,2025-09-07,April 26,155 cm,77 - 55 - 80,3,seiun-sky-blue-cloud-thumbing.png,98,98,88,83,83,120,120,108,101,101,0,10,0,0,20,A,G,G,C,A,A,A,B,D,E,Seiun Sky — Blue Cloud Thumbing.,angling_and_scheming,hesitant_pace_chasers|keeping_the_lead|fast_paced,subdued_late_surgers|deep_breaths|front_runner_straightaways_o|shake_it_out|highlander|steadfast|hesitant_late_surgers|fast_paced,front_runner_savvy_o,no,medium_racing_shoes,vanguard_spirit,yes,medium_racing_shoes|satsuki_sho_winner_s_sash|kikuka_sho_winner_s_sash,tail_held_high,no,medium_racing_shoes|satsuki_sho_winner_s_sash|tenno_sho_spring_winner_s_sash|japanese_derby_winner_s_sash|kikuka_sho_winner_s_sash|dream_glimmer,escape_artist,yes,medium_racing_shoes|satsuki_sho_winner_s_sash|tenno_sho_spring_winner_s_sash|japanese_derby_winner_s_sash|kikuka_sho_winner_s_sash|dream_glimmer,102001,1020,102001-seiun-sky
28,biwa-hayahide-pf-victory-formula,Biwa Hayahide,pf.Victory Formula...,ビワハヤヒデ,Yui Kondou,2025-07-10,March 10,171 cm,93 - 61 - 88,3,biwa-hayahide-pf-victory-formula.png,85,93,82,93,97,104,114,101,114,117,0,0,0,10,20,A,F,F,C,A,A,E,A,B,E,Biwa Hayahide — pf.Victory Formula....,win_q_e_d,wet_conditions_o|deep_breaths|stamina_to_spare,hanshin_racecourse_o|straightaway_acceleration|prepared_to_pass,outer_post_proficiency_o,no,medium_racing_shoes,calm_and_collected,yes,medium_racing_shoes|takarazuka_kinen_winner_s_sash|tenno_sho_spring_winner_s_sash,frenzied_end_closers,no,medium_racing_shoes|takarazuka_kinen_winner_s_sash|tenno_sho_spring_winner_s_sash|kikuka_sho_winner_s_sash|japanese_derby_winner_s_sash|dream_glimmer,cooldown,yes,medium_racing_shoes|takarazuka_kinen_winner_s_sash|tenno_sho_spring_winner_s_sash|kikuka_sho_winner_s_sash|japanese_derby_winner_s_sash|dream_glimmer,102301,1023,102301-biwa-hayahide
29,mayano-top-gun-scramble-zone,Mayano Top Gun,Scramble ☆ Zone,マヤノトップガン,Mio Hoshitani,2025-06-26,March 24,143 cm,75 - 51 - 73,2,mayano-top-gun-scramble-zone.png,73,100,67,95,90,94,130,86,123,117,0,20,0,10,0,A,E,D,D,A,A,A,A,B,B,Mayano Top Gun — Scramble ☆ Zone.,1st_place_kiss|flashy_landing,straightaway_recovery|leader_s_pride|deep_breaths,straightaway_adept|final_push|head_on|slick_surge|straightaway_spurt,nimble_navigator,no,long_racing_shoes,breath_of_fresh_air,yes,long_racing_shoes|tenno_sho_spring_winner_s_sash|takarazuka_kinen_winner_s_sash,go_with_the_flow,no,long_racing_shoes|tenno_sho_spring_winner_s_sash|takarazuka_kinen_winner_s_sash|kikuka_sho_winner_s_sash|arima_kinen_winner_s_sash|dream_glimmer,no_stopping_me,yes,long_racing_shoes|tenno_sho_spring_winner_s_sash|takarazuka_kinen_winner_s_sash|kikuka_sho_winner_s_sash|arima_kinen_winner_s_sash|dream_glimmer,102401,1024,102401-mayano-top-gun
30,mayano-top-gun-sunlight-bouquet,Mayano Top Gun,Sunlight Bouquet,マヤノトップガン,Mio Hoshitani,2025-08-28,March 24,143 cm,75 - 51 - 73,3,mayano-top-gun-sunlight-bouquet.png,83,100,82,90,95,102,123,100,110,115,10,10,0,0,10,A,E,D,D,A,A,A,A,B,B,Mayano Top Gun — Sunlight Bouquet.,flowery_maneuver,corner_recovery_o|shrewd_step|murmur,straightaway_adept|pace_strategy|straightaway_acceleration|final_push|head_on|slick_surge|straightaway_spurt,focus,no,long_racing_shoes,mystifying_murmur,yes,long_racing_shoes|takarazuka_kinen_winner_s_sash|tenno_sho_autumn_winner_s_sash,corner_adept_o,no,long_racing_shoes|takarazuka_kinen_winner_s_sash|tenno_sho_autumn_winner_s_sash|kikuka_sho_winner_s_sash|arima_kinen_winner_s_sash|dream_glimmer,swinging_maestro,yes,long_racing_shoes|takarazuka_kinen_winner_s_sash|tenno_sho_autumn_winner_s_sash|kikuka_sho_winner_s_sash|arima_kinen_winner_s_sash|dream_glimmer,102402,1024,102402-mayano-top-gun
31,mihono-bourbon-mb-19890425,Mihono Bourbon,MB-19890425,ミホノブルボン,Ikumi Hasegawa,2025-07-02,April 25,160 cm,86 - 54 - 87,3,mihono-bourbon-mb-19890425.png,96,72,92,102,88,117,88,112,124,109,0,20,10,0,0,A,G,C,B,A,B,A,E,G,G,Mihono Bourbon — MB-19890425.,g00_1st_f,rainy_days_o|early_lead|rosy_outlook,wet_conditions_o|final_push|straightaway_acceleration,front_runner_straightaways_o,no,medium_racing_shoes,taking_the_lead,yes,medium_racing_shoes|asahi_hai_f_s_winner_s_sash|satsuki_sho_winner_s_sash,front_runner_corners_o,no,medium_racing_shoes|asahi_hai_f_s_winner_s_sash|satsuki_sho_winner_s_sash|japanese_derby_winner_s_sash|kikuka_sho_winner_s_sash|dream_glimmer,trackblazer,yes,medium_racing_shoes|asahi_hai_f_s_winner_s_sash|satsuki_sho_winner_s_sash|japanese_derby_winner_s_sash|kikuka_sho_winner_s_sash|dream_glimmer,102601,1026,102601-mihono-bourbon
32,mejiro-ryan-straight-line,Mejiro Ryan,Straight Line,メジロライアン,Afumi Hashi,2025-06-26,April 11,163 cm,87 - 57 - 86,1,mejiro-ryan-straight-line.png,87,66,95,71,81,120,91,130,98,111,0,0,20,0,10,A,G,E,C,A,B,F,A,A,F,Mejiro Ryan — Straight Line.,feel_the_burn|let_s_pump_some_iron,rainy_days_o|up_tempo|outer_swell,wet_conditions_o|slick_surge,pace_strategy,no,medium_racing_shoes,killer_tunes,yes,medium_racing_shoes|takarazuka_kinen_winner_s_sash|arima_kinen_winner_s_sash,medium_straightaways_o,no,medium_racing_shoes|satsuki_sho_winner_s_sash|takarazuka_kinen_winner_s_sash|kikuka_sho_winner_s_sash|arima_kinen_winner_s_sash|dream_glimmer,rising_dragon,yes,medium_racing_shoes|satsuki_sho_winner_s_sash|takarazuka_kinen_winner_s_sash|kikuka_sho_winner_s_sash|arima_kinen_winner_s_sash|dream_glimmer,102701,1027,102701-mejiro-ryan
33,hishi-akebono-bono-alla-moda,Hishi Akebono,Bono ☆ Alla Moda,ヒシアケボノ,Rei Matsuzaki,2025-11-11,February 27,180 cm,99 - 64 - 88,3,hishi-akebono-bono-alla-moda.png,99,60,108,91,92,120,74,132,111,113,0,0,20,10,0,A,F,A,B,F,G,B,A,C,G,Hishi Akebono — Bono ☆ Alla Moda.,yummy_speed,sunny_days_o|hydrate|meticulous_measures,stamina_to_spare|countermeasure,tactical_tweak,no,sprint_racing_shoes,perfect_prep,yes,sprint_racing_shoes|takamatsunomiya_kinen_winner_s_sash|sprinters_s_winner_s_sash,intimidate,no,sprint_racing_shoes|takamatsunomiya_kinen_winner_s_sash|yasuda_kinen_winner_s_sash|sprinters_s_winner_s_sash|mile_ch_winner_s_sash|dream_glimmer,gourmand,yes,sprint_racing_shoes|takamatsunomiya_kinen_winner_s_sash|yasuda_kinen_winner_s_sash|sprinters_s_winner_s_sash|mile_ch_winner_s_sash|dream_glimmer,102801,1028,102801-hishi-akebono
34,rice-shower-rose-dream,Rice Shower,Rose Dream,ライスシャワー,Manaka Iwami,2025-06-26,March 5,145 cm,75 - 51 - 76,3,rice-shower-rose-dream.png,71,117,70,102,90,87,143,86,125,109,0,10,0,20,0,A,G,E,C,A,A,B,A,C,G,Rice Shower — Rose Dream.,blue_rose_closer,subdued_pace_chasers|straight_descent|deep_breaths,firm_conditions_o|kyoto_racecourse_o,highlander,no,long_racing_shoes,determined_descent,yes,long_racing_shoes|tenno_sho_spring_winner_s_sash|kikuka_sho_winner_s_sash,hydrate,no,long_racing_shoes|tenno_sho_spring_winner_s_sash|japanese_derby_winner_s_sash|takarazuka_kinen_winner_s_sash|kikuka_sho_winner_s_sash|dream_glimmer,cooldown,yes,long_racing_shoes|tenno_sho_spring_winner_s_sash|japanese_derby_winner_s_sash|takarazuka_kinen_winner_s_sash|kikuka_sho_winner_s_sash|dream_glimmer,103001,1030,103001-rice-shower
35,agnes-tachyon-tach-nology,Agnes Tachyon,Tach-nology,アグネスタキオン,Sumire Uesaka,2025-06-26,April 13,159 cm,83 - 55 - 81,1,agnes-tachyon-tach-nology.png,82,76,76,79,87,112,104,104,108,122,20,0,0,10,0,A,G,G,D,A,B,E,A,B,F,Agnes Tachyon — Tach-nology.,introduction_to_physiology|u_ma2,standard_distance_o|tether|preferred_position,corner_adept_o|tactical_tweak,medium_straightaways_o,no,medium_racing_shoes,dominator,yes,medium_racing_shoes|satsuki_sho_winner_s_sash|arima_kinen_winner_s_sash,medium_corners_o,no,medium_racing_shoes|osaka_hai_winner_s_sash|satsuki_sho_winner_s_sash|japanese_derby_winner_s_sash|arima_kinen_winner_s_sash|dream_glimmer,race_planner,yes,medium_racing_shoes|osaka_hai_winner_s_sash|satsuki_sho_winner_s_sash|japanese_derby_winner_s_sash|arima_kinen_winner_s_sash|dream_glimmer,103201,1032,103201-agnes-tachyon
36,winning-ticket-go-to-winning,Winning Ticket,Go To Winning!,ウイニングチケット,Yui Watanabe,2025-06-26,March 21,157 cm,88 - 57 - 85,1,winning-ticket-go-to-winning.png,87,68,91,74,80,120,93,125,101,111,0,10,20,0,0,A,G,G,F,A,B,G,B,A,G,Winning Ticket — Go To Winning!.,v_is_for_victory|our_ticket_to_win,firm_conditions_o|steadfast|fighter,nimble_navigator|late_surger_straightaways_o|late_surger_corners_o|position_pilfer|slick_surge|outer_swell,position_pilfer,no,medium_racing_shoes,hard_worker,yes,medium_racing_shoes|japanese_derby_winner_s_sash|kikuka_sho_winner_s_sash,late_surger_corners_o,no,medium_racing_shoes|osaka_hai_winner_s_sash|japanese_derby_winner_s_sash|kikuka_sho_winner_s_sash|hopeful_s_winner_s_sash|dream_glimmer,fast_furious,yes,medium_racing_shoes|osaka_hai_winner_s_sash|japanese_derby_winner_s_sash|kikuka_sho_winner_s_sash|hopeful_s_winner_s_sash|dream_glimmer,103501,1035,103501-winning-ticket
37,eishin-flash-meisterschaft,Eishin Flash,Meisterschaft,エイシンフラッシュ,Ayami Fujino,2025-10-30,March 27,160 cm,88 - 58 - 86,3,eishin-flash-meisterschaft.png,100,83,93,82,92,122,101,113,100,114,0,0,10,0,20,A,G,G,F,A,A,G,B,A,C,Eishin Flash — Meisterschaft.,schwarzes_schwert,go_with_the_flow|late_surger_savvy_o|medium_corners_o,standard_distance_o|fighter|tokyo_racecourse_o,homestretch_haste,no,medium_racing_shoes,lane_legerdemain,yes,medium_racing_shoes|japanese_derby_winner_s_sash|tenno_sho_autumn_winner_s_sash,focus,no,medium_racing_shoes|tenno_sho_spring_winner_s_sash|japanese_derby_winner_s_sash|tenno_sho_autumn_winner_s_sash|arima_kinen_winner_s_sash|dream_glimmer,in_body_and_mind,yes,medium_racing_shoes|tenno_sho_spring_winner_s_sash|japanese_derby_winner_s_sash|tenno_sho_autumn_winner_s_sash|arima_kinen_winner_s_sash|dream_glimmer,103701,1037,103701-eishin-flash
38,curren-chan-fille-eclair,Curren Chan,Fille Éclair,カレンチャン,Yuu Sasahara,2025-07-27,March 31,155 cm,83 - 55 - 79,3,curren-chan-fille-eclair.png,97,58,107,91,97,119,71,130,111,119,10,0,20,0,0,A,F,A,D,G,G,B,A,E,G,Curren Chan — Fille Éclair.,lookatcurren,ramp_up|disorient|intimidate,frenzied_late_surgers|sprinting_gear,meticulous_measures,no,sprint_racing_shoes,dazzling_disorientation,yes,sprint_racing_shoes|sprinters_s_winner_s_sash|takamatsunomiya_kinen_winner_s_sash,prepared_to_pass,no,sprint_racing_shoes|sprinters_s_winner_s_sash|takamatsunomiya_kinen_winner_s_sash|oka_sho_winner_s_sash|victoria_mile_winner_s_sash|dream_glimmer,adored_by_all,yes,sprint_racing_shoes|sprinters_s_winner_s_sash|takamatsunomiya_kinen_winner_s_sash|oka_sho_winner_s_sash|victoria_mile_winner_s_sash|dream_glimmer,103801,1038,103801-curren-chan
39,gold-city-authentic-1928,Gold City,Authentic 1928,ゴールドシチー,Saki Kosaka,2025-10-07,April 16,158 cm,85 - 58 - 82,3,gold-city-authentic-1928.png,89,92,94,92,83,109,113,114,112,102,0,0,10,20,0,A,D,F,A,B,B,F,A,A,F,Gold City — Authentic 1928.,keep_it_real,hanshin_racecourse_o|watchful_eye|slick_surge,unyielding_spirit,slipstream,no,mile_racing_shoes,keen_eye,yes,mile_racing_shoes|satsuki_sho_winner_s_sash|hanshin_j_f_winner_s_sash,acceleration,no,mile_racing_shoes|osaka_hai_winner_s_sash|satsuki_sho_winner_s_sash|kikuka_sho_winner_s_sash|hanshin_j_f_winner_s_sash|dream_glimmer,on_your_left,yes,mile_racing_shoes|osaka_hai_winner_s_sash|satsuki_sho_winner_s_sash|kikuka_sho_winner_s_sash|hanshin_j_f_winner_s_sash|dream_glimmer,104001,1040,104001-gold-city
40,sakura-bakushin-o-sakura-forward,Sakura Bakushin O,"Sakura, Forward!",サクラバクシンオー,Sachika Misawa,2025-06-26,April 14,158 cm,83 - 55 - 83,1,sakura-bakushin-o-sakura-forward.png,87,54,93,85,81,120,74,128,116,112,20,0,0,0,10,A,G,A,B,G,G,A,A,F,G,"Sakura Bakushin O — Sakura, Forward!.",class_rep_speed_bakushin|genius_x_bakushin_victory,flustered_front_runners|pace_chaser_straightaways_o|sprinting_gear,nakayama_racecourse_o|moxie|light_as_a_feather,huge_lead,no,sprint_racing_shoes,turbo_sprint,yes,sprint_racing_shoes|sprinters_s_winner_s_sash|mile_ch_winner_s_sash,countermeasure,no,sprint_racing_shoes|takamatsunomiya_kinen_winner_s_sash|yasuda_kinen_winner_s_sash|sprinters_s_winner_s_sash|mile_ch_winner_s_sash|dream_glimmer,staggering_lead,yes,sprint_racing_shoes|takamatsunomiya_kinen_winner_s_sash|yasuda_kinen_winner_s_sash|sprinters_s_winner_s_sash|mile_ch_winner_s_sash|dream_glimmer,104101,1041,104101-sakura-bakushin-o
41,super-creek-murmuring-stream,Super Creek,Murmuring Stream,スーパークリーク,Kana Yuuki,2025-06-26,May 27,168 cm,97 - 61 - 91,2,super-creek-murmuring-stream.png,65,100,71,100,89,84,129,92,129,116,0,10,0,0,20,A,G,G,G,A,A,D,A,B,G,Super Creek — Murmuring Stream.,clear_heart|pure_heart,corner_recovery_o|deep_breaths|disorient,corner_recovery_o|hydrate|prepared_to_pass,ramp_up,no,long_racing_shoes,dazzling_disorientation,yes,long_racing_shoes|tenno_sho_spring_winner_s_sash|kikuka_sho_winner_s_sash,hesitant_pace_chasers,no,long_racing_shoes|osaka_hai_winner_s_sash|tenno_sho_spring_winner_s_sash|kikuka_sho_winner_s_sash|arima_kinen_winner_s_sash|dream_glimmer,swinging_maestro,yes,long_racing_shoes|osaka_hai_winner_s_sash|tenno_sho_spring_winner_s_sash|kikuka_sho_winner_s_sash|arima_kinen_winner_s_sash|dream_glimmer,104501,1045,104501-super-creek
42,smart-falcon-absolute-love,Smart Falcon,Absolute ☆ LOVE,スマートファルコン,Hitomi Oowada,2025-08-11,April 4,156 cm,78 - 55 - 80,3,smart-falcon-absolute-love.png,94,85,85,100,86,115,104,104,122,105,20,0,10,0,0,E,A,B,A,A,E,A,D,G,G,Smart Falcon — Absolute ☆ LOVE.,sparkly_stardom,prudent_positioning|front_runner_savvy_o|top_pick,leader_s_pride|top_pick|kawasaki_racecourse_o|sunny_sign,wet_conditions_o,no,dirt_racing_shoes,center_stage,yes,dirt_racing_shoes|tokyo_daishoten_winner_s_sash|jbc_classic_winner_s_sash,oi_racecourse_o,no,dirt_racing_shoes|tokyo_daishoten_winner_s_sash|jbc_classic_winner_s_sash|teio_sho_winner_s_sash|japan_dirt_derby_winner_s_sash|dream_glimmer,trending_in_the_charts,yes,dirt_racing_shoes|tokyo_daishoten_winner_s_sash|jbc_classic_winner_s_sash|teio_sho_winner_s_sash|japan_dirt_derby_winner_s_sash|dream_glimmer,104601,1046,104601-smart-falcon
43,narita-taishin-nevertheless,Narita Taishin,Nevertheless,ナリタタイシン,Keiko Watanabe,2025-08-03,June 10,145 cm,69 - 50 - 73,3,narita-taishin-nevertheless.png,96,82,99,79,94,118,100,121,97,114,10,0,0,20,0,A,G,F,D,A,A,G,F,B,A,Narita Taishin — Nevertheless.,nemesis,lone_wolf|standing_by|murmur,standing_by|early_start,straightaway_spurt,no,medium_racing_shoes,sleeping_lion,yes,medium_racing_shoes|satsuki_sho_winner_s_sash|hopeful_s_winner_s_sash,end_closer_straightaways_o,no,medium_racing_shoes|satsuki_sho_winner_s_sash|hopeful_s_winner_s_sash|japanese_derby_winner_s_sash|tenno_sho_spring_winner_s_sash|dream_glimmer,encroaching_shadow,yes,medium_racing_shoes|satsuki_sho_winner_s_sash|hopeful_s_winner_s_sash|japanese_derby_winner_s_sash|tenno_sho_spring_winner_s_sash|dream_glimmer,105001,1050,105001-narita-taishin
44,haru-urara-uraran-first-prize,Haru Urara,Uraran First Prize ♪,ハルウララ,Yukina Shutou,2025-06-26,February 27,140 cm,74 - 51 - 73,1,haru-urara-uraran-first-prize.png,83,58,89,86,84,115,79,123,119,114,0,0,10,20,0,G,A,A,B,G,G,G,G,A,B,Haru Urara — Uraran First Prize ♪.,super_duper_stoked|super_duper_climax,lay_low|sprinting_gear|1_500_000_cc,long_shot_o,pace_strategy,no,dirt_racing_shoes,iron_will,yes,dirt_racing_shoes|february_s_winner_s_sash|jbc_sprint_winner_s_sash,long_shot_o,no,dirt_racing_shoes|february_s_winner_s_sash|jbc_ladies_classic_winner_s_sash|jbc_sprint_winner_s_sash|champions_cup_winner_s_sash|dream_glimmer,indomitable,yes,dirt_racing_shoes|february_s_winner_s_sash|jbc_ladies_classic_winner_s_sash|jbc_sprint_winner_s_sash|champions_cup_winner_s_sash|dream_glimmer,105201,1052,105201-haru-urara
45,matikanefukukitaru-rising-luck-flood-of-happiness,Matikanefukukitaru,Rising Luck ☆ Flood of Happiness,マチカネフクキタル,Hiyori Nitta,2025-06-26,May 22,158 cm,84 - 59 - 83,1,matikanefukukitaru-rising-luck-flood-of-happiness.png,77,81,88,81,73,106,111,121,111,101,0,20,10,0,0,A,F,F,C,A,A,G,B,A,F,Matikanefukukitaru — Rising Luck ☆ Flood of Happiness.,luck_be_with_me|i_see_victory_in_my_future,lucky_seven|a_small_breather|smoke_screen,hesitant_front_runners|slick_surge,triple_7s,no,long_racing_shoes,illusionist,yes,long_racing_shoes|takarazuka_kinen_winner_s_sash|kikuka_sho_winner_s_sash,trick_rear,no,long_racing_shoes|takarazuka_kinen_winner_s_sash|japanese_derby_winner_s_sash|kikuka_sho_winner_s_sash|arima_kinen_winner_s_sash|dream_glimmer,super_lucky_seven,yes,long_racing_shoes|takarazuka_kinen_winner_s_sash|japanese_derby_winner_s_sash|kikuka_sho_winner_s_sash|arima_kinen_winner_s_sash|dream_glimmer,105601,1056,105601-matikanefukukitaru
46,matikanefukukitaru-good-omenfirst-storm,Matikanefukukitaru,Good Omen・First Storm,マチカネフクキタル,Hiyori Nitta,2025-11-06,May 22,158 cm,84 - 59 - 83,3,matikanefukukitaru-good-omenfirst-storm.png,87,100,94,94,75,106,122,115,115,92,0,10,0,10,10,A,F,F,C,A,A,G,B,A,F,Matikanefukukitaru — Good Omen・First Storm.,bountiful_harvest,right_handed_o|slick_surge|pressure,hesitant_front_runners|lucky_seven|slick_surge,inside_scoop,no,long_racing_shoes,overwhelming_pressure,yes,long_racing_shoes|osaka_hai_winner_s_sash|kikuka_sho_winner_s_sash,kyoto_racecourse_o,no,long_racing_shoes|osaka_hai_winner_s_sash|japanese_derby_winner_s_sash|kikuka_sho_winner_s_sash|arima_kinen_winner_s_sash|dream_glimmer,innate_experience,yes,long_racing_shoes|osaka_hai_winner_s_sash|japanese_derby_winner_s_sash|kikuka_sho_winner_s_sash|arima_kinen_winner_s_sash|dream_glimmer,105602,1056,105602-matikanefukukitaru
47,meisho-doto-blue-raging,Meisho Doto,Blue/Raging,メイショウドトウ,Misaki Watada,2025-10-21,March 25,164 cm,99 - 61 - 89,3,meisho-doto-blue-raging.png,93,95,85,96,81,113,116,104,118,99,0,20,0,10,0,A,E,G,F,A,A,F,A,B,E,Meisho Doto — Blue/Raging.,i_never_goof_up,pace_strategy|medium_corners_o|prepared_to_pass,tactical_tweak|prepared_to_pass|up_tempo,non_standard_distance_o,no,medium_racing_shoes,speed_star,yes,medium_racing_shoes|takarazuka_kinen_winner_s_sash|arima_kinen_winner_s_sash,subdued_pace_chasers,no,medium_racing_shoes|tenno_sho_spring_winner_s_sash|takarazuka_kinen_winner_s_sash|japan_cup_winner_s_sash|arima_kinen_winner_s_sash|dream_glimmer,indomitable,yes,medium_racing_shoes|tenno_sho_spring_winner_s_sash|takarazuka_kinen_winner_s_sash|japan_cup_winner_s_sash|arima_kinen_winner_s_sash|dream_glimmer,105801,1058,105801-meisho-doto
48,nice-nature-poinsettia-ribbon,Nice Nature,Poinsettia Ribbon,ナイスネイチャ,Kaori Maeda,2025-06-26,April 16,157 cm,79 - 56 - 80,1,nice-nature-poinsettia-ribbon.png,86,72,89,69,84,118,99,123,96,114,0,0,20,0,10,A,G,G,C,A,A,F,B,A,D,Nice Nature — Poinsettia Ribbon.,i_can_win_sometimes_right|just_a_little_farther,kokura_racecourse_o|murmur|sharp_gaze,studious|homestretch_haste,hesitant_late_surgers,no,medium_racing_shoes,mystifying_murmur,yes,medium_racing_shoes|tenno_sho_autumn_winner_s_sash|arima_kinen_winner_s_sash,a_small_breather,no,medium_racing_shoes|takarazuka_kinen_winner_s_sash|kikuka_sho_winner_s_sash|tenno_sho_autumn_winner_s_sash|arima_kinen_winner_s_sash|dream_glimmer,all_seeing_eyes,yes,medium_racing_shoes|takarazuka_kinen_winner_s_sash|kikuka_sho_winner_s_sash|tenno_sho_autumn_winner_s_sash|arima_kinen_winner_s_sash|dream_glimmer,106001,1060,106001-nice-nature
49,king-halo-king-of-emeralds,King Halo,King of Emeralds,キングヘイロー,Iori Saeki,2025-06-26,April 28,159 cm,85 - 60 - 85,1,king-halo-king-of-emeralds.png,87,60,93,73,87,120,82,127,100,121,0,0,20,10,0,A,G,A,B,B,C,G,B,A,D,King Halo — King of Emeralds.,call_me_king|prideful_king,outer_post_proficiency_o|gap_closer|studious,outer_swell|studious,soft_step,no,sprint_racing_shoes,blinding_flash,yes,sprint_racing_shoes|takamatsunomiya_kinen_winner_s_sash|satsuki_sho_winner_s_sash,unyielding_spirit,no,sprint_racing_shoes|takamatsunomiya_kinen_winner_s_sash|satsuki_sho_winner_s_sash|tenno_sho_autumn_winner_s_sash|hopeful_s_winner_s_sash|dream_glimmer,the_bigger_picture,yes,sprint_racing_shoes|takamatsunomiya_kinen_winner_s_sash|satsuki_sho_winner_s_sash|tenno_sho_autumn_winner_s_sash|hopeful_s_winner_s_sash|dream_glimmer,106101,1061,106101-king-halo
50,rice-shower-make-up-vampire,Rice Shower,Make up Vampire!,ライスシャワー,Manaka Iwami,2025-11-24,March 5,145 cm,75 - 51 - 76,3,rice-shower-make-up-vampire.png,76,121,67,97,89,93,148,82,118,109,0,15,15,0,0,A,G,E,C,A,A,B,A,C,G,Rice Shower — Make up Vampire!.,every_rose_has_its_fangs,trick_front|long_straightaways_o|stamina_to_spare,firm_conditions_o|deep_breaths|frenzied_pace_chasers|kyoto_racecourse_o,corner_recovery_o,no,long_racing_shoes,calm_and_collected,yes,long_racing_shoes|tenno_sho_spring_winner_s_sash|kikuka_sho_winner_s_sash,hesitant_front_runners,no,long_racing_shoes|tenno_sho_spring_winner_s_sash|takarazuka_kinen_winner_s_sash|kikuka_sho_winner_s_sash|tenno_sho_autumn_winner_s_sash|dream_glimmer,tantalizing_trick,yes,long_racing_shoes|tenno_sho_spring_winner_s_sash|takarazuka_kinen_winner_s_sash|kikuka_sho_winner_s_sash|tenno_sho_autumn_winner_s_sash|dream_glimmer,103002,1030,103002-rice-shower
51,super-creek-chiffon-ribbon-mummy,Super Creek,Chiffon Ribbon Mummy,スーパークリーク,Kana Yuuki,2025-11-24,May 27,168 cm,97 - 61 - 91,3,super-creek-chiffon-ribbon-mummy.png,74,106,75,98,97,90,129,92,119,120,14,8,0,8,0,A,G,G,G,A,A,D,A,B,G,Super Creek — Chiffon Ribbon Mummy.,give_mummy_a_hug,corner_adept_o|murmur|hydrate,corner_recovery_o|hydrate|studious|steadfast|prepared_to_pass,pace_chaser_corners_o,no,long_racing_shoes,professor_of_curvature,yes,long_racing_shoes|kikuka_sho_winner_s_sash|tenno_sho_autumn_winner_s_sash,medium_straightaways_o,no,long_racing_shoes|kikuka_sho_winner_s_sash|tenno_sho_autumn_winner_s_sash|japan_cup_winner_s_sash|arima_kinen_winner_s_sash|dream_glimmer,mystifying_murmur,yes,long_racing_shoes|kikuka_sho_winner_s_sash|tenno_sho_autumn_winner_s_sash|japan_cup_winner_s_sash|arima_kinen_winner_s_sash|dream_glimmer,104502,1045,104502-super-creek
52,kawakami-princess-princess-of-pink,Kawakami Princess,Princess of Pink,カワカミプリンセス,Karin Takahashi,2025-12-01,June 5,154 cm,91 - 57 - 87,3,kawakami-princess-princess-of-pink.png,100,71,107,82,90,122,87,131,101,109,0,0,10,20,0,A,G,D,B,A,F,G,C,A,D,Kawakami Princess — Princess of Pink.,a_princess_must_seize_victory,nimble_navigator|unyielding_spirit|outer_swell,prepared_to_pass|homestretch_haste|outer_swell,late_surger_straightaways_o,no,medium_racing_shoes,no_stopping_me,yes,medium_racing_shoes|japanese_oaks_winner_s_sash|shuka_sho_winner_s_sash,standard_distance_o,no,medium_racing_shoes|victoria_mile_winner_s_sash|japanese_oaks_winner_s_sash|shuka_sho_winner_s_sash|queen_elizabeth_ii_cup_winner_s_sash|dream_glimmer,rising_dragon,yes,medium_racing_shoes|victoria_mile_winner_s_sash|japanese_oaks_winner_s_sash|shuka_sho_winner_s_sash|queen_elizabeth_ii_cup_winner_s_sash|dream_glimmer,103901,1039,103901-kawakami-princess
53,manhattan-cafe-creeping-black,Manhattan Cafe,Creeping Black,マンハッタンカフェ,Yui Ogura,2025-12-08,March 5,155 cm,73 - 54 - 78,3,manhattan-cafe-creeping-black.png,83,98,94,86,89,101,120,115,105,109,0,30,0,0,0,A,G,G,F,B,A,G,C,A,C,Manhattan Cafe — Creeping Black.,chasing_after_you,rainy_days_o|stamina_eater|a_small_breather,slick_surge|long_straightaways_o|long_corners_o,highlander,no,long_racing_shoes,relax,yes,long_racing_shoes|tenno_sho_spring_winner_s_sash|kikuka_sho_winner_s_sash,passing_pro,no,long_racing_shoes|tenno_sho_spring_winner_s_sash|kikuka_sho_winner_s_sash|japan_cup_winner_s_sash|arima_kinen_winner_s_sash|dream_glimmer,stamina_siphon,yes,long_racing_shoes|tenno_sho_spring_winner_s_sash|kikuka_sho_winner_s_sash|japan_cup_winner_s_sash|arima_kinen_winner_s_sash|dream_glimmer,102501,1025,102501-manhattan-cafe
54,symboli-rudolf-archer-of-the-white-moon,Symboli Rudolf,Archer of the White Moon,シンボリルドルフ,Azusa Tadokoro,2025-12-14,March 13,165 cm,86 - 59 - 85,3,symboli-rudolf-archer-of-the-white-moon.png,83,87,90,90,100,101,107,110,110,122,8,14,0,0,8,A,G,E,C,A,A,B,A,A,C,Symboli Rudolf — Archer of the White Moon.,arrows_whistle_shadows_disperse,fall_runner_o|inside_scoop|stamina_to_spare,rainy_days_o|prepared_to_pass|pace_chaser_corners_o|be_still,straight_descent,no,medium_racing_shoes,calm_and_collected,yes,medium_racing_shoes|kikuka_sho_winner_s_sash|arima_kinen_winner_s_sash,pace_chaser_straightaways_o,no,medium_racing_shoes|kikuka_sho_winner_s_sash|tenno_sho_autumn_winner_s_sash|japan_cup_winner_s_sash|arima_kinen_winner_s_sash|dream_glimmer,fall_frenzy,yes,medium_racing_shoes|kikuka_sho_winner_s_sash|tenno_sho_autumn_winner_s_sash|japan_cup_winner_s_sash|arima_kinen_winner_s_sash|dream_glimmer,101702,1017,101702-symboli-rudolf
55,gold-city-akizakura-danzatrice,Gold City,Akizakura Danzatrice,ゴールドシチー,Saki Kosaka,2025-12-14,April 16,158 cm,85 - 58 - 82,3,gold-city-akizakura-danzatrice.png,86,98,86,98,82,105,120,105,119,101,8,0,8,0,14,A,D,F,A,B,B,F,A,A,F,Gold City — Akizakura Danzatrice.,dancing_in_the_leaves,rainy_days_o|opening_gambit|be_still,unyielding_spirit|1_500_000_cc|slick_surge,late_surger_savvy_o,no,mile_racing_shoes,battle_formation,yes,mile_racing_shoes|kikuka_sho_winner_s_sash|hanshin_j_f_winner_s_sash,late_surger_corners_o,no,mile_racing_shoes|takarazuka_kinen_winner_s_sash|kikuka_sho_winner_s_sash|japan_cup_winner_s_sash|hanshin_j_f_winner_s_sash|dream_glimmer,lie_in_wait,yes,mile_racing_shoes|takarazuka_kinen_winner_s_sash|kikuka_sho_winner_s_sash|japan_cup_winner_s_sash|hanshin_j_f_winner_s_sash|dream_glimmer,104002,1040,104002-gold-city
56,tosen-jordan-pop-joker,Tosen Jordan,Pop ☆ Joker,トーセンジョーダン,Eri Suzuki,2025-12-18,February 4,157 cm,82 - 56 - 84,3,tosen-jordan-pop-joker.png,89,98,75,101,87,109,120,92,123,106,10,0,10,10,0,A,G,G,F,A,B,C,A,B,G,Tosen Jordan — Pop ☆ Joker.,pop_polish,long_shot_o|slick_surge|medium_straightaways_o,straightaway_acceleration|fighter,preferred_position,no,medium_racing_shoes,on_your_left,yes,medium_racing_shoes|tenno_sho_spring_winner_s_sash|tenno_sho_autumn_winner_s_sash,all_i_ve_got,no,medium_racing_shoes|osaka_hai_winner_s_sash|tenno_sho_spring_winner_s_sash|tenno_sho_autumn_winner_s_sash|japan_cup_winner_s_sash|dream_glimmer,race_planner,yes,medium_racing_shoes|osaka_hai_winner_s_sash|tenno_sho_spring_winner_s_sash|tenno_sho_autumn_winner_s_sash|japan_cup_winner_s_sash|dream_glimmer,104801,1048,104801-tosen-jordan
57,mejiro-dober-twisted-line,Mejiro Dober,Twisted Line,メジロドーベル,Hikari Kubota,2025-12-28,May 6,157 cm,83 - 57 - 81,3,mejiro-dober-twisted-line.png,96,85,97,75,97,117,104,119,92,118,10,0,0,0,20,A,G,E,A,A,F,C,B,A,G,Mejiro Dober — Twisted Line.,moving_past_and_beyond,kyoto_racecourse_o|sharp_gaze|soft_step,fall_runner_o|unyielding_spirit|all_i_ve_got,late_surger_straightaways_o,no,medium_racing_shoes,all_seeing_eyes,yes,medium_racing_shoes|japanese_oaks_winner_s_sash|queen_elizabeth_ii_cup_winner_s_sash,up_tempo,no,medium_racing_shoes|japanese_oaks_winner_s_sash|shuka_sho_winner_s_sash|queen_elizabeth_ii_cup_winner_s_sash|hanshin_j_f_winner_s_sash|dream_glimmer,yodo_invicta,yes,medium_racing_shoes|japanese_oaks_winner_s_sash|shuka_sho_winner_s_sash|queen_elizabeth_ii_cup_winner_s_sash|hanshin_j_f_winner_s_sash|dream_glimmer,105901,1059,105901-mejiro-dober
58,oguri-cap-miraculous-white-star,Oguri Cap,Miraculous White Star,オグリキャップ,Tomoyo Takayanagi,2026-01-05,March 27,167 cm,82 - 57 - 82,3,oguri-cap-miraculous-white-star.png,94,91,111,76,78,115,111,136,93,95,15,15,0,0,0,A,B,E,A,A,B,F,A,A,D,Oguri Cap — Miraculous White Star.,festive_miracle,shake_it_out|inside_scoop|hydrate,nakayama_racecourse_o|hydrate|winter_runner_o,a_small_breather,no,medium_racing_shoes,gourmand,yes,medium_racing_shoes|japan_cup_winner_s_sash|asahi_hai_f_s_winner_s_sash,triple_7s,no,medium_racing_shoes|mile_ch_winner_s_sash|japan_cup_winner_s_sash|asahi_hai_f_s_winner_s_sash|arima_kinen_winner_s_sash|dream_glimmer,innate_experience,yes,medium_racing_shoes|mile_ch_winner_s_sash|japan_cup_winner_s_sash|asahi_hai_f_s_winner_s_sash|arima_kinen_winner_s_sash|dream_glimmer,100602,1006,100602-oguri-cap
59,biwa-hayahide-noel-rouge-carol,Biwa Hayahide,Noel Rouge Carol,ビワハヤヒデ,Yui Kondou,2026-01-05,March 10,171 cm,93 - 61 - 88,3,biwa-hayahide-noel-rouge-carol.png,83,99,76,96,96,102,121,93,117,117,0,12,12,0,6,A,F,F,C,A,A,E,A,B,E,Biwa Hayahide — Noel Rouge Carol.,presents_from_x,homestretch_haste|passing_pro|preferred_position,hanshin_racecourse_o|winter_runner_o|pressure|straightaway_acceleration|prepared_to_pass,pace_chaser_savvy_o,no,medium_racing_shoes,vip_pass,yes,medium_racing_shoes|takarazuka_kinen_winner_s_sash|arima_kinen_winner_s_sash,pace_chaser_straightaways_o,no,medium_racing_shoes|takarazuka_kinen_winner_s_sash|kikuka_sho_winner_s_sash|asahi_hai_f_s_winner_s_sash|arima_kinen_winner_s_sash|dream_glimmer,in_body_and_mind,yes,medium_racing_shoes|takarazuka_kinen_winner_s_sash|kikuka_sho_winner_s_sash|asahi_hai_f_s_winner_s_sash|arima_kinen_winner_s_sash|dream_glimmer,102302,1023,102302-biwa-hayahide
60,fine-motion-noble-seamair,Fine Motion,Noble Seamair,ファインモーション,Chinami Hashimoto,2026-01-15,January 27,158 cm,79 - 56 - 83,3,fine-motion-noble-seamair.png,96,84,95,88,87,117,102,116,108,107,0,0,15,0,15,A,G,F,A,A,C,D,A,E,C,Fine Motion — Noble Seamair.,fairy_tale,fall_runner_o|prepared_to_pass|medium_corners_o,pace_chaser_corners_o|all_i_ve_got|ramp_up|standing_by|up_tempo|straight_descent|updrafters|preferred_position|head_on,straight_descent,no,medium_racing_shoes,speed_star,yes,medium_racing_shoes|shuka_sho_winner_s_sash|queen_elizabeth_ii_cup_winner_s_sash,right_handed_o,no,medium_racing_shoes|shuka_sho_winner_s_sash|mile_ch_winner_s_sash|queen_elizabeth_ii_cup_winner_s_sash|arima_kinen_winner_s_sash|dream_glimmer,determined_descent,yes,medium_racing_shoes|shuka_sho_winner_s_sash|mile_ch_winner_s_sash|queen_elizabeth_ii_cup_winner_s_sash|arima_kinen_winner_s_sash|dream_glimmer,102201,1022,102201-fine-motion
61,tamamo-cross-with-lightning-speed,Tamamo Cross,With Lightning Speed,タマモクロス,Naomi Oozora,2026-01-22,May 23,140 cm,71 - 52 - 73,3,tamamo-cross-with-lightning-speed.png,83,95,105,83,84,101,116,129,102,102,0,20,10,0,0,A,F,G,E,A,A,G,A,A,A,Tamamo Cross — With Lightning Speed.,white_lightning_comin_through,tail_held_high|thunderbolt_step|position_pilfer,hanshin_racecourse_o|tail_held_high|kyoto_racecourse_o|updrafters|nakayama_racecourse_o|up_tempo,preferred_position,no,long_racing_shoes,fast_furious,yes,long_racing_shoes|tenno_sho_spring_winner_s_sash|tenno_sho_autumn_winner_s_sash,straightaway_spurt,no,long_racing_shoes|tenno_sho_spring_winner_s_sash|takarazuka_kinen_winner_s_sash|tenno_sho_autumn_winner_s_sash|japan_cup_winner_s_sash|dream_glimmer,tail_nine,yes,long_racing_shoes|tenno_sho_spring_winner_s_sash|takarazuka_kinen_winner_s_sash|tenno_sho_autumn_winner_s_sash|japan_cup_winner_s_sash|dream_glimmer,102101,1021,102101-tamamo-cross
62,tm-opera-o-blue-dazzle,TM Opera O,Blue Dazzle,テイエムオペラオー,Sora Tokui,2026-01-29,March 13,156 cm,76 - 55 - 80,3,tm-opera-o-blue-dazzle.png,87,102,74,88,99,106,124,91,107,122,14,8,0,0,8,A,E,G,E,A,A,C,A,A,G,TM Opera O — Blue Dazzle.,barcarole_of_blessings,pace_chaser_straightaways_o|feature_act|corner_recovery_o,non_standard_distance_o|prepared_to_pass|tether,inner_post_proficiency_o,no,long_racing_shoes,swinging_maestro,yes,long_racing_shoes|japan_cup_winner_s_sash|arima_kinen_winner_s_sash,winter_runner_o,no,long_racing_shoes|takarazuka_kinen_winner_s_sash|tenno_sho_autumn_winner_s_sash|japan_cup_winner_s_sash|arima_kinen_winner_s_sash|dream_glimmer,headliner,yes,long_racing_shoes|takarazuka_kinen_winner_s_sash|tenno_sho_autumn_winner_s_sash|japan_cup_winner_s_sash|arima_kinen_winner_s_sash|dream_glimmer,101502,1015,101502-tm-opera-o
63,haru-urara-first-urara-saku-sakura,Haru Urara,First Urara ♪ Saku Sakura,ハルウララ,Yukina Shutou,2026-01-29,February 27,140 cm,74 - 51 - 73,3,haru-urara-first-urara-saku-sakura.png,94,54,106,98,98,115,66,130,119,120,0,0,20,10,0,G,A,A,A,G,G,G,G,A,B,Haru Urara — First Urara ♪ Saku Sakura.,114th_time_s_the_charm,prudent_positioning|unyielding_spirit|fighter,fighter|pace_strategy|long_shot_o,shake_it_out,no,dirt_racing_shoes,center_stage,yes,dirt_racing_shoes|february_s_winner_s_sash|jbc_sprint_winner_s_sash,snowy_days_o,no,dirt_racing_shoes|february_s_winner_s_sash|champions_cup_winner_s_sash|jbc_sprint_winner_s_sash|arima_kinen_winner_s_sash|dream_glimmer,hard_worker,yes,dirt_racing_shoes|february_s_winner_s_sash|champions_cup_winner_s_sash|jbc_sprint_winner_s_sash|arima_kinen_winner_s_sash|dream_glimmer,105202,1052,105202-haru-urara
64,sakura-chiyono-o-hinoshita-kaisanhana-akari,Sakura Chiyono O,Hinoshita Kaisan・Hana Akari,サクラチヨノオー,Ruriko Noguchi,2026-02-11,February 19,156 cm,80 - 55 - 83,3,sakura-chiyono-o-hinoshita-kaisanhana-akari.png,93,96,78,93,90,114,117,95,114,110,10,0,0,10,10,A,G,E,A,A,E,B,A,F,G,Sakura Chiyono O — Hinoshita Kaisan・Hana Akari.,ambition_to_surpass_the_sakura,spring_runner_o|prepared_to_pass|medium_corners_o,pace_chaser_savvy_o|up_tempo|head_on|feature_act,corner_acceleration_o,no,medium_racing_shoes,speed_star,yes,medium_racing_shoes|japanese_derby_winner_s_sash|asahi_hai_f_s_winner_s_sash,pace_chaser_savvy_o,no,medium_racing_shoes|satsuki_sho_winner_s_sash|japanese_derby_winner_s_sash|takarazuka_kinen_winner_s_sash|asahi_hai_f_s_winner_s_sash|dream_glimmer,spring_spectacle,yes,medium_racing_shoes|satsuki_sho_winner_s_sash|japanese_derby_winner_s_sash|takarazuka_kinen_winner_s_sash|asahi_hai_f_s_winner_s_sash|dream_glimmer,106901,1069,106901-sakura-chiyono-o
65,mihono-bourbon-code-glacage,Mihono Bourbon,Code Glaçage,ミホノブルボン,Ikumi Hasegawa,2026-02-18,April 25,160 cm,86 - 54 - 87,3,mihono-bourbon-code-glacage.png,100,68,92,96,94,123,83,112,117,115,10,10,10,0,0,A,G,C,B,A,B,A,E,G,G,Mihono Bourbon — Code Glaçage.,operation_cacao,focus|fast_paced|extra_tank,wet_conditions_o|early_lead|speed_eater|final_push|straightaway_acceleration,front_runner_savvy_o,no,medium_racing_shoes,escape_artist,yes,medium_racing_shoes|satsuki_sho_winner_s_sash|japanese_derby_winner_s_sash,groundwork,no,medium_racing_shoes|satsuki_sho_winner_s_sash|japanese_derby_winner_s_sash|japan_cup_winner_s_sash|asahi_hai_f_s_winner_s_sash|dream_glimmer,concentration,yes,medium_racing_shoes|satsuki_sho_winner_s_sash|japanese_derby_winner_s_sash|japan_cup_winner_s_sash|asahi_hai_f_s_winner_s_sash|dream_glimmer,102602,1026,102602-mihono-bourbon
66,eishin-flash-collectchocolatier,Eishin Flash,Collect・Chocolatier,エイシンフラッシュ,Ayami Fujino,2026-02-18,March 27,160 cm,88 - 58 - 86,3,eishin-flash-collectchocolatier.png,94,88,84,82,102,115,107,103,100,125,0,8,8,0,14,A,G,G,F,A,A,G,B,A,C,Eishin Flash — Collect・Chocolatier.,guten_appetit,long_shot_o|position_pilfer|tether,standard_distance_o|homestretch_haste|murmur|fighter|tokyo_racecourse_o,medium_straightaways_o,no,medium_racing_shoes,dominator,yes,medium_racing_shoes|japanese_derby_winner_s_sash|tenno_sho_autumn_winner_s_sash,late_surger_corners_o,no,medium_racing_shoes|osaka_hai_winner_s_sash|japanese_derby_winner_s_sash|takarazuka_kinen_winner_s_sash|tenno_sho_autumn_winner_s_sash|dream_glimmer,flash_forward,yes,medium_racing_shoes|osaka_hai_winner_s_sash|japanese_derby_winner_s_sash|takarazuka_kinen_winner_s_sash|tenno_sho_autumn_winner_s_sash|dream_glimmer,103702,1037,103702-eishin-flash
67,mejiro-ardan-clinochlore-line,Mejiro Ardan,Clinochlore Line,メジロアルダン,Saya Aizawa,2026-02-25,March 28,162 cm,87 - 56 - 85,3,mejiro-ardan-clinochlore-line.png,92,89,89,80,100,113,109,109,98,121,10,0,0,0,20,A,F,E,B,A,D,C,A,D,G,Mejiro Ardan — Clinochlore Line.,a_lifelong_dream_a_moment_s_flight,left_handed_o|preferred_position|all_i_ve_got,prepared_to_pass|pace_chaser_savvy_o|all_i_ve_got|pressure|steadfast|ramp_up|corner_recovery_o,pace_chaser_corners_o,no,medium_racing_shoes,race_planner,yes,medium_racing_shoes|japanese_derby_winner_s_sash|tenno_sho_autumn_winner_s_sash,soft_step,no,medium_racing_shoes|osaka_hai_winner_s_sash|japanese_derby_winner_s_sash|tenno_sho_autumn_winner_s_sash|japan_cup_winner_s_sash|dream_glimmer,come_what_may,yes,medium_racing_shoes|osaka_hai_winner_s_sash|japanese_derby_winner_s_sash|tenno_sho_autumn_winner_s_sash|japan_cup_winner_s_sash|dream_glimmer,107101,1071,107101-mejiro-ardan
68,admire-vega-starry-nocturne,Admire Vega,Starry Nocturne,アドマイヤベガ,Hitomi Sasaki,2026-03-05,March 12,157 cm,85 - 57 - 82,3,admire-vega-starry-nocturne.png,96,79,108,69,98,118,96,132,85,119,10,0,20,0,0,A,G,F,C,A,C,G,G,B,A,Admire Vega — Starry Nocturne.,shooting_star_of_dioskouroi,nimble_navigator|tether|levelheaded,masterful_gambit|straightaway_adept|straightaway_spurt|medium_straightaways_o|lay_low|end_closer_straightaways_o|end_closer_corners_o,masterful_gambit,no,medium_racing_shoes,serenity,yes,medium_racing_shoes|japanese_derby_winner_s_sash|hopeful_s_winner_s_sash,subdued_pace_chasers,no,medium_racing_shoes|satsuki_sho_winner_s_sash|japanese_derby_winner_s_sash|takarazuka_kinen_winner_s_sash|hopeful_s_winner_s_sash|dream_glimmer,sturm_und_drang,yes,medium_racing_shoes|satsuki_sho_winner_s_sash|japanese_derby_winner_s_sash|takarazuka_kinen_winner_s_sash|hopeful_s_winner_s_sash|dream_glimmer,103301,1033,103301-admire-vega
69,matikanetannhauser-pan-paka-tiru-toto,Matikanetannhauser,Pan~Paka~Tiru~Toto,マチカネタンホイザ,Hikaru Toono,2026-03-12,May 7,155 cm,80 - 55 - 80,2,matikanetannhauser-pan-paka-tiru-toto.png,79,91,82,88,85,103,117,106,114,110,0,20,0,10,0,A,G,G,D,A,A,F,A,A,E,Matikanetannhauser — Pan~Paka~Tiru~Toto.,ready_go|go_go_mun,calm_in_a_crowd|pressure|slick_surge,pace_strategy|mile_corners_o|inside_scoop|updrafters|all_i_ve_got,shake_it_out,no,long_racing_shoes,unruffled,yes,long_racing_shoes|tenno_sho_spring_winner_s_sash|kikuka_sho_winner_s_sash,homestretch_haste,no,long_racing_shoes|tenno_sho_spring_winner_s_sash|japanese_derby_winner_s_sash|kikuka_sho_winner_s_sash|arima_kinen_winner_s_sash|dream_glimmer,overwhelming_pressure,yes,long_racing_shoes|tenno_sho_spring_winner_s_sash|japanese_derby_winner_s_sash|kikuka_sho_winner_s_sash|arima_kinen_winner_s_sash|dream_glimmer,106201,1062,106201-matikanetannhauser
70,kitasan-black-crowning-ooban,Kitasan Black,Crowning Ooban,キタサンブラック,Hinaki Yano,2026-03-12,March 10,162 cm,85 - 56 - 88,3,kitasan-black-crowning-ooban.png,97,100,79,86,88,119,122,97,105,107,20,10,0,0,0,A,G,E,C,A,A,A,B,C,G,Kitasan Black — Crowning Ooban.,victory_cheer,focus|long_straightaways_o|early_lead,corner_adept_o|corner_recovery_o|spring_runner_o|soft_step|keeping_the_lead|firm_resolve|prudent_positioning,medium_straightaways_o,no,long_racing_shoes,taking_the_lead,yes,long_racing_shoes|tenno_sho_spring_winner_s_sash|arima_kinen_winner_s_sash,leader_s_pride,no,long_racing_shoes|tenno_sho_spring_winner_s_sash|kikuka_sho_winner_s_sash|tenno_sho_autumn_winner_s_sash|arima_kinen_winner_s_sash|dream_glimmer,blast_forward,yes,long_racing_shoes|tenno_sho_spring_winner_s_sash|kikuka_sho_winner_s_sash|tenno_sho_autumn_winner_s_sash|arima_kinen_winner_s_sash|dream_glimmer,106801,1068,106801-kitasan-black
71,satono-diamond-natural-brilliance,Satono Diamond,Natural Brilliance,サトノダイヤモンド,Hina Tachibana,2026-03-22,January 30,158 cm,87 - 54 - 84,3,satono-diamond-natural-brilliance.png,91,88,93,83,95,111,108,113,101,117,0,15,0,0,15,A,G,G,C,A,A,G,B,A,D,Satono Diamond — Natural Brilliance.,eternal_encompassing_shine,right_handed_o|be_still|medium_straightaways_o,straightaway_adept|deep_breaths|fall_runner_o,feature_act,no,long_racing_shoes,lie_in_wait,yes,long_racing_shoes|kikuka_sho_winner_s_sash|arima_kinen_winner_s_sash,firm_conditions_o,no,long_racing_shoes|tenno_sho_spring_winner_s_sash|japanese_derby_winner_s_sash|kikuka_sho_winner_s_sash|arima_kinen_winner_s_sash|dream_glimmer,right_handed_demon,yes,long_racing_shoes|tenno_sho_spring_winner_s_sash|japanese_derby_winner_s_sash|kikuka_sho_winner_s_sash|arima_kinen_winner_s_sash|dream_glimmer,106701,1067,106701-satono-diamond
72,mejiro-bright-brunissage-line,Mejiro Bright,Brunissage Line,メジロブライト,Ayaka Oonishi,2026-03-26,April 19,157 cm,84 - 59 - 81,3,mejiro-bright-brunissage-line.png,89,107,87,75,92,109,130,106,92,113,0,14,0,8,8,A,G,F,C,A,A,G,D,A,A,Mejiro Bright — Brunissage Line.,lovely_spring_breeze,pace_strategy|end_closer_corners_o|free_spirited,wet_conditions_o|inside_scoop|steadfast|non_standard_distance_o|long_corners_o|passing_pro|smoke_screen,pressure,no,long_racing_shoes,indomitable,yes,long_racing_shoes|tenno_sho_spring_winner_s_sash|hopeful_s_winner_s_sash,stamina_eater,no,long_racing_shoes|tenno_sho_spring_winner_s_sash|kikuka_sho_winner_s_sash|arima_kinen_winner_s_sash|hopeful_s_winner_s_sash|dream_glimmer,of_calm_mind,yes,long_racing_shoes|tenno_sho_spring_winner_s_sash|kikuka_sho_winner_s_sash|arima_kinen_winner_s_sash|hopeful_s_winner_s_sash|dream_glimmer,107401,1074,107401-mejiro-bright
73,fuji-kiseki-succes-etoile,Fuji Kiseki,Succès Étoile,フジキセキ,Eriko Matsui,2026-04-05,April 15,168 cm,84 - 58 - 82,3,fuji-kiseki-succes-etoile.png,98,77,102,78,95,120,94,124,96,116,8,0,14,0,8,A,F,B,A,B,E,C,A,C,G,Fuji Kiseki — Succès Étoile.,ravissant,trick_front|mile_corners_o|prepared_to_pass,disorient|right_handed_o|unyielding_spirit|prepared_to_pass|preferred_position,shrewd_step,no,mile_racing_shoes,tantalizing_trick,yes,mile_racing_shoes|satsuki_sho_winner_s_sash|asahi_hai_f_s_winner_s_sash,head_on,no,mile_racing_shoes|takamatsunomiya_kinen_winner_s_sash|satsuki_sho_winner_s_sash|nhk_mile_c_winner_s_sash|asahi_hai_f_s_winner_s_sash|dream_glimmer,speed_star,yes,mile_racing_shoes|takamatsunomiya_kinen_winner_s_sash|satsuki_sho_winner_s_sash|nhk_mile_c_winner_s_sash|asahi_hai_f_s_winner_s_sash|dream_glimmer,100502,1005,100502-fuji-kiseki
74,seiun-sky-soiree-de-chaton,Seiun Sky,Soirée de Chaton,セイウンスカイ,Akari Kitou,2026-04-05,April 26,155 cm,77 - 55 - 80,3,seiun-sky-soiree-de-chaton.png,101,89,84,88,88,123,109,103,108,107,8,0,8,14,0,A,G,G,C,A,A,A,B,D,E,Seiun Sky — Soirée de Chaton.,break_it_down,spring_runner_o|rosy_outlook|fast_paced,subdued_late_surgers|deep_breaths|front_runner_straightaways_o|shake_it_out|highlander|steadfast|hesitant_late_surgers|right_handed_o|fast_paced,leader_s_pride,no,medium_racing_shoes,escape_artist,yes,medium_racing_shoes|satsuki_sho_winner_s_sash|kikuka_sho_winner_s_sash,early_lead,no,medium_racing_shoes|satsuki_sho_winner_s_sash|japanese_derby_winner_s_sash|kikuka_sho_winner_s_sash|tenno_sho_autumn_winner_s_sash|dream_glimmer,top_runner,yes,medium_racing_shoes|satsuki_sho_winner_s_sash|japanese_derby_winner_s_sash|kikuka_sho_winner_s_sash|tenno_sho_autumn_winner_s_sash|dream_glimmer,102002,1020,102002-seiun-sky
75,nishino-flower-tiered-petal,Nishino Flower,Tiered Petal,ニシノフラワー,Haruna Kawai,2026-04-12,April 19,135 cm,67 - 48 - 70,3,nishino-flower-tiered-petal.png,93,81,95,86,95,113,99,116,105,117,15,0,15,0,0,A,F,A,A,E,G,F,A,A,G,Nishino Flower — Tiered Petal.,budding_blossom,straightaway_adept|acceleration|straight_descent,firm_conditions_o|corner_adept_o|updrafters|shifting_gears|steadfast|head_on,sprinting_gear,no,mile_racing_shoes,beeline_burst,yes,mile_racing_shoes|oka_sho_winner_s_sash|sprinters_s_winner_s_sash,late_surger_corners_o,no,mile_racing_shoes|oka_sho_winner_s_sash|yasuda_kinen_winner_s_sash|sprinters_s_winner_s_sash|hanshin_j_f_winner_s_sash|dream_glimmer,determined_descent,yes,mile_racing_shoes|oka_sho_winner_s_sash|yasuda_kinen_winner_s_sash|sprinters_s_winner_s_sash|hanshin_j_f_winner_s_sash|dream_glimmer,105101,1051,105101-nishino-flower
76,yaeno-muteki-attack-of-the-four-white-meteors,Yaeno Muteki,Attack of the Four White Meteors,ヤエノムテキ,Ayumi Hinohara,2026-04-20,April 11,159 cm,78 - 54 - 81,3,yaeno-muteki-attack-of-the-four-white-meteors.png,92,81,97,97,83,113,99,119,119,100,0,0,20,10,0,A,E,G,B,A,E,F,A,A,G,Yaeno Muteki — Attack of the Four White Meteors.,peerless_dance_of_flowering_flames,ramp_up|steadfast|pace_chaser_corners_o,standard_distance_o|playtime_s_over|ramp_up|homestretch_haste,fighting_spirit,no,medium_racing_shoes,it_s_on,yes,medium_racing_shoes|satsuki_sho_winner_s_sash|tenno_sho_autumn_winner_s_sash,corner_acceleration_o,no,medium_racing_shoes|osaka_hai_winner_s_sash|satsuki_sho_winner_s_sash|yasuda_kinen_winner_s_sash|tenno_sho_autumn_winner_s_sash|dream_glimmer,unyielding,yes,medium_racing_shoes|osaka_hai_winner_s_sash|satsuki_sho_winner_s_sash|yasuda_kinen_winner_s_sash|tenno_sho_autumn_winner_s_sash|dream_glimmer,107201,1072,107201-yaeno-muteki
77,nice-nature-run-win,Nice Nature,RUN＆WIN,ナイスネイチャ,Kaori Maeda,2026-04-26,April 16,157 cm,79 - 56 - 80,3,nice-nature-run-win.png,86,86,94,86,98,105,105,115,105,120,0,10,10,0,10,A,G,G,C,A,A,F,B,A,D,Nice Nature — RUN＆WIN.,go_go_goal,nimble_navigator|tether|late_surger_savvy_o,studious|fighter|fearless|homestretch_haste,take_the_chance,no,medium_racing_shoes,dominator,yes,medium_racing_shoes|tenno_sho_autumn_winner_s_sash|arima_kinen_winner_s_sash,long_shot_o,no,medium_racing_shoes|osaka_hai_winner_s_sash|takarazuka_kinen_winner_s_sash|tenno_sho_autumn_winner_s_sash|arima_kinen_winner_s_sash|dream_glimmer,no_stopping_me,yes,medium_racing_shoes|osaka_hai_winner_s_sash|takarazuka_kinen_winner_s_sash|tenno_sho_autumn_winner_s_sash|arima_kinen_winner_s_sash|dream_glimmer,106002,1060,106002-nice-nature
78,king-halo-noble-white-cheer-attire,King Halo,Noble White Cheer Attire,キングヘイロー,Iori Saeki,2026-04-26,April 28,159 cm,85 - 60 - 85,3,king-halo-noble-white-cheer-attire.png,100,62,110,89,89,122,76,134,108,110,10,0,10,10,0,A,G,A,B,B,C,G,B,A,D,King Halo — Noble White Cheer Attire.,louder_tracen_cheer,spring_runner_o|gap_closer|outer_swell,outer_swell|studious|pumped|unyielding_spirit,watchful_eye,no,sprint_racing_shoes,rising_dragon,yes,sprint_racing_shoes|takamatsunomiya_kinen_winner_s_sash|satsuki_sho_winner_s_sash,late_surger_straightaways_o,no,sprint_racing_shoes|takamatsunomiya_kinen_winner_s_sash|satsuki_sho_winner_s_sash|sprinters_s_winner_s_sash|hopeful_s_winner_s_sash|dream_glimmer,spring_spectacle,yes,sprint_racing_shoes|takamatsunomiya_kinen_winner_s_sash|satsuki_sho_winner_s_sash|sprinters_s_winner_s_sash|hopeful_s_winner_s_sash|dream_glimmer,106102,1061,106102-king-halo
79,ines-fujin-all-time-fever,Ines Fujin,All-time Fever,アイネスフウジン,Rika Nagae,2026-04-30,April 10,167 cm,88 - 58 - 84,3,ines-fujin-all-time-fever.png,100,96,72,98,84,122,117,88,120,103,15,0,0,15,0,A,G,G,A,A,C,A,C,G,G,Ines Fujin — All-time Fever.,all_charged_it_s_go_time,slipstream|moxie|with_all_my_soul,playtime_s_over|dodging_danger|early_lead|front_runner_straightaways_o,tokyo_racecourse_o,no,medium_racing_shoes,restless,yes,medium_racing_shoes|japanese_derby_winner_s_sash|asahi_hai_f_s_winner_s_sash,speed_eater,no,medium_racing_shoes|satsuki_sho_winner_s_sash|japanese_derby_winner_s_sash|tenno_sho_autumn_winner_s_sash|asahi_hai_f_s_winner_s_sash|dream_glimmer,wild_wind,yes,medium_racing_shoes|satsuki_sho_winner_s_sash|japanese_derby_winner_s_sash|tenno_sho_autumn_winner_s_sash|asahi_hai_f_s_winner_s_sash|dream_glimmer,103101,1031,103101-ines-fujin
80,mejiro-palmer-line-breakthrough,Mejiro Palmer,Line Breakthrough,メジロパーマー,Yuri Noguchi,2026-05-10,March 21,160 cm,84 - 57 - 86,3,mejiro-palmer-line-breakthrough.png,92,103,76,91,88,112,126,93,111,108,10,10,0,10,0,A,G,G,F,A,A,A,E,F,G,Mejiro Palmer — Line Breakthrough.,keep_pushing_ahead,playtime_s_over|front_runner_straightaways_o|keeping_the_lead,front_runner_savvy_o|sympathy|runaway,early_lead,no,long_racing_shoes,see_ya_later,yes,long_racing_shoes|takarazuka_kinen_winner_s_sash|arima_kinen_winner_s_sash,long_shot_o,no,long_racing_shoes|tenno_sho_spring_winner_s_sash|takarazuka_kinen_winner_s_sash|tenno_sho_autumn_winner_s_sash|arima_kinen_winner_s_sash|dream_glimmer,vanguard_spirit,yes,long_racing_shoes|tenno_sho_spring_winner_s_sash|takarazuka_kinen_winner_s_sash|tenno_sho_autumn_winner_s_sash|arima_kinen_winner_s_sash|dream_glimmer,106401,1064,106401-mejiro-palmer
81,fine-motion-titania,Fine Motion,Titania,ファインモーション,Chinami Hashimoto,2026-05-18,January 27,158 cm,79 - 56 - 83,3,fine-motion-titania.png,89,78,89,94,100,109,96,109,115,121,0,0,0,10,20,A,G,F,A,A,C,D,A,E,C,Fine Motion — Titania.,best_day_ever,firm_conditions_o|head_on|shifting_gears,pace_chaser_corners_o|all_i_ve_got|mile_straightaways_o|prepared_to_pass|ramp_up|standing_by|up_tempo|straight_descent|updrafters|preferred_position|head_on,mile_corners_o,no,medium_racing_shoes,changing_gears,yes,medium_racing_shoes|shuka_sho_winner_s_sash|queen_elizabeth_ii_cup_winner_s_sash,fall_runner_o,no,medium_racing_shoes|oka_sho_winner_s_sash|japanese_oaks_winner_s_sash|shuka_sho_winner_s_sash|queen_elizabeth_ii_cup_winner_s_sash|dream_glimmer,neck_and_neck,yes,medium_racing_shoes|oka_sho_winner_s_sash|japanese_oaks_winner_s_sash|shuka_sho_winner_s_sash|queen_elizabeth_ii_cup_winner_s_sash|dream_glimmer,102202,1022,102202-fine-motion
82,curren-chan-ma-cherie,Curren Chan,Ma Chérie,カレンチャン,Yuu Sasahara,2026-05-18,March 31,155 cm,83 - 55 - 79,3,curren-chan-ma-cherie.png,100,54,109,85,102,122,65,133,104,126,10,0,10,0,10,A,F,A,D,G,G,B,A,E,G,Curren Chan — Ma Chérie.,one_true_color,hesitant_front_runners|pace_chaser_corners_o|intimidate,frenzied_late_surgers|sprint_corners_o|disorient|sprinting_gear,sprinting_gear,no,sprint_racing_shoes,adored_by_all,yes,sprint_racing_shoes|takamatsunomiya_kinen_winner_s_sash|hanshin_j_f_winner_s_sash,pace_chaser_savvy_o,no,sprint_racing_shoes|takamatsunomiya_kinen_winner_s_sash|oka_sho_winner_s_sash|victoria_mile_winner_s_sash|hanshin_j_f_winner_s_sash|dream_glimmer,turbo_sprint,yes,sprint_racing_shoes|takamatsunomiya_kinen_winner_s_sash|oka_sho_winner_s_sash|victoria_mile_winner_s_sash|hanshin_j_f_winner_s_sash|dream_glimmer,103802,1038,103802-curren-chan
83,inari-one-inari-yukari-edomurasaki,Inari One,Inari Yukari Edomurasaki,イナリワン,Haruno Inoue,2026-05-28,May 7,139 cm,85 - 51 - 74,3,inari-one-inari-yukari-edomurasaki.png,88,100,109,74,79,108,122,133,90,97,0,10,20,0,0,A,A,F,B,A,A,G,B,B,A,Inari One — Inari Yukari Edomurasaki.,now_we_re_cruisin,tail_held_high|end_closer_straightaways_o|familiar_ground,ramp_up|forward_march|tail_held_high|eager|all_i_ve_got|fighting_spirit,winter_runner_o,no,long_racing_shoes,tail_nine,yes,long_racing_shoes|arima_kinen_winner_s_sash|tokyo_daishoten_winner_s_sash,straightaway_spurt,no,long_racing_shoes|tenno_sho_spring_winner_s_sash|takarazuka_kinen_winner_s_sash|arima_kinen_winner_s_sash|tokyo_daishoten_winner_s_sash|dream_glimmer,master_of_the_sands,yes,long_racing_shoes|tenno_sho_spring_winner_s_sash|takarazuka_kinen_winner_s_sash|arima_kinen_winner_s_sash|tokyo_daishoten_winner_s_sash|dream_glimmer,103401,1034,103401-inari-one
84,sweep-tosho-platanus-witch,Sweep Tosho,Platanus Witch,スイープトウショウ,Shiori Sugiura,2026-06-04,May 9,139 cm,72 - 53 - 73,3,sweep-tosho-platanus-witch.png,101,85,110,65,89,123,104,135,79,109,10,0,20,0,0,A,G,E,A,A,D,G,G,A,A,Sweep Tosho — Platanus Witch.,victory_belongs_to_me_strelitzia,trick_rear|after_school_stroll|take_the_chance,slipstream|end_closer_corners_o|you_re_not_the_boss_of_me|restraint,intense_gaze,no,medium_racing_shoes,go_home_specialist,yes,medium_racing_shoes|takarazuka_kinen_winner_s_sash|queen_elizabeth_ii_cup_winner_s_sash,straightaway_spurt,no,medium_racing_shoes|japanese_oaks_winner_s_sash|takarazuka_kinen_winner_s_sash|shuka_sho_winner_s_sash|queen_elizabeth_ii_cup_winner_s_sash|dream_glimmer,petrifying_gaze,yes,medium_racing_shoes|japanese_oaks_winner_s_sash|takarazuka_kinen_winner_s_sash|shuka_sho_winner_s_sash|queen_elizabeth_ii_cup_winner_s_sash|dream_glimmer,104401,1044,104401-sweep-tosho
85,taiki-shuttle-bubblegum-memories,Taiki Shuttle,Bubblegum ☆ Memories,タイキシャトル,Yuka Ootsubo,2026-06-11,March 23,172 cm,94 - 59 - 90,3,taiki-shuttle-bubblegum-memories.png,102,71,107,92,78,124,87,130,112,97,0,0,30,0,0,A,B,A,A,E,G,C,A,E,G,Taiki Shuttle — Bubblegum ☆ Memories.,joyful_voyage,wet_conditions_o|productive_plan|head_on,prepared_to_pass|light_as_a_feather|shifting_gears|all_i_ve_got|no_looking_back|head_on,mile_corners_o,no,mile_racing_shoes,mile_maven,yes,mile_racing_shoes|yasuda_kinen_winner_s_sash|mile_ch_winner_s_sash,pace_chaser_corners_o,no,mile_racing_shoes|takamatsunomiya_kinen_winner_s_sash|yasuda_kinen_winner_s_sash|sprinters_s_winner_s_sash|mile_ch_winner_s_sash|dream_glimmer,neck_and_neck,yes,mile_racing_shoes|takamatsunomiya_kinen_winner_s_sash|yasuda_kinen_winner_s_sash|sprinters_s_winner_s_sash|mile_ch_winner_s_sash|dream_glimmer,101002,1010,101002-taiki-shuttle
86,mejiro-dober-vacances-saphir,Mejiro Dober,Vacances Saphir,メジロドーベル,Hikari Kubota,2026-06-11,May 6,157 cm,83 - 57 - 81,3,mejiro-dober-vacances-saphir.png,94,78,92,86,100,115,95,113,105,122,20,0,0,0,10,A,G,E,A,A,F,C,B,A,G,Mejiro Dober — Vacances Saphir.,wherever_this_wonder_leads,kyoto_racecourse_o|fearless|take_the_chance,fall_runner_o|updrafters|downhill_speedster|unyielding_spirit|all_i_ve_got,medium_straightaways_o,no,medium_racing_shoes,dauntless,yes,medium_racing_shoes|japanese_oaks_winner_s_sash|queen_elizabeth_ii_cup_winner_s_sash,full_throttle,no,medium_racing_shoes|osaka_hai_winner_s_sash|japanese_oaks_winner_s_sash|shuka_sho_winner_s_sash|queen_elizabeth_ii_cup_winner_s_sash|dream_glimmer,from_the_brink,yes,medium_racing_shoes|osaka_hai_winner_s_sash|japanese_oaks_winner_s_sash|shuka_sho_winner_s_sash|queen_elizabeth_ii_cup_winner_s_sash|dream_glimmer,105902,1059,105902-mejiro-dober
87,air-shakur-unsigned,Air Shakur,unsigned,エアシャカール,Minami Tsuda,2026-06-18,February 26,168 cm,77 - 56 - 85,3,air-shakur-unsigned.png,99,85,95,69,102,120,104,116,84,126,0,0,0,0,30,A,G,G,E,A,A,G,C,A,A,Air Shakur — unsigned.,trigger_beat,ramp_up|eager|end_closer_straightaways_o,intense_gaze|eager|spring_runner_o|fall_runner_o|99_problems|corner_adept_o|fighting_spirit,levelheaded,no,medium_racing_shoes,elated,yes,medium_racing_shoes|satsuki_sho_winner_s_sash|kikuka_sho_winner_s_sash,strategist,no,medium_racing_shoes|osaka_hai_winner_s_sash|satsuki_sho_winner_s_sash|japanese_derby_winner_s_sash|kikuka_sho_winner_s_sash|dream_glimmer,moonlit_flash,yes,medium_racing_shoes|osaka_hai_winner_s_sash|satsuki_sho_winner_s_sash|japanese_derby_winner_s_sash|kikuka_sho_winner_s_sash|dream_glimmer,103601,1036,103601-air-shakur
88,special-week-supreme-commander-of-the-rising-sun,Special Week,Supreme Commander of the Rising Sun,スペシャルウィーク,Azumi Waki,2026-06-25,May 2,158 cm,81 - 56 - 81,3,special-week-supreme-commander-of-the-rising-sun.png,96,82,94,82,96,117,100,115,100,118,10,10,0,0,10,A,G,F,C,A,A,G,A,A,C,Special Week — Supreme Commander of the Rising Sun.,dreams_donned_with_pride,corner_adept_o|pressure|outer_swell,pace_strategy|homestretch_haste|corner_adept_o|tokyo_racecourse_o|nakayama_racecourse_o|winter_runner_o|stamina_to_spare|slick_surge,long_straightaways_o,no,medium_racing_shoes,overwhelming_pressure,yes,medium_racing_shoes|satsuki_sho_winner_s_sash|japanese_derby_winner_s_sash,long_corners_o,no,long_racing_shoes|satsuki_sho_winner_s_sash|japanese_derby_winner_s_sash|kikuka_sho_winner_s_sash|tenno_sho_spring_winner_s_sash|dream_glimmer,best_in_japan,yes,medium_racing_shoes|takarazuka_kinen_winner_s_sash|tenno_sho_autumn_winner_s_sash|japan_cup_winner_s_sash|arima_kinen_winner_s_sash|dream_glimmer,100103,1001,100103-special-week
89,gold-ship-run-fun-watergun,Gold Ship,Run! Fun! Watergun!,ゴールドシップ,Hitomi Ueda,2026-07-02,March 6,170 cm,88 - 55 - 88,3,gold-ship-run-fun-watergun.png,79,93,112,73,93,96,113,137,89,115,0,0,20,0,10,A,G,G,C,A,A,G,B,B,A,Gold Ship — Run! Fun! Watergun!.,564_escapades,lucky_seven|inside_scoop|after_school_stroll,hanshin_racecourse_o|non_standard_distance_o|summer_runner_o|gatekept,eager,no,long_racing_shoes,innate_experience,yes,long_racing_shoes|tenno_sho_spring_winner_s_sash|takarazuka_kinen_winner_s_sash,risky_business,no,long_racing_shoes|satsuki_sho_winner_s_sash|tenno_sho_spring_winner_s_sash|takarazuka_kinen_winner_s_sash|kikuka_sho_winner_s_sash|dream_glimmer,elated,yes,long_racing_shoes|satsuki_sho_winner_s_sash|tenno_sho_spring_winner_s_sash|takarazuka_kinen_winner_s_sash|kikuka_sho_winner_s_sash|dream_glimmer,100702,1007,100702-gold-ship
90,mejiro-mcqueen-fair-lady-of-the-waves,Mejiro McQueen,Fair Lady of the Waves,メジロマックイーン,Saori Oonishi,2026-07-02,April 3,159 cm,71 - 54 - 76,3,mejiro-mcqueen-fair-lady-of-the-waves.png,82,85,82,113,88,100,104,100,138,108,8,8,0,0,14,A,E,G,F,A,A,B,A,D,F,Mejiro McQueen — Fair Lady of the Waves.,your_smile_sparkles_as_the_waves,focus|pace_chaser_savvy_o|feature_act,early_lead|playtime_s_over|summer_runner_o,all_set,no,long_racing_shoes,headliner,yes,long_racing_shoes|tenno_sho_spring_winner_s_sash|takarazuka_kinen_winner_s_sash,stamina_to_spare,no,long_racing_shoes|osaka_hai_winner_s_sash|tenno_sho_spring_winner_s_sash|takarazuka_kinen_winner_s_sash|arima_kinen_winner_s_sash|dream_glimmer,heart_all_set,yes,long_racing_shoes|osaka_hai_winner_s_sash|tenno_sho_spring_winner_s_sash|takarazuka_kinen_winner_s_sash|arima_kinen_winner_s_sash|dream_glimmer,101303,1013,101303-mejiro-mcqueen
91,bamboo-memory-ambition-of-the-black-iron,Bamboo Memory,Ambition of the Black Iron,バンブーメモリー,Kotomi Aihara,2026-07-07,May 14,157 cm,77 - 57 - 81,3,bamboo-memory-ambition-of-the-black-iron.png,98,74,104,92,82,119,90,127,112,102,10,0,10,10,0,A,D,A,A,C,G,G,E,A,C,Bamboo Memory — Ambition of the Black Iron.,red_hot_discipline,ramp_up|outer_swell|pumped,target_in_sight_o|sprint_straightaways_o|homestretch_haste,sprint_corners_o,no,mile_racing_shoes,rising_dragon,yes,mile_racing_shoes|yasuda_kinen_winner_s_sash|sprinters_s_winner_s_sash,fearless,no,mile_racing_shoes|takamatsunomiya_kinen_winner_s_sash|yasuda_kinen_winner_s_sash|sprinters_s_winner_s_sash|mile_ch_winner_s_sash|dream_glimmer,full_of_vigor,yes,mile_racing_shoes|takamatsunomiya_kinen_winner_s_sash|yasuda_kinen_winner_s_sash|sprinters_s_winner_s_sash|mile_ch_winner_s_sash|dream_glimmer,105301,1053,105301-bamboo-memory
92,copano-rickey-yin-yang-bagua-lucky-costume,Copano Rickey,Yin-yang Bagua ☆ Lucky Costume,コパノリッキー,Konomi Inagaki,2026-07-16,March 24,165 cm,83 - 55 - 87,3,copano-rickey-yin-yang-bagua-lucky-costume.png,93,87,93,87,90,114,107,113,106,110,0,0,10,0,20,F,A,C,A,A,G,A,A,C,G,Copano Rickey — Yin-yang Bagua ☆ Lucky Costume.,luck_runs_my_way,sunny_sign|pace_chaser_savvy_o|medium_corners_o,solid_steps|top_pick|forward_march|sunny_sign,solid_steps,no,dirt_racing_shoes,chance_of_victory,yes,dirt_racing_shoes|february_s_winner_s_sash|kashiwa_kinen_winner_s_sash,collaborative_graded_races_o,no,dirt_racing_shoes|february_s_winner_s_sash|jbc_classic_winner_s_sash|kashiwa_kinen_winner_s_sash|m_c_nambu_hai_winner_s_sash|dream_glimmer,strong_steps,yes,dirt_racing_shoes|february_s_winner_s_sash|jbc_classic_winner_s_sash|kashiwa_kinen_winner_s_sash|m_c_nambu_hai_winner_s_sash|dream_glimmer,109801,1098,109801-copano-rickey
93,smart-falcon-twilight-triumph,Smart Falcon,Twilight Triumph,スマートファルコン,Hitomi Oowada,2026-07-22,April 4,156 cm,78 - 55 - 80,3,smart-falcon-twilight-triumph.png,99,82,82,104,83,121,100,100,128,101,20,0,0,10,0,E,A,B,A,A,E,A,D,G,G,Smart Falcon — Twilight Triumph.,star,top_pick|front_runner_corners_o|with_all_my_soul,leader_s_pride|full_tilt|prudent_positioning|top_pick|kawasaki_racecourse_o|sunny_sign,got_the_spirit,no,,trending_in_the_charts,yes,,dust_cloud,no,,be_the_center,yes,,104602,1046,104602-smart-falcon
94,winning-ticket-dream-deliverer,Winning Ticket,Dream Deliverer,ウイニングチケット,Yui Watanabe,2026-07-27,March 21,157 cm,88 - 57 - 85,3,winning-ticket-dream-deliverer.png,101,73,109,87,80,123,90,133,106,98,8,0,14,8,0,A,G,G,F,A,B,G,B,A,G,Winning Ticket — Dream Deliverer.,ticket_to_your_dreams,downhill_speedster|1_500_000_cc|all_i_ve_got,nimble_navigator|late_surger_straightaways_o|late_surger_corners_o|position_pilfer|slick_surge|medium_corners_o|take_the_chance|long_straightaways_o|passing_pro|outer_swell,position_pilfer,no,,15_000_000_cc,yes,,full_throttle,no,,come_what_may,yes,,103502,1035,103502-winning-ticket
95,narita-taishin-difference-engineer,Narita Taishin,Difference Engineer,ナリタタイシン,Keiko Watanabe,2026-07-27,June 10,145 cm,69 - 50 - 73,3,narita-taishin-difference-engineer.png,90,84,93,82,101,110,103,113,100,124,0,8,0,8,14,A,G,F,D,A,A,G,F,B,A,Narita Taishin — Difference Engineer.,hephaestus,nimble_navigator|breakin_out|take_the_chance,standing_by|long_corners_o|pressure|medium_corners_o|eager|early_start,end_closer_savvy_o,no,,breakin_ahead,yes,,end_closer_straightaways_o,no,,from_the_brink,yes,,105002,1050,105002-narita-taishin
96,yukino-bijin-cute-sweet-flower-of-mutsu,Yukino Bijin,Cute Sweet Flower of Mutsu,ユキノビジン,Nozomi Yamamoto,2026-08-05,March 10,156 cm,80 - 55 - 80,3,yukino-bijin-cute-sweet-flower-of-mutsu.png,95,86,83,95,91,117,106,102,117,108,10,0,0,20,0,A,B,D,A,A,E,C,A,F,G,Yukino Bijin — Cute Sweet Flower of Mutsu.,snow_bright_snow_flight,nimble_navigator|medium_straightaways_o|straight_descent,winter_runner_o|downhill_speedster|corner_acceleration_o|head_on|morioka_racecourse_o|full_tilt,snowy_days_o,no,,no_stopping_me,yes,,pace_chaser_corners_o,no,,determined_descent,yes,,102901,1029,102901-yukino-bijin
97,seeking-the-pearl-rocket-star,Seeking the Pearl,Rocket ☆ Star,シーキングザパール,Ayaka Fukuhara,2026-08-12,April 16,168 cm,91 - 57 - 87,3,seeking-the-pearl-rocket-star.png,99,65,104,93,89,121,79,127,114,109,10,0,0,0,20,A,F,A,A,E,G,C,A,A,B,Seeking the Pearl — Rocket ☆ Star.,i_m_possible,firm_conditions_o|sprint_straightaways_o|unyielding_spirit,uma_stan|medium_corners_o|up_tempo|eager|mile_straightaways_o|mile_corners_o,light_as_a_feather,no,,shocking_flash,yes,,head_on,no,,big_sisterly,yes,,104201,1042,104201-seeking-the-pearl
98,agnes-digital-agnesjiangshi,Agnes Digital,Agnes♡Jiangshi,アグネスデジタル,Minori Suzuki,2026-08-18,May 15,143 cm,74 - 51 - 75,3,agnes-digital-agnesjiangshi.png,85,91,98,105,71,104,111,120,129,86,7,7,8,8,0,A,A,F,A,A,G,G,A,A,B,Agnes Digital — Agnes♡Jiangshi.,the_moe_aaaa_thanks_for_my_life,comeback|ramp_up|updrafters,top_pick|acceleration|homestretch_haste|kyoto_racecourse_o|mile_corners_o|down_in_the_dirt_o|mile_straightaways_o|updrafters|unyielding_spirit|morioka_racecourse_o|rapid_gain,uma_stan,no,,it_s_on,yes,,forward_march,no,,can_t_keep_me_down,yes,,101902,1019,101902-agnes-digital
99,meisho-doto-dot-o-lantern,Meisho Doto,Dot-o'-Lantern,メイショウドトウ,Misaki Watada,2026-08-18,March 25,164 cm,99 - 61 - 89,3,meisho-doto-dot-o-lantern.png,89,89,75,103,94,109,109,92,126,114,0,0,15,0,15,A,E,G,F,A,A,F,A,B,E,Meisho Doto — Dot-o'-Lantern.,spooky_scary_happy,corner_recovery_o|head_on|medium_straightaways_o,tactical_tweak|all_i_ve_got|medium_corners_o|prepared_to_pass|up_tempo,on_the_attack,no,,neck_and_neck,yes,,right_handed_o,no,,swinging_maestro,yes,,105802,1058,105802-meisho-doto
100,aston-machan-flare,Aston Machan,Flare,アストンマーチャン,Honoka Inoue,2026-08-25,March 5,152 cm,86 - 55 - 80,3,aston-machan-flare.png,99,73,97,98,83,121,89,118,120,102,20,0,0,10,0,A,G,A,B,G,G,A,A,G,G,Aston Machan — Flare.,silent_letter,wet_conditions_o|light_as_a_feather|early_lead,light_as_a_feather|front_runner_savvy_o|shifting_gears|productive_plan|rosy_outlook|up_tempo,sprint_corners_o,no,,taking_the_lead,yes,,groundwork,no,,in_high_spirits,yes,,108701,1087,108701-aston-machan
101,yamanin-zephyr-fluttertail-spirit,Yamanin Zephyr,Fluttertail Spirit,ヤマニンゼファー,Riona Imaizumi,2026-09-01,May 27,154 cm,85 - 52 - 77,3,yamanin-zephyr-fluttertail-spirit.png,97,83,81,97,92,119,101,99,118,113,10,0,0,10,10,A,D,B,A,A,G,E,A,C,G,Yamanin Zephyr — Fluttertail Spirit.,sunny_breeze,long_shot_o|shifting_gears|aspire,unyielding_spirit|spring_runner_o|summer_runner_o|fall_runner_o|winter_runner_o,mile_corners_o,no,,changing_gears,yes,,corner_acceleration_o,no,,ambitious_breeze,yes,,107801,1078,107801-yamanin-zephyr
102,tamamo-cross-ferocious-thunder,Tamamo Cross,Ferocious Thunder,タマモクロス,Naomi Oozora,2026-09-07,May 23,140 cm,71 - 52 - 73,3,tamamo-cross-ferocious-thunder.png,92,83,94,92,89,113,101,115,113,108,14,8,0,8,0,A,F,G,E,A,A,G,A,A,A,Tamamo Cross — Ferocious Thunder.,lightning_flare,ramp_up|up_tempo|head_on,hanshin_racecourse_o|fall_runner_o|straight_descent|tail_held_high|kyoto_racecourse_o|updrafters|nakayama_racecourse_o|up_tempo,wet_conditions_o,no,,killer_tunes,yes,,tail_held_high,no,,it_s_on,yes,,102102,1021,102102-tamamo-cross
103,inari-one-fields-of-gold,Inari One,Fields of Gold,イナリワン,Haruno Inoue,2026-09-07,May 7,139 cm,85 - 51 - 74,3,inari-one-fields-of-gold.png,95,88,98,78,91,117,108,120,95,110,14,0,8,0,8,A,A,F,B,A,A,G,B,B,A,Inari One — Fields of Gold.,firelight,oi_racecourse_o|inside_scoop|straightaway_spurt,ramp_up|forward_march|tail_held_high|fall_runner_o|after_school_stroll|eager|all_i_ve_got|fighting_spirit,i_can_see_right_through_you,no,,innate_experience,yes,,rapid_gain,no,,encroaching_shadow,yes,,103402,1034,103402-inari-one
104,nakayama-festa-dramatic-turnabout,Nakayama Festa,Dramatic Turnabout,ナカヤマフェスタ,Shino Shimoji,2026-09-15,April 5,159 cm,78 - 54 - 79,3,nakayama-festa-dramatic-turnabout.png,97,92,99,75,87,119,113,121,92,105,10,10,10,0,0,A,G,G,C,A,B,G,A,A,D,Nakayama Festa — Dramatic Turnabout.,laugh_at_the_odds,risk_taker|risky_business|all_i_ve_got,long_shot_o|nimble_navigator|be_still|slick_surge,late_surger_straightaways_o,no,,nothing_ventured,yes,,medium_straightaways_o,no,,risk_maker,yes,,104901,1049,104901-nakayama-festa
