slug,gen,path,name,sex,char_slug
special-week,1,sire,Sunday Silence,sire,
special-week,2,sire.sire,Halo,sire,
special-week,3,sire.sire.sire,Hail to Reason,sire,
special-week,3,sire.sire.dam,Cosmah,dam,
special-week,2,sire.dam,Wishing Well,dam,
special-week,3,sire.dam.sire,Understanding,sire,
special-week,3,sire.dam.dam,Mountain Flower,dam,
special-week,1,dam,Campaign Girl,dam,
special-week,2,dam.sire,Maruzensky,sire,maruzensky
special-week,3,dam.sire.sire,Nijinsky,sire,
special-week,3,dam.sire.dam,Shill,dam,
special-week,2,dam.dam,Lady Shiraoki,dam,
special-week,3,dam.dam.sire,Saint Crespin,sire,
special-week,3,dam.dam.dam,Miss Ashiyagawa,dam,
silence-suzuka,1,sire,Sunday Silence,sire,
silence-suzuka,2,sire.sire,Halo,sire,
silence-suzuka,3,sire.sire.sire,Hail to Reason,sire,
silence-suzuka,3,sire.sire.dam,Cosmah,dam,
silence-suzuka,2,sire.dam,Wishing Well,dam,
silence-suzuka,3,sire.dam.sire,Understanding,sire,
silence-suzuka,3,sire.dam.dam,Mountain Flower,dam,
silence-suzuka,1,dam,Wakia,dam,
silence-suzuka,2,dam.sire,Miswaki,sire,
silence-suzuka,3,dam.sire.sire,Mr. Prospector,sire,
silence-suzuka,3,dam.sire.dam,Hopespringseternal,dam,
silence-suzuka,2,dam.dam,Rascal Rascal,dam,
silence-suzuka,3,dam.dam.sire,Ack Ack,sire,
silence-suzuka,3,dam.dam.dam,Savage Bunny,dam,
tokai-teio,1,sire,Symboli Rudolf,sire,symboli-rudolf
tokai-teio,2,sire.sire,Partholon,sire,
tokai-teio,3,sire.sire.sire,Milesian,sire,
tokai-teio,3,sire.sire.dam,Paleo,dam,
tokai-teio,2,sire.dam,Sweet Luna,dam,
tokai-teio,3,sire.dam.sire,1963,sire,
tokai-teio,3,sire.dam.dam,Dance Time,dam,
tokai-teio,1,dam,Tokai Natural,dam,
tokai-teio,2,dam.sire,Nice Dancer,sire,
tokai-teio,3,dam.sire.sire,Northern Dancer,sire,
tokai-teio,3,dam.sire.dam,Nice Princess,dam,
tokai-teio,2,dam.dam,1977,dam,
tokai-teio,3,dam.dam.sire,Faberge,sire,
tokai-teio,3,dam.dam.dam,Tokai Queen,dam,
maruzensky,1,sire,Nijinsky,sire,
maruzensky,2,sire.sire,Northern Dancer,sire,
maruzensky,3,sire.sire.sire,Nearctic,sire,
maruzensky,3,sire.sire.dam,Natalma,dam,
maruzensky,2,sire.dam,Flaming Page,dam,
maruzensky,3,sire.dam.sire,Bull Page,sire,
maruzensky,3,sire.dam.dam,Flaring Top,dam,
maruzensky,1,dam,Shill,dam,
maruzensky,2,dam.sire,Buckpasser,sire,
maruzensky,3,dam.sire.sire,Tom Fool,sire,
maruzensky,3,dam.sire.dam,Busanda,dam,
maruzensky,2,dam.dam,Quill,dam,
maruzensky,3,dam.dam.sire,Princequillo,sire,
maruzensky,3,dam.dam.dam,Quick Touch,dam,
fuji-kiseki,1,sire,Sunday Silence,sire,
fuji-kiseki,2,sire.sire,Halo,sire,
fuji-kiseki,3,sire.sire.sire,Hail to Reason,sire,
fuji-kiseki,3,sire.sire.dam,Cosmah,dam,
fuji-kiseki,2,sire.dam,Wishing Well,dam,
fuji-kiseki,3,sire.dam.sire,Understanding,sire,
fuji-kiseki,3,sire.dam.dam,Mountain Flower,dam,
fuji-kiseki,1,dam,Millracer,dam,
fuji-kiseki,2,dam.sire,Le Fabuleux,sire,
fuji-kiseki,3,dam.sire.sire,Wild Risk,sire,
fuji-kiseki,3,dam.sire.dam,Anguar,dam,
fuji-kiseki,2,dam.dam,Marston's Mill,dam,
fuji-kiseki,3,dam.dam.sire,In Reality,sire,
fuji-kiseki,3,dam.dam.dam,Millicent,dam,
oguri-cap,1,sire,Dancing Cap,sire,
oguri-cap,2,sire.sire,Native Dancer,sire,
oguri-cap,3,sire.sire.sire,Polynesian,sire,
oguri-cap,3,sire.sire.dam,Geisha,dam,
oguri-cap,2,sire.dam,Merry Madcap,dam,
oguri-cap,3,sire.dam.sire,Grey Sovereign,sire,
oguri-cap,3,sire.dam.dam,Croft Lady,dam,
oguri-cap,1,dam,White Narubi,dam,
oguri-cap,2,dam.sire,Silver Shark,sire,
oguri-cap,3,dam.sire.sire,Buisson Ardent,sire,
oguri-cap,3,dam.sire.dam,Palsaka,dam,
oguri-cap,2,dam.dam,Never Narubi,dam,
oguri-cap,3,dam.dam.sire,Never Beat,sire,
oguri-cap,3,dam.dam.dam,Senju,dam,
gold-ship,1,sire,Stay Gold,sire,stay-gold
gold-ship,2,sire.sire,Sunday Silence,sire,
gold-ship,3,sire.sire.sire,Halo,sire,
gold-ship,3,sire.sire.dam,Wishing Well,dam,
gold-ship,2,sire.dam,Golden Sash,dam,
gold-ship,3,sire.dam.sire,Dictus,sire,
gold-ship,3,sire.dam.dam,Dyna Sash,dam,
gold-ship,1,dam,Point Flag,dam,
gold-ship,2,dam.sire,Mejiro McQueen,sire,mejiro-mcqueen
gold-ship,3,dam.sire.sire,Mejiro Titan,sire,
gold-ship,3,dam.sire.dam,Mejiro Aurola,dam,
gold-ship,2,dam.dam,Pastoralism,dam,
gold-ship,3,dam.dam.sire,Pluralisme,sire,
gold-ship,3,dam.dam.dam,Tokuno Eighty,dam,
vodka,1,sire,Tanino Gimlet,sire,tanino-gimlet
vodka,2,sire.sire,Brian's Time,sire,
vodka,3,sire.sire.sire,Roberto,sire,
vodka,3,sire.sire.dam,Kelley's Day,dam,
vodka,2,sire.dam,Tanino Crystal,dam,
vodka,3,sire.dam.sire,Crystal Palace,sire,
vodka,3,sire.dam.dam,Tanino Sea-Bird,dam,
vodka,1,dam,Tanino Sister,dam,
vodka,2,dam.sire,Rousillon,sire,
vodka,3,dam.sire.sire,Riverman,sire,
vodka,3,dam.sire.dam,Belle Dorine,dam,
vodka,2,dam.dam,Energy Tosho,dam,
vodka,3,dam.dam.sire,Tosho Boy,sire,
vodka,3,dam.dam.dam,Cornice Tosho,dam,
daiwa-scarlet,1,sire,Agnes Tachyon,sire,agnes-tachyon
daiwa-scarlet,2,sire.sire,Sunday Silence,sire,
daiwa-scarlet,3,sire.sire.sire,Halo,sire,
daiwa-scarlet,3,sire.sire.dam,Wishing Well,dam,
daiwa-scarlet,2,sire.dam,Agnes Flora,dam,
daiwa-scarlet,3,sire.dam.sire,Royal Ski,sire,
daiwa-scarlet,3,sire.dam.dam,Agnes Lady,dam,
daiwa-scarlet,1,dam,Scarlet Bouquet,dam,
daiwa-scarlet,2,dam.sire,Northern Taste,sire,yayoi-akikawa
daiwa-scarlet,3,dam.sire.sire,Northern Dancer,sire,
daiwa-scarlet,3,dam.sire.dam,Lady Victoria,dam,
daiwa-scarlet,2,dam.dam,Scarlet Ink,dam,
daiwa-scarlet,3,dam.dam.sire,Crimson Satan,sire,
daiwa-scarlet,3,dam.dam.dam,Consentida,dam,
taiki-shuttle,1,sire,Devil's Bag,sire,
taiki-shuttle,2,sire.sire,Halo,sire,
taiki-shuttle,3,sire.sire.sire,Hail to Reason,sire,
taiki-shuttle,3,sire.sire.dam,Cosmah,dam,
taiki-shuttle,2,sire.dam,Ballade,dam,
taiki-shuttle,3,sire.dam.sire,Herbager,sire,
taiki-shuttle,3,sire.dam.dam,Miss Swapsco,dam,
taiki-shuttle,1,dam,Welsh Muffin,dam,
taiki-shuttle,2,dam.sire,Caerleon,sire,
taiki-shuttle,3,dam.sire.sire,Nijinsky,sire,
taiki-shuttle,3,dam.sire.dam,Foreseer,dam,
taiki-shuttle,2,dam.dam,Muffitys,dam,
taiki-shuttle,3,dam.dam.sire,Thatch,sire,
taiki-shuttle,3,dam.dam.dam,Contrail,dam,
grass-wonder,1,sire,Silver Hawk,sire,
grass-wonder,2,sire.sire,Roberto,sire,
grass-wonder,3,sire.sire.sire,Hail to Reason,sire,
grass-wonder,3,sire.sire.dam,Bramalea,dam,
grass-wonder,2,sire.dam,Gris Vitesse,dam,
grass-wonder,3,sire.dam.sire,Amerigo,sire,
grass-wonder,3,sire.dam.dam,Matchiche,dam,
grass-wonder,1,dam,Ameriflora,dam,
grass-wonder,2,dam.sire,Danzig,sire,
grass-wonder,3,dam.sire.sire,Northern Dancer,sire,
grass-wonder,3,dam.sire.dam,Pas de Nom,dam,
grass-wonder,2,dam.dam,Graceful Touch,dam,
grass-wonder,3,dam.dam.sire,His Majesty,sire,
grass-wonder,3,dam.dam.dam,Pi Phi Gal,dam,
hishi-amazon,1,sire,Theatrical,sire,
hishi-amazon,2,sire.sire,Nureyev,sire,
hishi-amazon,3,sire.sire.sire,Northern Dancer,sire,
hishi-amazon,3,sire.sire.dam,Special,dam,
hishi-amazon,2,sire.dam,Tree of Knowledge,dam,
hishi-amazon,3,sire.dam.sire,Sassafras,sire,
hishi-amazon,3,sire.dam.dam,Sensibility,dam,
hishi-amazon,1,dam,Katies,dam,
hishi-amazon,2,dam.sire,Nonoalco,sire,
hishi-amazon,3,dam.sire.sire,Nearctic,sire,
hishi-amazon,3,dam.sire.dam,Seximee,dam,
hishi-amazon,2,dam.dam,Mortefontaine,dam,
hishi-amazon,3,dam.dam.sire,Polic,sire,
hishi-amazon,3,dam.dam.dam,Brabantia,dam,
mejiro-mcqueen,1,sire,Mejiro Titan,sire,
mejiro-mcqueen,2,sire.sire,Mejiro Asama,sire,
mejiro-mcqueen,3,sire.sire.sire,Partholon,sire,
mejiro-mcqueen,3,sire.sire.dam,Sweet Sixteen,dam,
mejiro-mcqueen,2,sire.dam,Cheryl,dam,
mejiro-mcqueen,3,sire.dam.sire,Snob,sire,
mejiro-mcqueen,3,sire.dam.dam,Chanel,dam,
mejiro-mcqueen,1,dam,Mejiro Aurola,dam,
mejiro-mcqueen,2,dam.sire,Remand,sire,
mejiro-mcqueen,3,dam.sire.sire,Alcide,sire,
mejiro-mcqueen,3,dam.sire.dam,Admonish,dam,
mejiro-mcqueen,2,dam.dam,Mejiro Iris,dam,
mejiro-mcqueen,3,dam.dam.sire,Hindostan,sire,
mejiro-mcqueen,3,dam.dam.dam,Asama Yuri,dam,
el-condor-pasa,1,sire,Kingmambo,sire,
el-condor-pasa,2,sire.sire,Mr. Prospector,sire,
el-condor-pasa,3,sire.sire.sire,Raise a Native,sire,
el-condor-pasa,3,sire.sire.dam,Gold Digger,dam,
el-condor-pasa,2,sire.dam,Miesque,dam,
el-condor-pasa,3,sire.dam.sire,Nureyev,sire,
el-condor-pasa,3,sire.dam.dam,Pasadoble,dam,
el-condor-pasa,1,dam,Saddlers Gal,dam,
el-condor-pasa,2,dam.sire,Sadler's Wells,sire,
el-condor-pasa,3,dam.sire.sire,Northern Dancer,sire,
el-condor-pasa,3,dam.sire.dam,Fairy Bridge,dam,
el-condor-pasa,2,dam.dam,Glenveagh,dam,
el-condor-pasa,3,dam.dam.sire,Seattle Slew,sire,
el-condor-pasa,3,dam.dam.dam,Lisadell,dam,
tm-opera-o,1,sire,Opera House,sire,
tm-opera-o,2,sire.sire,Sadler's Wells,sire,
tm-opera-o,3,sire.sire.sire,Northern Dancer,sire,
tm-opera-o,3,sire.sire.dam,Fairy Bridge,dam,
tm-opera-o,2,sire.dam,Colorspin,dam,
tm-opera-o,3,sire.dam.sire,High Top,sire,
tm-opera-o,3,sire.dam.dam,Reprocolor,dam,
tm-opera-o,1,dam,Once Wed,dam,
tm-opera-o,2,dam.sire,Blushing Groom,sire,
tm-opera-o,3,dam.sire.sire,Red God,sire,
tm-opera-o,3,dam.sire.dam,Runaway Bride,dam,
tm-opera-o,2,dam.dam,Noura,dam,
tm-opera-o,3,dam.dam.sire,Key to the Kingdom,sire,
tm-opera-o,3,dam.dam.dam,River Guide,dam,
narita-brian,1,sire,Brian's Time,sire,
narita-brian,2,sire.sire,Roberto,sire,
narita-brian,3,sire.sire.sire,Hail to Reason,sire,
narita-brian,3,sire.sire.dam,Bramalea,dam,
narita-brian,2,sire.dam,Kelley's Day,dam,
narita-brian,3,sire.dam.sire,Graustark,sire,
narita-brian,3,sire.dam.dam,Golden Trail,dam,
narita-brian,1,dam,Pacificus,dam,
narita-brian,2,dam.sire,Northern Dancer,sire,
narita-brian,3,dam.sire.sire,Nearctic,sire,
narita-brian,3,dam.sire.dam,Natalma,dam,
narita-brian,2,dam.dam,Pacific Princess,dam,
narita-brian,3,dam.dam.sire,Damascus,sire,
narita-brian,3,dam.dam.dam,Fiji,dam,
symboli-rudolf,1,sire,Partholon,sire,
symboli-rudolf,2,sire.sire,Milesian,sire,
symboli-rudolf,3,sire.sire.sire,My Babu,sire,
symboli-rudolf,3,sire.sire.dam,Oatflake,dam,
symboli-rudolf,2,sire.dam,Paleo,dam,
symboli-rudolf,3,sire.dam.sire,Pharis,sire,
symboli-rudolf,3,sire.dam.dam,Calonice,dam,
symboli-rudolf,1,dam,Sweet Luna,dam,
symboli-rudolf,2,dam.sire,1963,sire,
symboli-rudolf,3,dam.sire.sire,Royal Challenger,sire,
symboli-rudolf,3,dam.sire.dam,Sweet Inn,dam,
symboli-rudolf,2,dam.dam,Dance Time,dam,
symboli-rudolf,3,dam.dam.sire,Palestine,sire,
symboli-rudolf,3,dam.dam.dam,Samaritaine,dam,
air-groove,1,sire,Tony Bin,sire,
air-groove,2,sire.sire,Kampala,sire,
air-groove,3,sire.sire.sire,Kalamoun,sire,
air-groove,3,sire.sire.dam,State Pension,dam,
air-groove,2,sire.dam,Severn Bridge,dam,
air-groove,3,sire.dam.sire,Hornbeam,sire,
air-groove,3,sire.dam.dam,Priddy Fair,dam,
air-groove,1,dam,Dyna Carle,dam,
air-groove,2,dam.sire,Northern Taste,sire,yayoi-akikawa
air-groove,3,dam.sire.sire,Northern Dancer,sire,
air-groove,3,dam.sire.dam,Lady Victoria,dam,
air-groove,2,dam.dam,Shadai Feather,dam,
air-groove,3,dam.dam.sire,Guersant,sire,
air-groove,3,dam.dam.dam,Feather Ball1959,dam,
agnes-digital,1,sire,Crafty Prospector,sire,
agnes-digital,2,sire.sire,Mr. Prospector,sire,
agnes-digital,3,sire.sire.sire,Raise a Native,sire,
agnes-digital,3,sire.sire.dam,Gold Digger,dam,
agnes-digital,2,sire.dam,Real Crafty Lady,dam,
agnes-digital,3,sire.dam.sire,In Reality,sire,
agnes-digital,3,sire.dam.dam,Princess Roycraft,dam,
agnes-digital,1,dam,Chancey Squaw,dam,
agnes-digital,2,dam.sire,Chief's Crown,sire,
agnes-digital,3,dam.sire.sire,Danzig,sire,
agnes-digital,3,dam.sire.dam,Six Crowns,dam,
agnes-digital,2,dam.dam,Allicance,dam,
agnes-digital,3,dam.dam.sire,Alleged,sire,
agnes-digital,3,dam.dam.dam,Runaway Bride,dam,
seiun-sky,1,sire,Sheriff's Star,sire,
seiun-sky,2,sire.sire,Posse,sire,
seiun-sky,3,sire.sire.sire,Forli,sire,
seiun-sky,3,sire.sire.dam,In Hot Pursuit,dam,
seiun-sky,2,sire.dam,Castle Moon,dam,
seiun-sky,3,sire.dam.sire,Kalamoun,sire,
seiun-sky,3,sire.dam.dam,Fotheringay,dam,
seiun-sky,1,dam,Sister Mill,dam,
seiun-sky,2,dam.sire,Mill George,sire,
seiun-sky,3,dam.sire.sire,Mill Reef,sire,
seiun-sky,3,dam.sire.dam,Miss Charisma,dam,
seiun-sky,2,dam.dam,Sweet Angelet,dam,
seiun-sky,3,dam.dam.sire,Mogami,sire,
seiun-sky,3,dam.dam.dam,Angelet Sweet,dam,
tamamo-cross,1,sire,C.B.Cross,sire,
tamamo-cross,2,sire.sire,Fortino,sire,
tamamo-cross,3,sire.sire.sire,Grey Sovereign,sire,
tamamo-cross,3,sire.sire.dam,Ranavalo,dam,
tamamo-cross,2,sire.dam,1968,dam,
tamamo-cross,3,sire.dam.sire,Partholon,sire,
tamamo-cross,3,sire.dam.dam,Cumulus,dam,
tamamo-cross,1,dam,Green Chateau,dam,
tamamo-cross,2,dam.sire,Chateaugay,sire,
tamamo-cross,3,dam.sire.sire,Swaps,sire,
tamamo-cross,3,dam.sire.dam,Banquet Bell,dam,
tamamo-cross,2,dam.dam,Queen Bee,dam,
tamamo-cross,3,dam.dam.sire,Tudor Period,sire,
tamamo-cross,3,dam.dam.dam,Cosa,dam,
fine-motion,1,sire,Danehill,sire,
fine-motion,2,sire.sire,Danzig,sire,
fine-motion,3,sire.sire.sire,Northern Dancer,sire,
fine-motion,3,sire.sire.dam,Pas de Nom,dam,
fine-motion,2,sire.dam,Razyana,dam,
fine-motion,3,sire.dam.sire,His Majesty,sire,
fine-motion,3,sire.dam.dam,Spring Adieu,dam,
fine-motion,1,dam,Cocotte,dam,
fine-motion,2,dam.sire,Troy,sire,
fine-motion,3,dam.sire.sire,Petingo,sire,
fine-motion,3,dam.sire.dam,La Milo,dam,
fine-motion,2,dam.dam,Gay Milly,dam,
fine-motion,3,dam.dam.sire,Mill Reef,sire,
fine-motion,3,dam.dam.dam,Gaily,dam,
biwa-hayahide,1,sire,Sharrood,sire,
biwa-hayahide,2,sire.sire,Caro,sire,
biwa-hayahide,3,sire.sire.sire,Fortino,sire,
biwa-hayahide,3,sire.sire.dam,Chambord,dam,
biwa-hayahide,2,sire.dam,Angel Island,dam,
biwa-hayahide,3,sire.dam.sire,Cougar,sire,
biwa-hayahide,3,sire.dam.dam,Who's to Know,dam,
biwa-hayahide,1,dam,Pacificus,dam,
biwa-hayahide,2,dam.sire,Northern Dancer,sire,
biwa-hayahide,3,dam.sire.sire,Nearctic,sire,
biwa-hayahide,3,dam.sire.dam,Natalma,dam,
biwa-hayahide,2,dam.dam,Pacific Princess,dam,
biwa-hayahide,3,dam.dam.sire,Damascus,sire,
biwa-hayahide,3,dam.dam.dam,Fiji,dam,
mayano-top-gun,1,sire,Brian's Time,sire,
mayano-top-gun,2,sire.sire,Roberto,sire,
mayano-top-gun,3,sire.sire.sire,Hail to Reason,sire,
mayano-top-gun,3,sire.sire.dam,Bramalea,dam,
mayano-top-gun,2,sire.dam,Kelley's Day,dam,
mayano-top-gun,3,sire.dam.sire,Graustark,sire,
mayano-top-gun,3,sire.dam.dam,Golden Trail,dam,
mayano-top-gun,1,dam,Alp Me Please,dam,
mayano-top-gun,2,dam.sire,Blushing Groom,sire,
mayano-top-gun,3,dam.sire.sire,Red God,sire,
mayano-top-gun,3,dam.sire.dam,Runaway Bride,dam,
mayano-top-gun,2,dam.dam,Swiss,dam,
mayano-top-gun,3,dam.dam.sire,Vaguely Noble,sire,
mayano-top-gun,3,dam.dam.dam,Gala Host,dam,
manhattan-cafe,1,sire,Sunday Silence,sire,
manhattan-cafe,2,sire.sire,Halo,sire,
manhattan-cafe,3,sire.sire.sire,Hail to Reason,sire,
manhattan-cafe,3,sire.sire.dam,Cosmah,dam,
manhattan-cafe,2,sire.dam,Wishing Well,dam,
manhattan-cafe,3,sire.dam.sire,Understanding,sire,
manhattan-cafe,3,sire.dam.dam,Mountain Flower,dam,
manhattan-cafe,1,dam,Subtle Change,dam,
manhattan-cafe,2,dam.sire,Law Society,sire,
manhattan-cafe,3,dam.sire.sire,Alleged,sire,
manhattan-cafe,3,dam.sire.dam,Bold Bikini,dam,
manhattan-cafe,2,dam.dam,Santa Luciana,dam,
manhattan-cafe,3,dam.dam.sire,Luciano,sire,
manhattan-cafe,3,dam.dam.dam,Suleika,dam,
mihono-bourbon,1,sire,Magnitude,sire,
mihono-bourbon,2,sire.sire,Mill Reef,sire,
mihono-bourbon,3,sire.sire.sire,Never Bend,sire,
mihono-bourbon,3,sire.sire.dam,Milan Mill,dam,
mihono-bourbon,2,sire.dam,Altesse Royale,dam,
mihono-bourbon,3,sire.dam.sire,Saint Crespin,sire,
mihono-bourbon,3,sire.dam.dam,Bleu Azur,dam,
mihono-bourbon,1,dam,Katsumi Echo,dam,
mihono-bourbon,2,dam.sire,Chalet,sire,
mihono-bourbon,3,dam.sire.sire,Luthier,sire,
mihono-bourbon,3,dam.sire.dam,Christiana,dam,
mihono-bourbon,2,dam.dam,High Flame,dam,
mihono-bourbon,3,dam.dam.sire,Your Highness,sire,
mihono-bourbon,3,dam.dam.dam,Kami Yamato,dam,
mejiro-ryan,1,sire,Amber Shadai,sire,
mejiro-ryan,2,sire.sire,Northern Taste,sire,yayoi-akikawa
mejiro-ryan,3,sire.sire.sire,Northern Dancer,sire,
mejiro-ryan,3,sire.sire.dam,Lady Victoria,dam,
mejiro-ryan,2,sire.dam,Clear Amber,dam,
mejiro-ryan,3,sire.dam.sire,Ambiopoise,sire,
mejiro-ryan,3,sire.dam.dam,One Clear Call,dam,
mejiro-ryan,1,dam,Mejiro Chaser,dam,
mejiro-ryan,2,dam.sire,Mejiro Samman,sire,
mejiro-ryan,3,dam.sire.sire,Charlottesville,sire,
mejiro-ryan,3,dam.sire.dam,Paradisea,dam,
mejiro-ryan,2,dam.dam,Cheryl,dam,
mejiro-ryan,3,dam.dam.sire,Snob,sire,
mejiro-ryan,3,dam.dam.dam,Chanel,dam,
hishi-akebono,1,sire,Woodman,sire,
hishi-akebono,2,sire.sire,Mr. Prospector,sire,
hishi-akebono,3,sire.sire.sire,Raise a Native,sire,
hishi-akebono,3,sire.sire.dam,Gold Digger,dam,
hishi-akebono,2,sire.dam,Playmate,dam,
hishi-akebono,3,sire.dam.sire,Buckpasser,sire,
hishi-akebono,3,sire.dam.dam,Intriguing,dam,
hishi-akebono,1,dam,Mysteries,dam,
hishi-akebono,2,dam.sire,Seattle Slew,sire,
hishi-akebono,3,dam.sire.sire,Bold Reasoning,sire,
hishi-akebono,3,dam.sire.dam,My Charmer,dam,
hishi-akebono,2,dam.dam,Phydilla,dam,
hishi-akebono,3,dam.dam.sire,Lyphard,sire,
hishi-akebono,3,dam.dam.dam,Godzilla,dam,
yukino-bijin,1,sire,Sakura Yutaka O,sire,
yukino-bijin,2,sire.sire,Tesco Boy,sire,
yukino-bijin,3,sire.sire.sire,Princely Gift,sire,
yukino-bijin,3,sire.sire.dam,Suncourt,dam,
yukino-bijin,2,sire.dam,Angelica,dam,
yukino-bijin,3,sire.dam.sire,Never Beat,sire,
yukino-bijin,3,sire.dam.dam,Star Highness,dam,
yukino-bijin,1,dam,Fatima,dam,
yukino-bijin,2,dam.sire,Royal Ski,sire,
yukino-bijin,3,dam.sire.sire,Raja Baba,sire,
yukino-bijin,3,dam.sire.dam,Coz o'Nijinsky,dam,
yukino-bijin,2,dam.dam,Beauty One,dam,
yukino-bijin,3,dam.dam.sire,Dapper Dan,sire,
yukino-bijin,3,dam.dam.dam,Miss Jane,dam,
rice-shower,1,sire,Real Shadai,sire,
rice-shower,2,sire.sire,Roberto,sire,
rice-shower,3,sire.sire.sire,Hail to Reason,sire,
rice-shower,3,sire.sire.dam,Bramalea,dam,
rice-shower,2,sire.dam,Desert Vixen,dam,
rice-shower,3,sire.dam.sire,In Reality,sire,
rice-shower,3,sire.dam.dam,Desert Trial,dam,
rice-shower,1,dam,Lilac Point,dam,
rice-shower,2,dam.sire,Maruzensky,sire,maruzensky
rice-shower,3,dam.sire.sire,Nijinsky,sire,
rice-shower,3,dam.sire.dam,Shill,dam,
rice-shower,2,dam.dam,Kuri Katsura,dam,
rice-shower,3,dam.dam.sire,Tiepolo,sire,
rice-shower,3,dam.dam.dam,Kurino Hoshi,dam,
ines-fujin,1,sire,Sea Hawk,sire,
ines-fujin,2,sire.sire,Herbager,sire,
ines-fujin,3,sire.sire.sire,Vandale,sire,
ines-fujin,3,sire.sire.dam,Flagette,dam,
ines-fujin,2,sire.dam,Sea Nymph,dam,
ines-fujin,3,sire.dam.sire,Free Man,sire,
ines-fujin,3,sire.dam.dam,Sea Spray,dam,
ines-fujin,1,dam,Tesco Pearl,dam,
ines-fujin,2,dam.sire,Tesco Boy,sire,
ines-fujin,3,dam.sire.sire,Princely Gift,sire,
ines-fujin,3,dam.sire.dam,Suncourt,dam,
ines-fujin,2,dam.dam,Mutsumi Pearl,dam,
ines-fujin,3,dam.dam.sire,Montaval,sire,
ines-fujin,3,dam.dam.dam,Masaryu,dam,
agnes-tachyon,1,sire,Sunday Silence,sire,
agnes-tachyon,2,sire.sire,Halo,sire,
agnes-tachyon,3,sire.sire.sire,Hail to Reason,sire,
agnes-tachyon,3,sire.sire.dam,Cosmah,dam,
agnes-tachyon,2,sire.dam,Wishing Well,dam,
agnes-tachyon,3,sire.dam.sire,Understanding,sire,
agnes-tachyon,3,sire.dam.dam,Mountain Flower,dam,
agnes-tachyon,1,dam,Agnes Flora,dam,
agnes-tachyon,2,dam.sire,Royal Ski,sire,
agnes-tachyon,3,dam.sire.sire,Raja Baba,sire,
agnes-tachyon,3,dam.sire.dam,Coz o'Nijinsky,dam,
agnes-tachyon,2,dam.dam,Agnes Lady,dam,
agnes-tachyon,3,dam.dam.sire,Remand,sire,
agnes-tachyon,3,dam.dam.dam,Ikoma Eikan,dam,
admire-vega,1,sire,Sunday Silence,sire,
admire-vega,2,sire.sire,Halo,sire,
admire-vega,3,sire.sire.sire,Hail to Reason,sire,
admire-vega,3,sire.sire.dam,Cosmah,dam,
admire-vega,2,sire.dam,Wishing Well,dam,
admire-vega,3,sire.dam.sire,Understanding,sire,
admire-vega,3,sire.dam.dam,Mountain Flower,dam,
admire-vega,1,dam,Vega,dam,
admire-vega,2,dam.sire,Tony Bin,sire,
admire-vega,3,dam.sire.sire,Kampala,sire,
admire-vega,3,dam.sire.dam,Severn Bridge,dam,
admire-vega,2,dam.dam,Antique Value,dam,
admire-vega,3,dam.dam.sire,Northern Dancer,sire,
admire-vega,3,dam.dam.dam,Moonscape,dam,
inari-one,1,sire,Mill George,sire,
inari-one,2,sire.sire,Mill Reef,sire,
inari-one,3,sire.sire.sire,Never Bend,sire,
inari-one,3,sire.sire.dam,Milan Mill,dam,
inari-one,2,sire.dam,Miss Charisma,dam,
inari-one,3,sire.dam.sire,Ragusa,sire,
inari-one,3,sire.dam.dam,Matatina,dam,
inari-one,1,dam,Teito Yashima,dam,
inari-one,2,dam.sire,Larkspur,sire,
inari-one,3,dam.sire.sire,Never Say Die,sire,
inari-one,3,dam.sire.dam,Skylarking,dam,
inari-one,2,dam.dam,Yashima Jet,dam,
inari-one,3,dam.dam.sire,Solonaway,sire,
inari-one,3,dam.dam.dam,Yashima Nishiki,dam,
winning-ticket,1,sire,Tony Bin,sire,
winning-ticket,2,sire.sire,Kampala,sire,
winning-ticket,3,sire.sire.sire,Kalamoun,sire,
winning-ticket,3,sire.sire.dam,State Pension,dam,
winning-ticket,2,sire.dam,Severn Bridge,dam,
winning-ticket,3,sire.dam.sire,Hornbeam,sire,
winning-ticket,3,sire.dam.dam,Priddy Fair,dam,
winning-ticket,1,dam,Powerful Lady,dam,
winning-ticket,2,dam.sire,Maruzensky,sire,maruzensky
winning-ticket,3,dam.sire.sire,Nijinsky,sire,
winning-ticket,3,dam.sire.dam,Shill,dam,
winning-ticket,2,dam.dam,Roch Tesco,dam,
winning-ticket,3,dam.dam.sire,Tesco Boy,sire,
winning-ticket,3,dam.dam.dam,Star Roch,dam,
air-shakur,1,sire,Sunday Silence,sire,
air-shakur,2,sire.sire,Halo,sire,
air-shakur,3,sire.sire.sire,Hail to Reason,sire,
air-shakur,3,sire.sire.dam,Cosmah,dam,
air-shakur,2,sire.dam,Wishing Well,dam,
air-shakur,3,sire.dam.sire,Understanding,sire,
air-shakur,3,sire.dam.dam,Mountain Flower,dam,
air-shakur,1,dam,I Dreamed a Dream,dam,
air-shakur,2,dam.sire,Well Decorated,sire,
air-shakur,3,dam.sire.sire,Raja Baba,sire,
air-shakur,3,dam.sire.dam,Paris Breeze,dam,
air-shakur,2,dam.dam,Hidden Trail,dam,
air-shakur,3,dam.dam.sire,Gleaming,sire,
air-shakur,3,dam.dam.dam,Tobacco Trail,dam,
eishin-flash,1,sire,King's Best,sire,
eishin-flash,2,sire.sire,Kingmambo,sire,
eishin-flash,3,sire.sire.sire,Mr. Prospector,sire,
eishin-flash,3,sire.sire.dam,Miesque,dam,
eishin-flash,2,sire.dam,Allegretta,dam,
eishin-flash,3,sire.dam.sire,Lombard,sire,
eishin-flash,3,sire.dam.dam,Anatevka,dam,
eishin-flash,1,dam,Moonlady,dam,
eishin-flash,2,dam.sire,Platini,sire,
eishin-flash,3,dam.sire.sire,Surumu,sire,
eishin-flash,3,dam.sire.dam,Prairie Darling,dam,
eishin-flash,2,dam.dam,Midnight Fever,dam,
eishin-flash,3,dam.dam.sire,Sure Blade,sire,
eishin-flash,3,dam.dam.dam,Majoritat,dam,
curren-chan,1,sire,Kurofune,sire,
curren-chan,2,sire.sire,French Deputy,sire,
curren-chan,3,sire.sire.sire,Deputy Minister,sire,
curren-chan,3,sire.sire.dam,Mitterand,dam,
curren-chan,2,sire.dam,Blue Avenue,dam,
curren-chan,3,sire.dam.sire,Classic Go Go,sire,
curren-chan,3,sire.dam.dam,Eliza Blue,dam,
curren-chan,1,dam,Spring Ticket,dam,
curren-chan,2,dam.sire,Tony Bin,sire,
curren-chan,3,dam.sire.sire,Kampala,sire,
curren-chan,3,dam.sire.dam,Severn Bridge,dam,
curren-chan,2,dam.dam,Kazumi Harukoma,dam,
curren-chan,3,dam.dam.sire,Maruzensky,sire,maruzensky
curren-chan,3,dam.dam.dam,Senshu Takara,dam,
kawakami-princess,1,sire,King Halo,sire,king-halo
kawakami-princess,2,sire.sire,Dancing Brave,sire,
kawakami-princess,3,sire.sire.sire,Lyphard,sire,
kawakami-princess,3,sire.sire.dam,Navajo Princess,dam,
kawakami-princess,2,sire.dam,Goodbye Halo,dam,
kawakami-princess,3,sire.dam.sire,Halo,sire,
kawakami-princess,3,sire.dam.dam,Pound Foolish,dam,
kawakami-princess,1,dam,Takano Secretary,dam,
kawakami-princess,2,dam.sire,Seattle Slew,sire,
kawakami-princess,3,dam.sire.sire,Bold Reasoning,sire,
kawakami-princess,3,dam.sire.dam,My Charmer,dam,
kawakami-princess,2,dam.dam,Summer Secretary,dam,
kawakami-princess,3,dam.dam.sire,Secretariat,sire,
kawakami-princess,3,dam.dam.dam,Golden Summer,dam,
gold-city,1,sire,Viceregal,sire,
gold-city,2,sire.sire,Northern Dancer,sire,
gold-city,3,sire.sire.sire,Nearctic,sire,
gold-city,3,sire.sire.dam,Natalma,dam,
gold-city,2,sire.dam,Victoria Regina,dam,
gold-city,3,sire.dam.sire,Menetrier,sire,
gold-city,3,sire.dam.dam,Victoriana,dam,
gold-city,1,dam,Italian City,dam,
gold-city,2,dam.sire,Tesco Boy,sire,
gold-city,3,dam.sire.sire,Princely Gift,sire,
gold-city,3,dam.sire.dam,Suncourt,dam,
gold-city,2,dam.dam,Rinnes,dam,
gold-city,3,dam.dam.sire,Fidalgo,sire,
gold-city,3,dam.dam.dam,Siegerin,dam,
sakura-bakushin-o,1,sire,Sakura Yutaka O,sire,
sakura-bakushin-o,2,sire.sire,Tesco Boy,sire,
sakura-bakushin-o,3,sire.sire.sire,Princely Gift,sire,
sakura-bakushin-o,3,sire.sire.dam,Suncourt,dam,
sakura-bakushin-o,2,sire.dam,Angelica,dam,
sakura-bakushin-o,3,sire.dam.sire,Never Beat,sire,
sakura-bakushin-o,3,sire.dam.dam,Star Highness,dam,
sakura-bakushin-o,1,dam,Sakura Hagoromo,dam,
sakura-bakushin-o,2,dam.sire,Northern Taste,sire,yayoi-akikawa
sakura-bakushin-o,3,dam.sire.sire,Northern Dancer,sire,
sakura-bakushin-o,3,dam.sire.dam,Lady Victoria,dam,
sakura-bakushin-o,2,dam.dam,Clear Amber,dam,
sakura-bakushin-o,3,dam.dam.sire,Ambiopoise,sire,
sakura-bakushin-o,3,dam.dam.dam,One Clear Call,dam,
seeking-the-pearl,1,sire,Seeking the Gold,sire,
seeking-the-pearl,2,sire.sire,Mr. Prospector,sire,
seeking-the-pearl,3,sire.sire.sire,Raise a Native,sire,
seeking-the-pearl,3,sire.sire.dam,Gold Digger,dam,
seeking-the-pearl,2,sire.dam,Con Game,dam,
seeking-the-pearl,3,sire.dam.sire,Buckpasser,sire,
seeking-the-pearl,3,sire.dam.dam,Broadway,dam,
seeking-the-pearl,1,dam,Page Proof,dam,
seeking-the-pearl,2,dam.sire,Seattle Slew,sire,
seeking-the-pearl,3,dam.sire.sire,Bold Reasoning,sire,
seeking-the-pearl,3,dam.sire.dam,My Charmer,dam,
seeking-the-pearl,2,dam.dam,Barb's Bold,dam,
seeking-the-pearl,3,dam.dam.sire,Bold Forbes,sire,
seeking-the-pearl,3,dam.dam.dam,Goofed,dam,
shinko-windy,1,sire,Doulab,sire,
shinko-windy,2,sire.sire,Topsider,sire,
shinko-windy,3,sire.sire.sire,Northern Dancer,sire,
shinko-windy,3,sire.sire.dam,Drumtop,dam,
shinko-windy,2,sire.dam,Passerine,dam,
shinko-windy,3,sire.dam.sire,Dr. Fager,sire,
shinko-windy,3,sire.dam.dam,Pashamin,dam,
shinko-windy,1,dam,Rose Commander,dam,
shinko-windy,2,dam.sire,Dust Commander,sire,
shinko-windy,3,dam.sire.sire,Bold Commander,sire,
shinko-windy,3,dam.sire.dam,Dust Storm,dam,
shinko-windy,2,dam.dam,Hama Hiryu,dam,
shinko-windy,3,dam.dam.sire,Partholon,sire,
shinko-windy,3,dam.dam.dam,Dick Midori,dam,
sweep-tosho,1,sire,End Sweep,sire,
sweep-tosho,2,sire.sire,Forty Niner,sire,
sweep-tosho,3,sire.sire.sire,Mr. Prospector,sire,
sweep-tosho,3,sire.sire.dam,File,dam,
sweep-tosho,2,sire.dam,Broom Dance,dam,
sweep-tosho,3,sire.dam.sire,Dance Spell,sire,
sweep-tosho,3,sire.dam.dam,Witching Hour,dam,
sweep-tosho,1,dam,Tabatha Tosho,dam,
sweep-tosho,2,dam.sire,Dancing Brave,sire,
sweep-tosho,3,dam.sire.sire,Lyphard,sire,
sweep-tosho,3,dam.sire.dam,Navajo Princess,dam,
sweep-tosho,2,dam.dam,Samantha Tosho,dam,
sweep-tosho,3,dam.dam.sire,Tosho Boy,sire,
sweep-tosho,3,dam.dam.dam,Marble Tosho,dam,
super-creek,1,sire,No Attention,sire,
super-creek,2,sire.sire,Green Dancer,sire,
super-creek,3,sire.sire.sire,Nijinsky,sire,
super-creek,3,sire.sire.dam,Green Valley,dam,
super-creek,2,sire.dam,No No Nanette,dam,
super-creek,3,sire.dam.sire,Sovereign Path,sire,
super-creek,3,sire.dam.dam,Nuclea,dam,
super-creek,1,dam,Nice Day,dam,
super-creek,2,dam.sire,Intermezzo,sire,
super-creek,3,dam.sire.sire,Hornbeam,sire,
super-creek,3,dam.sire.dam,Plaza,dam,
super-creek,2,dam.dam,Sachino Hime,dam,
super-creek,3,dam.dam.sire,Sayajirao,sire,
super-creek,3,dam.dam.dam,Sainte Maxime,dam,
smart-falcon,1,sire,Gold Allure,sire,
smart-falcon,2,sire.sire,Sunday Silence,sire,
smart-falcon,3,sire.sire.sire,Halo,sire,
smart-falcon,3,sire.sire.dam,Wishing Well,dam,
smart-falcon,2,sire.dam,Nikiya,dam,
smart-falcon,3,sire.dam.sire,Nureyev,sire,
smart-falcon,3,sire.dam.dam,Reluctant Guest,dam,
smart-falcon,1,dam,Keishu Herb,dam,
smart-falcon,2,dam.sire,Mississipian,sire,
smart-falcon,3,dam.sire.sire,Vaguely Noble,sire,
smart-falcon,3,dam.sire.dam,Gazala,dam,
smart-falcon,2,dam.dam,Kyoei Shirayuki,dam,
smart-falcon,3,dam.dam.sire,Crowned Prince,sire,
smart-falcon,3,dam.dam.dam,Ariaan,dam,
zenno-rob-roy,1,sire,Sunday Silence,sire,
zenno-rob-roy,2,sire.sire,Halo,sire,
zenno-rob-roy,3,sire.sire.sire,Hail to Reason,sire,
zenno-rob-roy,3,sire.sire.dam,Cosmah,dam,
zenno-rob-roy,2,sire.dam,Wishing Well,dam,
zenno-rob-roy,3,sire.dam.sire,Understanding,sire,
zenno-rob-roy,3,sire.dam.dam,Mountain Flower,dam,
zenno-rob-roy,1,dam,Roamin Rachel,dam,
zenno-rob-roy,2,dam.sire,Mining,sire,
zenno-rob-roy,3,dam.sire.sire,Mr. Prospector,sire,
zenno-rob-roy,3,dam.sire.dam,I Pass,dam,
zenno-rob-roy,2,dam.dam,One Smart Lady,dam,
zenno-rob-roy,3,dam.dam.sire,Clever Trick,sire,
zenno-rob-roy,3,dam.dam.dam,Pia's Lady,dam,
tosen-jordan,1,sire,Jungle Pocket,sire,jungle-pocket
tosen-jordan,2,sire.sire,Tony Bin,sire,
tosen-jordan,3,sire.sire.sire,Kampala,sire,
tosen-jordan,3,sire.sire.dam,Severn Bridge,dam,
tosen-jordan,2,sire.dam,Dance Charmer,dam,
tosen-jordan,3,sire.dam.sire,Nureyev,sire,
tosen-jordan,3,sire.dam.dam,Skillful Joy,dam,
tosen-jordan,1,dam,Every Whisper,dam,
tosen-jordan,2,dam.sire,Northern Taste,sire,yayoi-akikawa
tosen-jordan,3,dam.sire.sire,Northern Dancer,sire,
tosen-jordan,3,dam.sire.dam,Lady Victoria,dam,
tosen-jordan,2,dam.dam,Crafty Wife,dam,
tosen-jordan,3,dam.dam.sire,Crafty Prospector,sire,
tosen-jordan,3,dam.dam.dam,Wife Mistress,dam,
nakayama-festa,1,sire,Stay Gold,sire,stay-gold
nakayama-festa,2,sire.sire,Sunday Silence,sire,
nakayama-festa,3,sire.sire.sire,Halo,sire,
nakayama-festa,3,sire.sire.dam,Wishing Well,dam,
nakayama-festa,2,sire.dam,Golden Sash,dam,
nakayama-festa,3,sire.dam.sire,Dictus,sire,
nakayama-festa,3,sire.dam.dam,Dyna Sash,dam,
nakayama-festa,1,dam,Dear Wink,dam,
nakayama-festa,2,dam.sire,Tight Spot,sire,
nakayama-festa,3,dam.sire.sire,His Majesty,sire,
nakayama-festa,3,dam.sire.dam,Premium Win,dam,
nakayama-festa,2,dam.dam,Seirei,dam,
nakayama-festa,3,dam.dam.sire,Danehill,sire,
nakayama-festa,3,dam.dam.dam,Sense of Rhythm,dam,
narita-taishin,1,sire,Rivlia,sire,
narita-taishin,2,sire.sire,Riverman,sire,
narita-taishin,3,sire.sire.sire,Never Bend,sire,
narita-taishin,3,sire.sire.dam,River Lady,dam,
narita-taishin,2,sire.dam,Dahlia,dam,
narita-taishin,3,sire.dam.sire,Vaguely Noble,sire,
narita-taishin,3,sire.dam.dam,Charming Alibi,dam,
narita-taishin,1,dam,Taishin Lily,dam,
narita-taishin,2,dam.sire,Ladiga,sire,
narita-taishin,3,dam.sire.sire,Graustark,sire,
narita-taishin,3,dam.sire.dam,Celia,dam,
narita-taishin,2,dam.dam,Interlaken,dam,
narita-taishin,3,dam.dam.sire,Sammy Davis,sire,
narita-taishin,3,dam.dam.dam,Silver Fir,dam,
nishino-flower,1,sire,Majestic Light,sire,
nishino-flower,2,sire.sire,Majestic Prince,sire,
nishino-flower,3,sire.sire.sire,Raise a Native,sire,
nishino-flower,3,sire.sire.dam,Gay Hostess,dam,
nishino-flower,2,sire.dam,Irradiate,dam,
nishino-flower,3,sire.dam.sire,Ribot,sire,
nishino-flower,3,sire.dam.dam,High Voltage,dam,
nishino-flower,1,dam,Duplicit,dam,
nishino-flower,2,dam.sire,Danzig,sire,
nishino-flower,3,dam.sire.sire,Northern Dancer,sire,
nishino-flower,3,dam.sire.dam,Pas de Nom,dam,
nishino-flower,2,dam.dam,Fabulous Fraud,dam,
nishino-flower,3,dam.dam.sire,Le Fabuleux,sire,
nishino-flower,3,dam.dam.dam,The Bride,dam,
haru-urara,1,sire,Nippo Teio,sire,
haru-urara,2,sire.sire,Lypheor,sire,
haru-urara,3,sire.sire.sire,Lyphard,sire,
haru-urara,3,sire.sire.dam,Klaizia,dam,
haru-urara,2,sire.dam,Chiyoda Masako,dam,
haru-urara,3,sire.dam.sire,Lover John,sire,
haru-urara,3,sire.dam.dam,Miss O Hayabusa,dam,
haru-urara,1,dam,Heroine,dam,
haru-urara,2,dam.sire,Lucky Sovereign,sire,
haru-urara,3,dam.sire.sire,Nijinsky,sire,
haru-urara,3,dam.sire.dam,Sovereign,dam,
haru-urara,2,dam.dam,Peerless Lady,dam,
haru-urara,3,dam.dam.sire,Tesco Boy,sire,
haru-urara,3,dam.dam.dam,East Side,dam,
bamboo-memory,1,sire,Morning Frolic,sire,
bamboo-memory,2,sire.sire,Grey Dawn,sire,
bamboo-memory,3,sire.sire.sire,Herbager,sire,
bamboo-memory,3,sire.sire.dam,Polamia,dam,
bamboo-memory,2,sire.dam,Timely Affair,dam,
bamboo-memory,3,sire.dam.sire,Bold Hour,sire,
bamboo-memory,3,sire.dam.dam,Friendly Relations,dam,
bamboo-memory,1,dam,Madonna Bamboo,dam,
bamboo-memory,2,dam.sire,Moubariz,sire,
bamboo-memory,3,dam.sire.sire,Sing Sing,sire,
bamboo-memory,3,dam.sire.dam,Musaka,dam,
bamboo-memory,2,dam.dam,Nimbus Bamboo,dam,
bamboo-memory,3,dam.dam.sire,Nimbus,sire,
bamboo-memory,3,dam.dam.dam,Yashima Temple,dam,
biko-pegasus,1,sire,Danzig,sire,
biko-pegasus,2,sire.sire,Northern Dancer,sire,
biko-pegasus,3,sire.sire.sire,Nearctic,sire,
biko-pegasus,3,sire.sire.dam,Natalma,dam,
biko-pegasus,2,sire.dam,Pas de Nom,dam,
biko-pegasus,3,sire.dam.sire,Admiral's Voyage,sire,
biko-pegasus,3,sire.dam.dam,Petitioner,dam,
biko-pegasus,1,dam,Condessa,dam,
biko-pegasus,2,dam.sire,Condorcet,sire,
biko-pegasus,3,dam.sire.sire,Luthier,sire,
biko-pegasus,3,dam.sire.dam,Pan American,dam,
biko-pegasus,2,dam.dam,Varinessa,dam,
biko-pegasus,3,dam.dam.sire,Varano,sire,
biko-pegasus,3,dam.dam.dam,Silken Princess,dam,
marvelous-sunday,1,sire,Sunday Silence,sire,
marvelous-sunday,2,sire.sire,Halo,sire,
marvelous-sunday,3,sire.sire.sire,Hail to Reason,sire,
marvelous-sunday,3,sire.sire.dam,Cosmah,dam,
marvelous-sunday,2,sire.dam,Wishing Well,dam,
marvelous-sunday,3,sire.dam.sire,Understanding,sire,
marvelous-sunday,3,sire.dam.dam,Mountain Flower,dam,
marvelous-sunday,1,dam,Momiji Dancer,dam,
marvelous-sunday,2,dam.sire,Viceregal,sire,
marvelous-sunday,3,dam.sire.sire,Northern Dancer,sire,
marvelous-sunday,3,dam.sire.dam,Victoria Regina,dam,
marvelous-sunday,2,dam.dam,Momigi,dam,
marvelous-sunday,3,dam.dam.sire,Laugh Aloud,sire,
marvelous-sunday,3,dam.dam.dam,Hold Me Close,dam,
matikanefukukitaru,1,sire,Crystal Glitters,sire,
matikanefukukitaru,2,sire.sire,Blushing Groom,sire,
matikanefukukitaru,3,sire.sire.sire,Red God,sire,
matikanefukukitaru,3,sire.sire.dam,Runaway Bride,dam,
matikanefukukitaru,2,sire.dam,Tales to Tell,dam,
matikanefukukitaru,3,sire.dam.sire,Donut King,sire,
matikanefukukitaru,3,sire.dam.dam,Fleeting Doll,dam,
matikanefukukitaru,1,dam,Athena Tosho,dam,
matikanefukukitaru,2,dam.sire,Tosho Boy,sire,
matikanefukukitaru,3,dam.sire.sire,Tesco Boy,sire,
matikanefukukitaru,3,dam.sire.dam,Social Butterfly,dam,
matikanefukukitaru,2,dam.dam,Grey Tosho,dam,
matikanefukukitaru,3,dam.dam.sire,Silver Shark,sire,
matikanefukukitaru,3,dam.dam.dam,1965,dam,
mr-cb,1,sire,Tosho Boy,sire,
mr-cb,2,sire.sire,Tesco Boy,sire,
mr-cb,3,sire.sire.sire,Princely Gift,sire,
mr-cb,3,sire.sire.dam,Suncourt,dam,
mr-cb,2,sire.dam,Social Butterfly,dam,
mr-cb,3,sire.dam.sire,Your Host,sire,
mr-cb,3,sire.dam.dam,Wisteria,dam,
mr-cb,1,dam,C.B.Queen,dam,
mr-cb,2,dam.sire,Topyo,sire,
mr-cb,3,dam.sire.sire,Fine Top,sire,
mr-cb,3,dam.sire.dam,Deliriosa,dam,
mr-cb,2,dam.dam,Meido,dam,
mr-cb,3,dam.dam.sire,Admiral Byrd,sire,
mr-cb,3,dam.dam.dam,Meiwa,dam,
meisho-doto,1,sire,Bigstone,sire,
meisho-doto,2,sire.sire,Last Tycoon,sire,
meisho-doto,3,sire.sire.sire,Try My Best,sire,
meisho-doto,3,sire.sire.dam,Mill Princess,dam,
meisho-doto,2,sire.dam,Batave,dam,
meisho-doto,3,sire.dam.sire,Posse,sire,
meisho-doto,3,sire.dam.dam,Bon Appetit,dam,
meisho-doto,1,dam,Princess Reema,dam,
meisho-doto,2,dam.sire,Affirmed,sire,
meisho-doto,3,dam.sire.sire,Exclusive Native,sire,
meisho-doto,3,dam.sire.dam,Won't Tell You,dam,
meisho-doto,2,dam.dam,First Fling,dam,
meisho-doto,3,dam.dam.sire,Nijinsky,sire,
meisho-doto,3,dam.dam.dam,Fast Approach,dam,
mejiro-dober,1,sire,Mejiro Ryan,sire,mejiro-ryan
mejiro-dober,2,sire.sire,Amber Shadai,sire,
mejiro-dober,3,sire.sire.sire,Northern Taste,sire,yayoi-akikawa
mejiro-dober,3,sire.sire.dam,Clear Amber,dam,
mejiro-dober,2,sire.dam,Mejiro Chaser,dam,
mejiro-dober,3,sire.dam.sire,Mejiro Samman,sire,
mejiro-dober,3,sire.dam.dam,Cheryl,dam,
mejiro-dober,1,dam,Mejiro Beauty,dam,
mejiro-dober,2,dam.sire,Partholon,sire,
mejiro-dober,3,dam.sire.sire,Milesian,sire,
mejiro-dober,3,dam.sire.dam,Paleo,dam,
mejiro-dober,2,dam.dam,Mejiro Nagasaki,dam,
mejiro-dober,3,dam.dam.sire,Never Beat,sire,
mejiro-dober,3,dam.dam.dam,Mejiro Bosatsu,dam,
nice-nature,1,sire,Nice Dancer,sire,
nice-nature,2,sire.sire,Northern Dancer,sire,
nice-nature,3,sire.sire.sire,Nearctic,sire,
nice-nature,3,sire.sire.dam,Natalma,dam,
nice-nature,2,sire.dam,Nice Princess,dam,
nice-nature,3,sire.dam.sire,Le Beau Prince,sire,
nice-nature,3,sire.dam.dam,Happy Night,dam,
nice-nature,1,dam,Urakawa Miyuki,dam,
nice-nature,2,dam.sire,Habitony,sire,
nice-nature,3,dam.sire.sire,Habitat,sire,
nice-nature,3,dam.sire.dam,Courteous Lady,dam,
nice-nature,2,dam.dam,Kemmaru Midori,dam,
nice-nature,3,dam.dam.sire,Kenmaru Chikara,sire,
nice-nature,3,dam.dam.dam,Ken Midori,dam,
king-halo,1,sire,Dancing Brave,sire,
king-halo,2,sire.sire,Lyphard,sire,
king-halo,3,sire.sire.sire,Northern Dancer,sire,
king-halo,3,sire.sire.dam,Goofed,dam,
king-halo,2,sire.dam,Navajo Princess,dam,
king-halo,3,sire.dam.sire,Drone,sire,
king-halo,3,sire.dam.dam,Olmec,dam,
king-halo,1,dam,Goodbye Halo,dam,
king-halo,2,dam.sire,Halo,sire,
king-halo,3,dam.sire.sire,Hail to Reason,sire,
king-halo,3,dam.sire.dam,Cosmah,dam,
king-halo,2,dam.dam,Pound Foolish,dam,
king-halo,3,dam.dam.sire,Sir Ivor,sire,
king-halo,3,dam.dam.dam,Squander,dam,
matikanetannhauser,1,sire,Northern Taste,sire,yayoi-akikawa
matikanetannhauser,2,sire.sire,Northern Dancer,sire,
matikanetannhauser,3,sire.sire.sire,Nearctic,sire,
matikanetannhauser,3,sire.sire.dam,Natalma,dam,
matikanetannhauser,2,sire.dam,Lady Victoria,dam,
matikanetannhauser,3,sire.dam.sire,Victoria Park,sire,
matikanetannhauser,3,sire.dam.dam,Lady Angela,dam,
matikanetannhauser,1,dam,Crippsii,dam,
matikanetannhauser,2,dam.sire,Arrow Express,sire,
matikanetannhauser,3,dam.sire.sire,Spanish Express,sire,
matikanetannhauser,3,dam.sire.dam,Soda Stream,dam,
matikanetannhauser,2,dam.dam,Montaroch,dam,
matikanetannhauser,3,dam.dam.sire,Montaval,sire,
matikanetannhauser,3,dam.dam.dam,Star Roch,dam,
ikuno-dictus,1,sire,Dictus,sire,
ikuno-dictus,2,sire.sire,Sanctus,sire,
ikuno-dictus,3,sire.sire.sire,Fine Top,sire,
ikuno-dictus,3,sire.sire.dam,Sanelta,dam,
ikuno-dictus,2,sire.dam,Doronic,dam,
ikuno-dictus,3,sire.dam.sire,Worden,sire,
ikuno-dictus,3,sire.dam.dam,Dulzetta,dam,
ikuno-dictus,1,dam,Dyna Landing,dam,
ikuno-dictus,2,dam.sire,Northern Taste,sire,yayoi-akikawa
ikuno-dictus,3,dam.sire.sire,Northern Dancer,sire,
ikuno-dictus,3,dam.sire.dam,Lady Victoria,dam,
ikuno-dictus,2,dam.dam,Nice Landing,dam,
ikuno-dictus,3,dam.dam.sire,First Landing,sire,
ikuno-dictus,3,dam.dam.dam,Pashmina,dam,
mejiro-palmer,1,sire,Mejiro Eagle,sire,
mejiro-palmer,2,sire.sire,Mejiro Samman,sire,
mejiro-palmer,3,sire.sire.sire,Charlottesville,sire,
mejiro-palmer,3,sire.sire.dam,Paradisea,dam,
mejiro-palmer,2,sire.dam,Amazon Warrior,dam,
mejiro-palmer,3,sire.dam.sire,Khaled,sire,
mejiro-palmer,3,sire.dam.dam,War Betsy,dam,
mejiro-palmer,1,dam,Mejiro Fantasy,dam,
mejiro-palmer,2,dam.sire,Gay Mecene,sire,
mejiro-palmer,3,dam.sire.sire,Vaguely Noble,sire,
mejiro-palmer,3,dam.sire.dam,Gay Missile,dam,
mejiro-palmer,2,dam.dam,Princess Lyphard,dam,
mejiro-palmer,3,dam.dam.sire,Lyphard,sire,
mejiro-palmer,3,dam.dam.dam,No Luck,dam,
daitaku-helios,1,sire,Bizen Nishiki,sire,
daitaku-helios,2,sire.sire,Dandy Lute,sire,
daitaku-helios,3,sire.sire.sire,Luthier,sire,
daitaku-helios,3,sire.sire.dam,Dentrelic,dam,
daitaku-helios,2,sire.dam,Benibana Bizen,dam,
daitaku-helios,3,sire.dam.sire,Minsky,sire,
daitaku-helios,3,sire.dam.dam,Katsu Hagoromo,dam,
daitaku-helios,1,dam,Never Ichiban,dam,
daitaku-helios,2,dam.sire,Never Beat,sire,
daitaku-helios,3,dam.sire.sire,Never Say Die,sire,
daitaku-helios,3,dam.sire.dam,Bride Elect,dam,
daitaku-helios,2,dam.dam,1959,dam,
daitaku-helios,3,dam.dam.sire,Harroway,sire,
daitaku-helios,3,dam.dam.dam,Style Patch,dam,
twin-turbo,1,sire,Lyra Ridge,sire,
twin-turbo,2,sire.sire,Lyphard,sire,
twin-turbo,3,sire.sire.sire,Northern Dancer,sire,
twin-turbo,3,sire.sire.dam,Goofed,dam,
twin-turbo,2,sire.dam,Riverside,dam,
twin-turbo,3,sire.dam.sire,Sheshoon,sire,
twin-turbo,3,sire.dam.dam,Renounce,dam,
twin-turbo,1,dam,Racing Jean,dam,
twin-turbo,2,dam.sire,Wordys1969,sire,
twin-turbo,3,dam.sire.sire,Sanctus,sire,
twin-turbo,3,dam.sire.dam,Wordys,dam,
twin-turbo,2,dam.dam,Mauta Jo O,dam,
twin-turbo,3,dam.dam.sire,Faberge,sire,
twin-turbo,3,dam.dam.dam,Hard Hope,dam,
satono-diamond,1,sire,Deep Impact,sire,
satono-diamond,2,sire.sire,Sunday Silence,sire,
satono-diamond,3,sire.sire.sire,Halo,sire,
satono-diamond,3,sire.sire.dam,Wishing Well,dam,
satono-diamond,2,sire.dam,Wind in Her Hair,dam,
satono-diamond,3,sire.dam.sire,Alzao,sire,
satono-diamond,3,sire.dam.dam,Burghclere,dam,
satono-diamond,1,dam,Malpensa,dam,
satono-diamond,2,dam.sire,Orpen,sire,
satono-diamond,3,dam.sire.sire,Lure,sire,
satono-diamond,3,dam.sire.dam,Bonita Francita,dam,
satono-diamond,2,dam.dam,Marsella,dam,
satono-diamond,3,dam.dam.sire,Southern Halo,sire,
satono-diamond,3,dam.dam.dam,Riviere,dam,
kitasan-black,1,sire,Black Tide,sire,
kitasan-black,2,sire.sire,Sunday Silence,sire,
kitasan-black,3,sire.sire.sire,Halo,sire,
kitasan-black,3,sire.sire.dam,Wishing Well,dam,
kitasan-black,2,sire.dam,Wind in Her Hair,dam,
kitasan-black,3,sire.dam.sire,Alzao,sire,
kitasan-black,3,sire.dam.dam,Burghclere,dam,
kitasan-black,1,dam,Sugar Heart,dam,
kitasan-black,2,dam.sire,Sakura Bakushin O,sire,sakura-bakushin-o
kitasan-black,3,dam.sire.sire,Sakura Yutaka O,sire,
kitasan-black,3,dam.sire.dam,Sakura Hagoromo,dam,
kitasan-black,2,dam.dam,Otome Gokoro,dam,
kitasan-black,3,dam.dam.sire,Judge Angelucci,sire,
kitasan-black,3,dam.dam.dam,Tizly,dam,
sakura-chiyono-o,1,sire,Maruzensky,sire,maruzensky
sakura-chiyono-o,2,sire.sire,Nijinsky,sire,
sakura-chiyono-o,3,sire.sire.sire,Northern Dancer,sire,
sakura-chiyono-o,3,sire.sire.dam,Flaming Page,dam,
sakura-chiyono-o,2,sire.dam,Shill,dam,
sakura-chiyono-o,3,sire.dam.sire,Buckpasser,sire,
sakura-chiyono-o,3,sire.dam.dam,Quill,dam,
sakura-chiyono-o,1,dam,Sakura Sedan,dam,
sakura-chiyono-o,2,dam.sire,Sedan,sire,
sakura-chiyono-o,3,dam.sire.sire,Prince Bio,sire,
sakura-chiyono-o,3,dam.sire.dam,Staffa,dam,
sakura-chiyono-o,2,dam.dam,Swanswood Grove,dam,
sakura-chiyono-o,3,dam.dam.sire,Grey Sovereign,sire,
sakura-chiyono-o,3,dam.dam.dam,Fakhry,dam,
sirius-symboli,1,sire,Mogami,sire,
sirius-symboli,2,sire.sire,Lyphard,sire,
sirius-symboli,3,sire.sire.sire,Northern Dancer,sire,
sirius-symboli,3,sire.sire.dam,Goofed,dam,
sirius-symboli,2,sire.dam,No Luck,dam,
sirius-symboli,3,sire.dam.sire,Lucky Debonair,sire,
sirius-symboli,3,sire.dam.dam,No Teasing,dam,
sirius-symboli,1,dam,Sweet Epsom,dam,
sirius-symboli,2,dam.sire,Partholon,sire,
sirius-symboli,3,dam.sire.sire,Milesian,sire,
sirius-symboli,3,dam.sire.dam,Paleo,dam,
sirius-symboli,2,dam.dam,Shiretoko,dam,
sirius-symboli,3,dam.dam.sire,Takawalk,sire,
sirius-symboli,3,dam.dam.dam,Pochette,dam,
mejiro-ardan,1,sire,Aswan,sire,
mejiro-ardan,2,sire.sire,Northern Taste,sire,yayoi-akikawa
mejiro-ardan,3,sire.sire.sire,Northern Dancer,sire,
mejiro-ardan,3,sire.sire.dam,Lady Victoria,dam,
mejiro-ardan,2,sire.dam,Lily of the Nile,dam,
mejiro-ardan,3,sire.dam.sire,Never Bend,sire,
mejiro-ardan,3,sire.dam.dam,Nile Lily,dam,
mejiro-ardan,1,dam,Mejiro Hiryu,dam,
mejiro-ardan,2,dam.sire,Never Beat,sire,
mejiro-ardan,3,dam.sire.sire,Never Say Die,sire,
mejiro-ardan,3,dam.sire.dam,Bride Elect,dam,
mejiro-ardan,2,dam.dam,Amazon Warrior,dam,
mejiro-ardan,3,dam.dam.sire,Khaled,sire,
mejiro-ardan,3,dam.dam.dam,War Betsy,dam,
yaeno-muteki,1,sire,Yamaninsky,sire,
yaeno-muteki,2,sire.sire,Nijinsky,sire,
yaeno-muteki,3,sire.sire.sire,Northern Dancer,sire,
yaeno-muteki,3,sire.sire.dam,Flaming Page,dam,
yaeno-muteki,2,sire.dam,Unmentionable,dam,
yaeno-muteki,3,sire.dam.sire,Buckpasser,sire,
yaeno-muteki,3,sire.dam.dam,Petticoat,dam,
yaeno-muteki,1,dam,Tsurumi Star,dam,
yaeno-muteki,2,dam.sire,Yellow God,sire,
yaeno-muteki,3,dam.sire.sire,Red God,sire,
yaeno-muteki,3,dam.sire.dam,Sally Deans,dam,
yaeno-muteki,2,dam.dam,Fujiko,dam,
yaeno-muteki,3,dam.dam.sire,Solonaway,sire,
yaeno-muteki,3,dam.dam.dam,Hama Midori,dam,
tsurumaru-tsuyoshi,1,sire,Symboli Rudolf,sire,symboli-rudolf
tsurumaru-tsuyoshi,2,sire.sire,Partholon,sire,
tsurumaru-tsuyoshi,3,sire.sire.sire,Milesian,sire,
tsurumaru-tsuyoshi,3,sire.sire.dam,Paleo,dam,
tsurumaru-tsuyoshi,2,sire.dam,Sweet Luna,dam,
tsurumaru-tsuyoshi,3,sire.dam.sire,1963,sire,
tsurumaru-tsuyoshi,3,sire.dam.dam,Dance Time,dam,
tsurumaru-tsuyoshi,1,dam,Sweet Cielo,dam,
tsurumaru-tsuyoshi,2,dam.sire,Conquistador Cielo,sire,
tsurumaru-tsuyoshi,3,dam.sire.sire,Mr. Prospector,sire,
tsurumaru-tsuyoshi,3,dam.sire.dam,K D Princess,dam,
tsurumaru-tsuyoshi,2,dam.dam,Change Water,dam,
tsurumaru-tsuyoshi,3,dam.dam.sire,Swaps,sire,
tsurumaru-tsuyoshi,3,dam.dam.dam,Portage,dam,
mejiro-bright,1,sire,Mejiro Ryan,sire,mejiro-ryan
mejiro-bright,2,sire.sire,Amber Shadai,sire,
mejiro-bright,3,sire.sire.sire,Northern Taste,sire,yayoi-akikawa
mejiro-bright,3,sire.sire.dam,Clear Amber,dam,
mejiro-bright,2,sire.dam,Mejiro Chaser,dam,
mejiro-bright,3,sire.dam.sire,Mejiro Samman,sire,
mejiro-bright,3,sire.dam.dam,Cheryl,dam,
mejiro-bright,1,dam,Reru du Temps,dam,
mejiro-bright,2,dam.sire,Maruzensky,sire,maruzensky
mejiro-bright,3,dam.sire.sire,Nijinsky,sire,
mejiro-bright,3,dam.sire.dam,Shill,dam,
mejiro-bright,2,dam.dam,Kei Tsunami,dam,
mejiro-bright,3,dam.dam.sire,Ladiga,sire,
mejiro-bright,3,dam.dam.dam,Hibiscus,dam,
daring-tact,1,sire,Epiphaneia,sire,epiphaneia
daring-tact,2,sire.sire,Symboli Kris S,sire,symboli-kris-s
daring-tact,3,sire.sire.sire,Kris S.,sire,
daring-tact,3,sire.sire.dam,Tee Kay,dam,
daring-tact,2,sire.dam,Cesario,dam,cesario
daring-tact,3,sire.dam.sire,Special Week,sire,special-week
daring-tact,3,sire.dam.dam,Kirov Premiere,dam,
daring-tact,1,dam,Daring Bird,dam,
daring-tact,2,dam.sire,King Kamehameha,sire,
daring-tact,3,dam.sire.sire,Kingmambo,sire,
daring-tact,3,dam.sire.dam,Manfath,dam,
daring-tact,2,dam.dam,Daring Heart,dam,daring-heart
daring-tact,3,dam.dam.sire,Sunday Silence,sire,
daring-tact,3,dam.dam.dam,Daring Danzig,dam,
sakura-laurel,1,sire,Rainbow Quest,sire,
sakura-laurel,2,sire.sire,Blushing Groom,sire,
sakura-laurel,3,sire.sire.sire,Red God,sire,
sakura-laurel,3,sire.sire.dam,Runaway Bride,dam,
sakura-laurel,2,sire.dam,I Will Follow,dam,
sakura-laurel,3,sire.dam.sire,Herbager,sire,
sakura-laurel,3,sire.dam.dam,Where You Lead,dam,
sakura-laurel,1,dam,Lola Lola,dam,
sakura-laurel,2,dam.sire,Saint Cyrien,sire,
sakura-laurel,3,dam.sire.sire,Luthier,sire,
sakura-laurel,3,dam.sire.dam,Sevres,dam,
sakura-laurel,2,dam.dam,Bold Lady,dam,
sakura-laurel,3,dam.dam.sire,Bold Lad,sire,
sakura-laurel,3,dam.dam.dam,Tredam,dam,
narita-top-road,1,sire,Soccer Boy,sire,
narita-top-road,2,sire.sire,Dictus,sire,
narita-top-road,3,sire.sire.sire,Sanctus,sire,
narita-top-road,3,sire.sire.dam,Doronic,dam,
narita-top-road,2,sire.dam,Dyna Sash,dam,
narita-top-road,3,sire.dam.sire,Northern Taste,sire,yayoi-akikawa
narita-top-road,3,sire.dam.dam,Royal Sash,dam,
narita-top-road,1,dam,Floral Magic,dam,
narita-top-road,2,dam.sire,Affirmed,sire,
narita-top-road,3,dam.sire.sire,Exclusive Native,sire,
narita-top-road,3,dam.sire.dam,Won't Tell You,dam,
narita-top-road,2,dam.dam,Rare Lady,dam,
narita-top-road,3,dam.dam.sire,Never Bend,sire,
narita-top-road,3,dam.dam.dam,Double Agent,dam,
yamanin-zephyr,1,sire,Nihon Pillow Winner,sire,
yamanin-zephyr,2,sire.sire,Steel Heart,sire,
yamanin-zephyr,3,sire.sire.sire,Habitat,sire,
yamanin-zephyr,3,sire.sire.dam,A. 1,dam,
yamanin-zephyr,2,sire.dam,Nihon Pillow Evert,dam,
yamanin-zephyr,3,sire.dam.sire,China Rock,sire,
yamanin-zephyr,3,sire.dam.dam,Lite Flame,dam,
yamanin-zephyr,1,dam,Yamanin Policy,dam,
yamanin-zephyr,2,dam.sire,Blushing Groom,sire,
yamanin-zephyr,3,dam.sire.sire,Red God,sire,
yamanin-zephyr,3,dam.sire.dam,Runaway Bride,dam,
yamanin-zephyr,2,dam.dam,Yama Hoyu,dam,
yamanin-zephyr,3,dam.dam.sire,Guersant,sire,
yamanin-zephyr,3,dam.dam.dam,Miss Tarumae,dam,
furioso,1,sire,Brian's Time,sire,
furioso,2,sire.sire,Roberto,sire,
furioso,3,sire.sire.sire,Hail to Reason,sire,
furioso,3,sire.sire.dam,Bramalea,dam,
furioso,2,sire.dam,Kelley's Day,dam,
furioso,3,sire.dam.sire,Graustark,sire,
furioso,3,sire.dam.dam,Golden Trail,dam,
furioso,1,dam,Fursa,dam,
furioso,2,dam.sire,Mr. Prospector,sire,
furioso,3,dam.sire.sire,Raise a Native,sire,
furioso,3,dam.sire.dam,Gold Digger,dam,
furioso,2,dam.dam,Baya,dam,
furioso,3,dam.dam.sire,Nureyev,sire,
furioso,3,dam.dam.dam,Barger,dam,
transcend,1,sire,Wild Rush,sire,
transcend,2,sire.sire,Wild Again,sire,
transcend,3,sire.sire.sire,Icecapade,sire,
transcend,3,sire.sire.dam,Bushel-n-Peck,dam,
transcend,2,sire.dam,Rose Park,dam,
transcend,3,sire.dam.sire,Plugged Nickle,sire,
transcend,3,sire.dam.dam,Hardship,dam,
transcend,1,dam,Cinema Scope,dam,
transcend,2,dam.sire,Tony Bin,sire,
transcend,3,dam.sire.sire,Kampala,sire,
transcend,3,dam.sire.dam,Severn Bridge,dam,
transcend,2,dam.dam,Blue Hawaii,dam,
transcend,3,dam.dam.sire,Thrill Show,sire,
transcend,3,dam.dam.dam,Sunny Swaps,dam,
espoir-city,1,sire,Gold Allure,sire,
espoir-city,2,sire.sire,Sunday Silence,sire,
espoir-city,3,sire.sire.sire,Halo,sire,
espoir-city,3,sire.sire.dam,Wishing Well,dam,
espoir-city,2,sire.dam,Nikiya,dam,
espoir-city,3,sire.dam.sire,Nureyev,sire,
espoir-city,3,sire.dam.dam,Reluctant Guest,dam,
espoir-city,1,dam,Eminent City,dam,
espoir-city,2,dam.sire,Brian's Time,sire,
espoir-city,3,dam.sire.sire,Roberto,sire,
espoir-city,3,dam.sire.dam,Kelley's Day,dam,
espoir-city,2,dam.dam,Hepburn City,dam,
espoir-city,3,dam.dam.sire,Bravest Roman,sire,
espoir-city,3,dam.dam.dam,Compal City,dam,
north-flight,1,sire,Tony Bin,sire,
north-flight,2,sire.sire,Kampala,sire,
north-flight,3,sire.sire.sire,Kalamoun,sire,
north-flight,3,sire.sire.dam,State Pension,dam,
north-flight,2,sire.dam,Severn Bridge,dam,
north-flight,3,sire.dam.sire,Hornbeam,sire,
north-flight,3,sire.dam.dam,Priddy Fair,dam,
north-flight,1,dam,Shadai Flight,dam,
north-flight,2,dam.sire,Hitting Away,sire,
north-flight,3,dam.sire.sire,Ambiorix,sire,
north-flight,3,dam.sire.dam,Striking,dam,
north-flight,2,dam.dam,Forward Flight,dam,
north-flight,3,dam.dam.sire,Porterhouse,sire,
north-flight,3,dam.dam.dam,Bashful Girl,dam,
symboli-kris-s,1,sire,Kris S.,sire,
symboli-kris-s,2,sire.sire,Roberto,sire,
symboli-kris-s,3,sire.sire.sire,Hail to Reason,sire,
symboli-kris-s,3,sire.sire.dam,Bramalea,dam,
symboli-kris-s,2,sire.dam,Sharp Queen,dam,
symboli-kris-s,3,sire.dam.sire,Princequillo,sire,
symboli-kris-s,3,sire.dam.dam,Bridgework,dam,
symboli-kris-s,1,dam,Tee Kay,dam,
symboli-kris-s,2,dam.sire,Gold Meridian,sire,
symboli-kris-s,3,dam.sire.sire,Seattle Slew,sire,
symboli-kris-s,3,dam.sire.dam,Queen Louie,dam,
symboli-kris-s,2,dam.dam,Tri Argo,dam,
symboli-kris-s,3,dam.dam.sire,Tri Jet,sire,
symboli-kris-s,3,dam.dam.dam,Hail Proudly,dam,
tanino-gimlet,1,sire,Brian's Time,sire,
tanino-gimlet,2,sire.sire,Roberto,sire,
tanino-gimlet,3,sire.sire.sire,Hail to Reason,sire,
tanino-gimlet,3,sire.sire.dam,Bramalea,dam,
tanino-gimlet,2,sire.dam,Kelley's Day,dam,
tanino-gimlet,3,sire.dam.sire,Graustark,sire,
tanino-gimlet,3,sire.dam.dam,Golden Trail,dam,
tanino-gimlet,1,dam,Tanino Crystal,dam,
tanino-gimlet,2,dam.sire,Crystal Palace,sire,
tanino-gimlet,3,dam.sire.sire,Caro,sire,
tanino-gimlet,3,dam.sire.dam,Hermieres,dam,
tanino-gimlet,2,dam.dam,Tanino Sea-Bird,dam,
tanino-gimlet,3,dam.dam.sire,Sea-Bird,sire,
tanino-gimlet,3,dam.dam.dam,Flaxen,dam,
daiichi-ruby,1,sire,Tosho Boy,sire,
daiichi-ruby,2,sire.sire,Tesco Boy,sire,
daiichi-ruby,3,sire.sire.sire,Princely Gift,sire,
daiichi-ruby,3,sire.sire.dam,Suncourt,dam,
daiichi-ruby,2,sire.dam,Social Butterfly,dam,
daiichi-ruby,3,sire.dam.sire,Your Host,sire,
daiichi-ruby,3,sire.dam.dam,Wisteria,dam,
daiichi-ruby,1,dam,Hagino Top Lady,dam,
daiichi-ruby,2,dam.sire,Wordys1969,sire,
daiichi-ruby,3,dam.sire.sire,Sanctus,sire,
daiichi-ruby,3,dam.sire.dam,Wordys,dam,
daiichi-ruby,2,dam.dam,Itto,dam,
daiichi-ruby,3,dam.dam.sire,Venture,sire,
daiichi-ruby,3,dam.dam.dam,Miss Marumichi,dam,
mejiro-ramonu,1,sire,Mogami,sire,
mejiro-ramonu,2,sire.sire,Lyphard,sire,
mejiro-ramonu,3,sire.sire.sire,Northern Dancer,sire,
mejiro-ramonu,3,sire.sire.dam,Goofed,dam,
mejiro-ramonu,2,sire.dam,No Luck,dam,
mejiro-ramonu,3,sire.dam.sire,Lucky Debonair,sire,
mejiro-ramonu,3,sire.dam.dam,No Teasing,dam,
mejiro-ramonu,1,dam,Mejiro Hiryu,dam,
mejiro-ramonu,2,dam.sire,Never Beat,sire,
mejiro-ramonu,3,dam.sire.sire,Never Say Die,sire,
mejiro-ramonu,3,dam.sire.dam,Bride Elect,dam,
mejiro-ramonu,2,dam.dam,Amazon Warrior,dam,
mejiro-ramonu,3,dam.dam.sire,Khaled,sire,
mejiro-ramonu,3,dam.dam.dam,War Betsy,dam,
aston-machan,1,sire,Admire Cozzene,sire,
aston-machan,2,sire.sire,Cozzene,sire,
aston-machan,3,sire.sire.sire,Caro,sire,
aston-machan,3,sire.sire.dam,Ride the Trails,dam,
aston-machan,2,sire.dam,Admire McArdy,dam,
aston-machan,3,sire.dam.sire,Northern Taste,sire,yayoi-akikawa
aston-machan,3,sire.dam.dam,Mrs McArdy,dam,
aston-machan,1,dam,Rustling Copse,dam,
aston-machan,2,dam.sire,Woodman,sire,
aston-machan,3,dam.sire.sire,Mr. Prospector,sire,
aston-machan,3,dam.sire.dam,Playmate,dam,
aston-machan,2,dam.dam,Fieldy,dam,
aston-machan,3,dam.dam.sire,Northfields,sire,
aston-machan,3,dam.dam.dam,Gramy,dam,
satono-crown,1,sire,Marju,sire,
satono-crown,2,sire.sire,Last Tycoon,sire,
satono-crown,3,sire.sire.sire,Try My Best,sire,
satono-crown,3,sire.sire.dam,Mill Princess,dam,
satono-crown,2,sire.dam,Flame of Tara,dam,
satono-crown,3,sire.dam.sire,Artaius,sire,
satono-crown,3,sire.dam.dam,Welsh Flame,dam,
satono-crown,1,dam,Jioconda,dam,
satono-crown,2,dam.sire,Rossini,sire,
satono-crown,3,dam.sire.sire,Miswaki,sire,
satono-crown,3,dam.sire.dam,Touch of Greatness,dam,
satono-crown,2,dam.dam,La Joconde,dam,
satono-crown,3,dam.dam.sire,Vettori,sire,
satono-crown,3,dam.dam.dam,Lust,dam,
cheval-grand,1,sire,Heart's Cry,sire,
cheval-grand,2,sire.sire,Sunday Silence,sire,
cheval-grand,3,sire.sire.sire,Halo,sire,
cheval-grand,3,sire.sire.dam,Wishing Well,dam,
cheval-grand,2,sire.dam,Irish Dance,dam,
cheval-grand,3,sire.dam.sire,Tony Bin,sire,
cheval-grand,3,sire.dam.dam,Buper Dance,dam,
cheval-grand,1,dam,Halwa Sweet,dam,
cheval-grand,2,dam.sire,Machiavellian,sire,
cheval-grand,3,dam.sire.sire,Mr. Prospector,sire,
cheval-grand,3,dam.sire.dam,Coup de Folie,dam,
cheval-grand,2,dam.dam,Halwa Song,dam,
cheval-grand,3,dam.dam.sire,Nureyev,sire,
cheval-grand,3,dam.dam.dam,Morn of Song,dam,
verxina,1,sire,Deep Impact,sire,
verxina,2,sire.sire,Sunday Silence,sire,
verxina,3,sire.sire.sire,Halo,sire,
verxina,3,sire.sire.dam,Wishing Well,dam,
verxina,2,sire.dam,Wind in Her Hair,dam,
verxina,3,sire.dam.sire,Alzao,sire,
verxina,3,sire.dam.dam,Burghclere,dam,
verxina,1,dam,Halwa Sweet,dam,
verxina,2,dam.sire,Machiavellian,sire,
verxina,3,dam.sire.sire,Mr. Prospector,sire,
verxina,3,dam.sire.dam,Coup de Folie,dam,
verxina,2,dam.dam,Halwa Song,dam,
verxina,3,dam.dam.sire,Nureyev,sire,
verxina,3,dam.dam.dam,Morn of Song,dam,
vivlos,1,sire,Deep Impact,sire,
vivlos,2,sire.sire,Sunday Silence,sire,
vivlos,3,sire.sire.sire,Halo,sire,
vivlos,3,sire.sire.dam,Wishing Well,dam,
vivlos,2,sire.dam,Wind in Her Hair,dam,
vivlos,3,sire.dam.sire,Alzao,sire,
vivlos,3,sire.dam.dam,Burghclere,dam,
vivlos,1,dam,Halwa Sweet,dam,
vivlos,2,dam.sire,Machiavellian,sire,
vivlos,3,dam.sire.sire,Mr. Prospector,sire,
vivlos,3,dam.sire.dam,Coup de Folie,dam,
vivlos,2,dam.dam,Halwa Song,dam,
vivlos,3,dam.dam.sire,Nureyev,sire,
vivlos,3,dam.dam.dam,Morn of Song,dam,
dantsu-flame,1,sire,Brian's Time,sire,
dantsu-flame,2,sire.sire,Roberto,sire,
dantsu-flame,3,sire.sire.sire,Hail to Reason,sire,
dantsu-flame,3,sire.sire.dam,Bramalea,dam,
dantsu-flame,2,sire.dam,Kelley's Day,dam,
dantsu-flame,3,sire.dam.sire,Graustark,sire,
dantsu-flame,3,sire.dam.dam,Golden Trail,dam,
dantsu-flame,1,dam,Inter Pyrenees,dam,
dantsu-flame,2,dam.sire,Sanquirico,sire,
dantsu-flame,3,dam.sire.sire,Lypheor,sire,
dantsu-flame,3,dam.sire.dam,Nell's Briquette,dam,
dantsu-flame,2,dam.dam,Monte Maria,dam,
dantsu-flame,3,dam.dam.sire,Never Beat,sire,
dantsu-flame,3,dam.dam.dam,Kineusu Maria,dam,
ksmiracle,1,sire,Stutz Blackhawk,sire,
ksmiracle,2,sire.sire,Mr. Prospector,sire,
ksmiracle,3,sire.sire.sire,Raise a Native,sire,
ksmiracle,3,sire.sire.dam,Gold Digger,dam,
ksmiracle,2,sire.dam,Sunny Morning,dam,
ksmiracle,3,sire.dam.sire,Amber Morn,sire,
ksmiracle,3,sire.dam.dam,Lighter,dam,
ksmiracle,1,dam,Lady Bend Fager,dam,
ksmiracle,2,dam.sire,Never Bend,sire,
ksmiracle,3,dam.sire.sire,Nasrullah,sire,
ksmiracle,3,dam.sire.dam,Lalun,dam,
ksmiracle,2,dam.dam,Princess Fager,dam,
ksmiracle,3,dam.dam.sire,Dr. Fager,sire,
ksmiracle,3,dam.dam.dam,Princess Roycraft,dam,
jungle-pocket,1,sire,Tony Bin,sire,
jungle-pocket,2,sire.sire,Kampala,sire,
jungle-pocket,3,sire.sire.sire,Kalamoun,sire,
jungle-pocket,3,sire.sire.dam,State Pension,dam,
jungle-pocket,2,sire.dam,Severn Bridge,dam,
jungle-pocket,3,sire.dam.sire,Hornbeam,sire,
jungle-pocket,3,sire.dam.dam,Priddy Fair,dam,
jungle-pocket,1,dam,Dance Charmer,dam,
jungle-pocket,2,dam.sire,Nureyev,sire,
jungle-pocket,3,dam.sire.sire,Northern Dancer,sire,
jungle-pocket,3,dam.sire.dam,Special,dam,
jungle-pocket,2,dam.dam,Skillful Joy,dam,
jungle-pocket,3,dam.dam.sire,Nodouble,sire,
jungle-pocket,3,dam.dam.dam,Skillful Miss,dam,
believe,1,sire,Sunday Silence,sire,
believe,2,sire.sire,Halo,sire,
believe,3,sire.sire.sire,Hail to Reason,sire,
believe,3,sire.sire.dam,Cosmah,dam,
believe,2,sire.dam,Wishing Well,dam,
believe,3,sire.dam.sire,Understanding,sire,
believe,3,sire.dam.dam,Mountain Flower,dam,
believe,1,dam,Great Christine,dam,
believe,2,dam.sire,Danzig,sire,
believe,3,dam.sire.sire,Northern Dancer,sire,
believe,3,dam.sire.dam,Pas de Nom,dam,
believe,2,dam.dam,Great Lady M.,dam,
believe,3,dam.dam.sire,Icecapade,sire,
believe,3,dam.dam.dam,Sovereign Lady,dam,
no-reason,1,sire,Brian's Time,sire,
no-reason,2,sire.sire,Roberto,sire,
no-reason,3,sire.sire.sire,Hail to Reason,sire,
no-reason,3,sire.sire.dam,Bramalea,dam,
no-reason,2,sire.dam,Kelley's Day,dam,
no-reason,3,sire.dam.sire,Graustark,sire,
no-reason,3,sire.dam.dam,Golden Trail,dam,
no-reason,1,dam,Ambrosine,dam,
no-reason,2,dam.sire,Mr. Prospector,sire,
no-reason,3,dam.sire.sire,Raise a Native,sire,
no-reason,3,dam.sire.dam,Gold Digger,dam,
no-reason,2,dam.dam,Barada,dam,
no-reason,3,dam.dam.sire,Damascus,sire,
no-reason,3,dam.dam.dam,Courtly Dee,dam,
still-in-love,1,sire,Sunday Silence,sire,
still-in-love,2,sire.sire,Halo,sire,
still-in-love,3,sire.sire.sire,Hail to Reason,sire,
still-in-love,3,sire.sire.dam,Cosmah,dam,
still-in-love,2,sire.dam,Wishing Well,dam,
still-in-love,3,sire.dam.sire,Understanding,sire,
still-in-love,3,sire.dam.dam,Mountain Flower,dam,
still-in-love,1,dam,Bradamante,dam,
still-in-love,2,dam.sire,Roberto,sire,
still-in-love,3,dam.sire.sire,Hail to Reason,sire,
still-in-love,3,dam.sire.dam,Bramalea,dam,
still-in-love,2,dam.dam,Sulemeif,dam,
still-in-love,3,dam.dam.sire,Northern Dancer,sire,
still-in-love,3,dam.dam.dam,Barely Even,dam,
copano-rickey,1,sire,Gold Allure,sire,
copano-rickey,2,sire.sire,Sunday Silence,sire,
copano-rickey,3,sire.sire.sire,Halo,sire,
copano-rickey,3,sire.sire.dam,Wishing Well,dam,
copano-rickey,2,sire.dam,Nikiya,dam,
copano-rickey,3,sire.dam.sire,Nureyev,sire,
copano-rickey,3,sire.dam.dam,Reluctant Guest,dam,
copano-rickey,1,dam,Copano Nikita,dam,
copano-rickey,2,dam.sire,Timber Country,sire,
copano-rickey,3,dam.sire.sire,Woodman,sire,
copano-rickey,3,dam.sire.dam,Fall Aspen,dam,
copano-rickey,2,dam.dam,Nihon Pillow Rose,dam,
copano-rickey,3,dam.dam.sire,Tony Bin,sire,
copano-rickey,3,dam.dam.dam,Wedding Bouquet,dam,
hokko-tarumae,1,sire,King Kamehameha,sire,
hokko-tarumae,2,sire.sire,Kingmambo,sire,
hokko-tarumae,3,sire.sire.sire,Mr. Prospector,sire,
hokko-tarumae,3,sire.sire.dam,Miesque,dam,
hokko-tarumae,2,sire.dam,Manfath,dam,
hokko-tarumae,3,sire.dam.sire,Last Tycoon,sire,
hokko-tarumae,3,sire.dam.dam,Pilot Bird,dam,
hokko-tarumae,1,dam,Madam Cherokee,dam,
hokko-tarumae,2,dam.sire,Cherokee Run,sire,
hokko-tarumae,3,dam.sire.sire,Runaway Groom,sire,
hokko-tarumae,3,dam.sire.dam,Cherokee Dame,dam,
hokko-tarumae,2,dam.dam,Unfoiled,dam,
hokko-tarumae,3,dam.dam.sire,Unbridled,sire,
hokko-tarumae,3,dam.dam.dam,Bold Foil,dam,
wonder-acute,1,sire,Charismatic,sire,
wonder-acute,2,sire.sire,Summer Squall,sire,
wonder-acute,3,sire.sire.sire,Storm Bird,sire,
wonder-acute,3,sire.sire.dam,Weekend Surprise,dam,
wonder-acute,2,sire.dam,Bali Babe,dam,
wonder-acute,3,sire.dam.sire,Drone,sire,
wonder-acute,3,sire.dam.dam,Polynesian Charm,dam,
wonder-acute,1,dam,Wonder Heritage,dam,
wonder-acute,2,dam.sire,Pleasant Tap,sire,
wonder-acute,3,dam.sire.sire,Pleasant Colony,sire,
wonder-acute,3,dam.sire.dam,Never Knock,dam,
wonder-acute,2,dam.dam,Casa Petrone,dam,
wonder-acute,3,dam.dam.sire,Petrone,sire,
wonder-acute,3,dam.dam.dam,Grand Tania,dam,
samson-big,1,sire,Sakura Shori,sire,
samson-big,2,sire.sire,Partholon,sire,
samson-big,3,sire.sire.sire,Milesian,sire,
samson-big,3,sire.sire.dam,Paleo,dam,
samson-big,2,sire.dam,Shirinella,dam,
samson-big,3,sire.dam.sire,Fortino,sire,
samson-big,3,sire.dam.dam,Shirini,dam,
samson-big,1,dam,Shunichi Okan,dam,
samson-big,2,dam.sire,Floribunda,sire,
samson-big,3,dam.sire.sire,Princely Gift,sire,
samson-big,3,dam.sire.dam,Astrentia,dam,
samson-big,2,dam.dam,Fujikawa,dam,
samson-big,3,dam.dam.sire,China Rock,sire,
samson-big,3,dam.dam.dam,Tsukikage,dam,
sounds-of-earth,1,sire,Neo Universe,sire,neo-universe
sounds-of-earth,2,sire.sire,Sunday Silence,sire,
sounds-of-earth,3,sire.sire.sire,Halo,sire,
sounds-of-earth,3,sire.sire.dam,Wishing Well,dam,
sounds-of-earth,2,sire.dam,Pointed Path,dam,
sounds-of-earth,3,sire.dam.sire,Kris,sire,
sounds-of-earth,3,sire.dam.dam,Silken Way,dam,
sounds-of-earth,1,dam,First Violin,dam,
sounds-of-earth,2,dam.sire,Dixieland Band,sire,
sounds-of-earth,3,dam.sire.sire,Northern Dancer,sire,
sounds-of-earth,3,dam.sire.dam,Mississippi Mud,dam,
sounds-of-earth,2,dam.dam,Sunrise Symphony,dam,
sounds-of-earth,3,dam.dam.sire,Secretariat,sire,
sounds-of-earth,3,dam.dam.dam,Wimbledon Star,dam,
royce-and-royce,1,sire,Tony Bin,sire,
royce-and-royce,2,sire.sire,Kampala,sire,
royce-and-royce,3,sire.sire.sire,Kalamoun,sire,
royce-and-royce,3,sire.sire.dam,State Pension,dam,
royce-and-royce,2,sire.dam,Severn Bridge,dam,
royce-and-royce,3,sire.dam.sire,Hornbeam,sire,
royce-and-royce,3,sire.dam.dam,Priddy Fair,dam,
royce-and-royce,1,dam,That's My Pal,dam,
royce-and-royce,2,dam.sire,Key to the Mint,sire,
royce-and-royce,3,dam.sire.sire,Graustark,sire,
royce-and-royce,3,dam.sire.dam,Key Bridge,dam,
royce-and-royce,2,dam.dam,Beautiful Memory,dam,
royce-and-royce,3,dam.dam.sire,Boldnesian,sire,
royce-and-royce,3,dam.dam.dam,My Dear Girl,dam,
katsuragi-ace,1,sire,Boysie Boy,sire,
katsuragi-ace,2,sire.sire,King's Troop,sire,
katsuragi-ace,3,sire.sire.sire,Princely Gift,sire,
katsuragi-ace,3,sire.sire.dam,Equiria,dam,
katsuragi-ace,2,sire.dam,Rising Hope,dam,
katsuragi-ace,3,sire.dam.sire,The Phoenix,sire,
katsuragi-ace,3,sire.dam.dam,Admirable,dam,
katsuragi-ace,1,dam,Tanino Venture,dam,
katsuragi-ace,2,dam.sire,Venture,sire,
katsuragi-ace,3,dam.sire.sire,Relic,sire,
katsuragi-ace,3,dam.sire.dam,Rose O'Lynn,dam,
katsuragi-ace,2,dam.dam,Abbey Bridge,dam,
katsuragi-ace,3,dam.dam.sire,Entente Cordiale,sire,
katsuragi-ace,3,dam.dam.dam,British Railways,dam,
neo-universe,1,sire,Sunday Silence,sire,
neo-universe,2,sire.sire,Halo,sire,
neo-universe,3,sire.sire.sire,Hail to Reason,sire,
neo-universe,3,sire.sire.dam,Cosmah,dam,
neo-universe,2,sire.dam,Wishing Well,dam,
neo-universe,3,sire.dam.sire,Understanding,sire,
neo-universe,3,sire.dam.dam,Mountain Flower,dam,
neo-universe,1,dam,Pointed Path,dam,
neo-universe,2,dam.sire,Kris,sire,
neo-universe,3,dam.sire.sire,Sharpen Up,sire,
neo-universe,3,dam.sire.dam,Doubly Sure,dam,
neo-universe,2,dam.dam,Silken Way,dam,
neo-universe,3,dam.dam.sire,Shantung,sire,
neo-universe,3,dam.dam.dam,Boulevard,dam,
hishi-miracle,1,sire,Soccer Boy,sire,
hishi-miracle,2,sire.sire,Dictus,sire,
hishi-miracle,3,sire.sire.sire,Sanctus,sire,
hishi-miracle,3,sire.sire.dam,Doronic,dam,
hishi-miracle,2,sire.dam,Dyna Sash,dam,
hishi-miracle,3,sire.dam.sire,Northern Taste,sire,yayoi-akikawa
hishi-miracle,3,sire.dam.dam,Royal Sash,dam,
hishi-miracle,1,dam,Shunsaku Yoshiko,dam,
hishi-miracle,2,dam.sire,Shady Heights,sire,
hishi-miracle,3,dam.sire.sire,Shirley Heights,sire,
hishi-miracle,3,dam.sire.dam,Vaguely,dam,
hishi-miracle,2,dam.dam,Shunsaku Lady,dam,
hishi-miracle,3,dam.dam.sire,Lanark,sire,
hishi-miracle,3,dam.dam.dam,Moon Phoenix,dam,
tap-dance-city,1,sire,Pleasant Tap,sire,
tap-dance-city,2,sire.sire,Pleasant Colony,sire,
tap-dance-city,3,sire.sire.sire,His Majesty,sire,
tap-dance-city,3,sire.sire.dam,Sun Colony,dam,
tap-dance-city,2,sire.dam,Never Knock,dam,
tap-dance-city,3,sire.dam.sire,Stage Door Johnny,sire,
tap-dance-city,3,sire.dam.dam,Never Hula,dam,
tap-dance-city,1,dam,All Dance,dam,
tap-dance-city,2,dam.sire,Northern Dancer,sire,
tap-dance-city,3,dam.sire.sire,Nearctic,sire,
tap-dance-city,3,dam.sire.dam,Natalma,dam,
tap-dance-city,2,dam.dam,All Rainbows,dam,
tap-dance-city,3,dam.dam.sire,Bold Hour,sire,
tap-dance-city,3,dam.dam.dam,Miss Carmie,dam,
duramente,1,sire,King Kamehameha,sire,
duramente,2,sire.sire,Kingmambo,sire,
duramente,3,sire.sire.sire,Mr. Prospector,sire,
duramente,3,sire.sire.dam,Miesque,dam,
duramente,2,sire.dam,Manfath,dam,
duramente,3,sire.dam.sire,Last Tycoon,sire,
duramente,3,sire.dam.dam,Pilot Bird,dam,
duramente,1,dam,Admire Groove,dam,admire-groove
duramente,2,dam.sire,Sunday Silence,sire,
duramente,3,dam.sire.sire,Halo,sire,
duramente,3,dam.sire.dam,Wishing Well,dam,
duramente,2,dam.dam,Air Groove,dam,air-groove
duramente,3,dam.dam.sire,Tony Bin,sire,
duramente,3,dam.dam.dam,Dyna Carle,dam,
rhein-kraft,1,sire,End Sweep,sire,
rhein-kraft,2,sire.sire,Forty Niner,sire,
rhein-kraft,3,sire.sire.sire,Mr. Prospector,sire,
rhein-kraft,3,sire.sire.dam,File,dam,
rhein-kraft,2,sire.dam,Broom Dance,dam,
rhein-kraft,3,sire.dam.sire,Dance Spell,sire,
rhein-kraft,3,sire.dam.dam,Witching Hour,dam,
rhein-kraft,1,dam,Must Be Loved,dam,
rhein-kraft,2,dam.sire,Sunday Silence,sire,
rhein-kraft,3,dam.sire.sire,Halo,sire,
rhein-kraft,3,dam.sire.dam,Wishing Well,dam,
rhein-kraft,2,dam.dam,Dyna Shoot,dam,
rhein-kraft,3,dam.dam.sire,Northern Taste,sire,yayoi-akikawa
rhein-kraft,3,dam.dam.dam,Shadai Mine,dam,
cesario,1,sire,Special Week,sire,special-week
cesario,2,sire.sire,Sunday Silence,sire,
cesario,3,sire.sire.sire,Halo,sire,
cesario,3,sire.sire.dam,Wishing Well,dam,
cesario,2,sire.dam,Campaign Girl,dam,
cesario,3,sire.dam.sire,Maruzensky,sire,maruzensky
cesario,3,sire.dam.dam,Lady Shiraoki,dam,
cesario,1,dam,Kirov Premiere,dam,
cesario,2,dam.sire,Sadler's Wells,sire,
cesario,3,dam.sire.sire,Northern Dancer,sire,
cesario,3,dam.sire.dam,Fairy Bridge,dam,
cesario,2,dam.dam,Querida,dam,
cesario,3,dam.dam.sire,Habitat,sire,
cesario,3,dam.dam.dam,Principia,dam,
air-messiah,1,sire,Sunday Silence,sire,
air-messiah,2,sire.sire,Halo,sire,
air-messiah,3,sire.sire.sire,Hail to Reason,sire,
air-messiah,3,sire.sire.dam,Cosmah,dam,
air-messiah,2,sire.dam,Wishing Well,dam,
air-messiah,3,sire.dam.sire,Understanding,sire,
air-messiah,3,sire.dam.dam,Mountain Flower,dam,
air-messiah,1,dam,Air Deja Vu,dam,
air-messiah,2,dam.sire,Northern Taste,sire,yayoi-akikawa
air-messiah,3,dam.sire.sire,Northern Dancer,sire,
air-messiah,3,dam.sire.dam,Lady Victoria,dam,
air-messiah,2,dam.dam,I Dreamed a Dream,dam,
air-messiah,3,dam.dam.sire,Well Decorated,sire,
air-messiah,3,dam.dam.dam,Hidden Trail,dam,
daring-heart,1,sire,Sunday Silence,sire,
daring-heart,2,sire.sire,Halo,sire,
daring-heart,3,sire.sire.sire,Hail to Reason,sire,
daring-heart,3,sire.sire.dam,Cosmah,dam,
daring-heart,2,sire.dam,Wishing Well,dam,
daring-heart,3,sire.dam.sire,Understanding,sire,
daring-heart,3,sire.dam.dam,Mountain Flower,dam,
daring-heart,1,dam,Daring Danzig,dam,
daring-heart,2,dam.sire,Danzig,sire,
daring-heart,3,dam.sire.sire,Northern Dancer,sire,
daring-heart,3,dam.sire.dam,Pas de Nom,dam,
daring-heart,2,dam.dam,Impetuous Gal,dam,
daring-heart,3,dam.dam.sire,Briartic,sire,
daring-heart,3,dam.dam.dam,Impetuous Lady,dam,
fusaichi-pandora,1,sire,Sunday Silence,sire,
fusaichi-pandora,2,sire.sire,Halo,sire,
fusaichi-pandora,3,sire.sire.sire,Hail to Reason,sire,
fusaichi-pandora,3,sire.sire.dam,Cosmah,dam,
fusaichi-pandora,2,sire.dam,Wishing Well,dam,
fusaichi-pandora,3,sire.dam.sire,Understanding,sire,
fusaichi-pandora,3,sire.dam.dam,Mountain Flower,dam,
fusaichi-pandora,1,dam,Lotta Lace,dam,
fusaichi-pandora,2,dam.sire,Nureyev,sire,
fusaichi-pandora,3,dam.sire.sire,Northern Dancer,sire,
fusaichi-pandora,3,dam.sire.dam,Special,dam,
fusaichi-pandora,2,dam.dam,Sex Appeal,dam,
fusaichi-pandora,3,dam.dam.sire,Buckpasser,sire,
fusaichi-pandora,3,dam.dam.dam,Best in Show,dam,
buena-vista,1,sire,Special Week,sire,special-week
buena-vista,2,sire.sire,Sunday Silence,sire,
buena-vista,3,sire.sire.sire,Halo,sire,
buena-vista,3,sire.sire.dam,Wishing Well,dam,
buena-vista,2,sire.dam,Campaign Girl,dam,
buena-vista,3,sire.dam.sire,Maruzensky,sire,maruzensky
buena-vista,3,sire.dam.dam,Lady Shiraoki,dam,
buena-vista,1,dam,Biwa Heidi,dam,
buena-vista,2,dam.sire,Caerleon,sire,
buena-vista,3,dam.sire.sire,Nijinsky,sire,
buena-vista,3,dam.sire.dam,Foreseer,dam,
buena-vista,2,dam.dam,Aghsan,dam,
buena-vista,3,dam.dam.sire,Lord Gayle,sire,
buena-vista,3,dam.dam.dam,Santa Luciana,dam,
orfevre,1,sire,Stay Gold,sire,stay-gold
orfevre,2,sire.sire,Sunday Silence,sire,
orfevre,3,sire.sire.sire,Halo,sire,
orfevre,3,sire.sire.dam,Wishing Well,dam,
orfevre,2,sire.dam,Golden Sash,dam,
orfevre,3,sire.dam.sire,Dictus,sire,
orfevre,3,sire.dam.dam,Dyna Sash,dam,
orfevre,1,dam,Oriental Art,dam,
orfevre,2,dam.sire,Mejiro McQueen,sire,mejiro-mcqueen
orfevre,3,dam.sire.sire,Mejiro Titan,sire,
orfevre,3,dam.sire.dam,Mejiro Aurola,dam,
orfevre,2,dam.dam,Electro Art,dam,
orfevre,3,dam.dam.sire,Northern Taste,sire,yayoi-akikawa
orfevre,3,dam.dam.dam,Grandma Stevens,dam,
gentildonna,1,sire,Deep Impact,sire,
gentildonna,2,sire.sire,Sunday Silence,sire,
gentildonna,3,sire.sire.sire,Halo,sire,
gentildonna,3,sire.sire.dam,Wishing Well,dam,
gentildonna,2,sire.dam,Wind in Her Hair,dam,
gentildonna,3,sire.dam.sire,Alzao,sire,
gentildonna,3,sire.dam.dam,Burghclere,dam,
gentildonna,1,dam,Donna Blini,dam,
gentildonna,2,dam.sire,Bertolini,sire,
gentildonna,3,dam.sire.sire,Danzig,sire,
gentildonna,3,dam.sire.dam,Aquilegia,dam,
gentildonna,2,dam.dam,Cal Norma's Lady,dam,
gentildonna,3,dam.dam.sire,Lyphard's Special,sire,
gentildonna,3,dam.dam.dam,June Darling,dam,
win-variation,1,sire,Heart's Cry,sire,
win-variation,2,sire.sire,Sunday Silence,sire,
win-variation,3,sire.sire.sire,Halo,sire,
win-variation,3,sire.sire.dam,Wishing Well,dam,
win-variation,2,sire.dam,Irish Dance,dam,
win-variation,3,sire.dam.sire,Tony Bin,sire,
win-variation,3,sire.dam.dam,Buper Dance,dam,
win-variation,1,dam,Super Ballerina,dam,
win-variation,2,dam.sire,Storm Bird,sire,
win-variation,3,dam.sire.sire,Northern Dancer,sire,
win-variation,3,dam.sire.dam,South Ocean,dam,
win-variation,2,dam.dam,Count On a Change,dam,
win-variation,3,dam.dam.sire,Time for a Change,sire,
win-variation,3,dam.dam.dam,Count On Kathy,dam,
admire-groove,1,sire,Sunday Silence,sire,
admire-groove,2,sire.sire,Halo,sire,
admire-groove,3,sire.sire.sire,Hail to Reason,sire,
admire-groove,3,sire.sire.dam,Cosmah,dam,
admire-groove,2,sire.dam,Wishing Well,dam,
admire-groove,3,sire.dam.sire,Understanding,sire,
admire-groove,3,sire.dam.dam,Mountain Flower,dam,
admire-groove,1,dam,Air Groove,dam,air-groove
admire-groove,2,dam.sire,Tony Bin,sire,
admire-groove,3,dam.sire.sire,Kampala,sire,
admire-groove,3,dam.sire.dam,Severn Bridge,dam,
admire-groove,2,dam.dam,Dyna Carle,dam,
admire-groove,3,dam.dam.sire,Northern Taste,sire,yayoi-akikawa
admire-groove,3,dam.dam.dam,Shadai Feather,dam,
dream-journey,1,sire,Stay Gold,sire,stay-gold
dream-journey,2,sire.sire,Sunday Silence,sire,
dream-journey,3,sire.sire.sire,Halo,sire,
dream-journey,3,sire.sire.dam,Wishing Well,dam,
dream-journey,2,sire.dam,Golden Sash,dam,
dream-journey,3,sire.dam.sire,Dictus,sire,
dream-journey,3,sire.dam.dam,Dyna Sash,dam,
dream-journey,1,dam,Oriental Art,dam,
dream-journey,2,dam.sire,Mejiro McQueen,sire,mejiro-mcqueen
dream-journey,3,dam.sire.sire,Mejiro Titan,sire,
dream-journey,3,dam.sire.dam,Mejiro Aurola,dam,
dream-journey,2,dam.dam,Electro Art,dam,
dream-journey,3,dam.dam.sire,Northern Taste,sire,yayoi-akikawa
dream-journey,3,dam.dam.dam,Grandma Stevens,dam,
calstone-light-o,1,sire,Warning,sire,
calstone-light-o,2,sire.sire,Known Fact,sire,
calstone-light-o,3,sire.sire.sire,In Reality,sire,
calstone-light-o,3,sire.sire.dam,Tamerett,dam,
calstone-light-o,2,sire.dam,Slightly Dangerous,dam,
calstone-light-o,3,sire.dam.sire,Roberto,sire,
calstone-light-o,3,sire.dam.dam,Where You Lead,dam,
calstone-light-o,1,dam,Oshima Lucia,dam,
calstone-light-o,2,dam.sire,Crystal Glitters,sire,
calstone-light-o,3,dam.sire.sire,Blushing Groom,sire,
calstone-light-o,3,dam.sire.dam,Tales to Tell,dam,
calstone-light-o,2,dam.dam,Oshima Suzuran,dam,
calstone-light-o,3,dam.dam.sire,Kauai King,sire,
calstone-light-o,3,dam.dam.dam,Never Jo O,dam,
durandal,1,sire,Sunday Silence,sire,
durandal,2,sire.sire,Halo,sire,
durandal,3,sire.sire.sire,Hail to Reason,sire,
durandal,3,sire.sire.dam,Cosmah,dam,
durandal,2,sire.dam,Wishing Well,dam,
durandal,3,sire.dam.sire,Understanding,sire,
durandal,3,sire.dam.dam,Mountain Flower,dam,
durandal,1,dam,Sawayaka Princess,dam,
durandal,2,dam.sire,Northern Taste,sire,yayoi-akikawa
durandal,3,dam.sire.sire,Northern Dancer,sire,
durandal,3,dam.sire.dam,Lady Victoria,dam,
durandal,2,dam.dam,Scotch Princess,dam,
durandal,3,dam.dam.sire,Creme dela Creme,sire,
durandal,3,dam.dam.dam,Meadow Saffron,dam,
bubble-gum-fellow,1,sire,Sunday Silence,sire,
bubble-gum-fellow,2,sire.sire,Halo,sire,
bubble-gum-fellow,3,sire.sire.sire,Hail to Reason,sire,
bubble-gum-fellow,3,sire.sire.dam,Cosmah,dam,
bubble-gum-fellow,2,sire.dam,Wishing Well,dam,
bubble-gum-fellow,3,sire.dam.sire,Understanding,sire,
bubble-gum-fellow,3,sire.dam.dam,Mountain Flower,dam,
bubble-gum-fellow,1,dam,Bubble Company,dam,
bubble-gum-fellow,2,dam.sire,Lyphard,sire,
bubble-gum-fellow,3,dam.sire.sire,Northern Dancer,sire,
bubble-gum-fellow,3,dam.sire.dam,Goofed,dam,
bubble-gum-fellow,2,dam.dam,Prodice,dam,
bubble-gum-fellow,3,dam.dam.sire,Prominer,sire,
bubble-gum-fellow,3,dam.dam.dam,Euridice,dam,
sakura-chitose-o,1,sire,Tony Bin,sire,
sakura-chitose-o,2,sire.sire,Kampala,sire,
sakura-chitose-o,3,sire.sire.sire,Kalamoun,sire,
sakura-chitose-o,3,sire.sire.dam,State Pension,dam,
sakura-chitose-o,2,sire.dam,Severn Bridge,dam,
sakura-chitose-o,3,sire.dam.sire,Hornbeam,sire,
sakura-chitose-o,3,sire.dam.dam,Priddy Fair,dam,
sakura-chitose-o,1,dam,Sakura Clare,dam,
sakura-chitose-o,2,dam.sire,Northern Taste,sire,yayoi-akikawa
sakura-chitose-o,3,dam.sire.sire,Northern Dancer,sire,
sakura-chitose-o,3,dam.sire.dam,Lady Victoria,dam,
sakura-chitose-o,2,dam.dam,Clare Bridge,dam,
sakura-chitose-o,3,dam.dam.sire,Quadrangle,sire,
sakura-chitose-o,3,dam.dam.dam,Abeyance Lass,dam,
fenomeno,1,sire,Stay Gold,sire,stay-gold
fenomeno,2,sire.sire,Sunday Silence,sire,
fenomeno,3,sire.sire.sire,Halo,sire,
fenomeno,3,sire.sire.dam,Wishing Well,dam,
fenomeno,2,sire.dam,Golden Sash,dam,
fenomeno,3,sire.dam.sire,Dictus,sire,
fenomeno,3,sire.dam.dam,Dyna Sash,dam,
fenomeno,1,dam,De Laroche,dam,
fenomeno,2,dam.sire,Danehill,sire,
fenomeno,3,dam.sire.sire,Danzig,sire,
fenomeno,3,dam.sire.dam,Razyana,dam,
fenomeno,2,dam.dam,Sea Port,dam,
fenomeno,3,dam.dam.sire,Averof,sire,
fenomeno,3,dam.dam.dam,Anchor,dam,
blast-onepiece,1,sire,Harbinger,sire,
blast-onepiece,2,sire.sire,Dansili,sire,
blast-onepiece,3,sire.sire.sire,Danehill,sire,
blast-onepiece,3,sire.sire.dam,Hasili,dam,
blast-onepiece,2,sire.dam,Penang Pearl,dam,
blast-onepiece,3,sire.dam.sire,Bering,sire,
blast-onepiece,3,sire.dam.dam,Guapa,dam,
blast-onepiece,1,dam,Tsurumaru Onepiece,dam,
blast-onepiece,2,dam.sire,King Kamehameha,sire,
blast-onepiece,3,dam.sire.sire,Kingmambo,sire,
blast-onepiece,3,dam.sire.dam,Manfath,dam,
blast-onepiece,2,dam.dam,Tsurumaru Glamor,dam,
blast-onepiece,3,dam.dam.sire,Fuji Kiseki,sire,fuji-kiseki
blast-onepiece,3,dam.dam.dam,Elatis,dam,
almond-eye,1,sire,Lord Kanaloa,sire,
almond-eye,2,sire.sire,King Kamehameha,sire,
almond-eye,3,sire.sire.sire,Kingmambo,sire,
almond-eye,3,sire.sire.dam,Manfath,dam,
almond-eye,2,sire.dam,Lady Blossom,dam,
almond-eye,3,sire.dam.sire,Storm Cat,sire,
almond-eye,3,sire.dam.dam,Saratoga Dew,dam,
almond-eye,1,dam,Fusaichi Pandora,dam,fusaichi-pandora
almond-eye,2,dam.sire,Sunday Silence,sire,
almond-eye,3,dam.sire.sire,Halo,sire,
almond-eye,3,dam.sire.dam,Wishing Well,dam,
almond-eye,2,dam.dam,Lotta Lace,dam,
almond-eye,3,dam.dam.sire,Nureyev,sire,
almond-eye,3,dam.dam.dam,Sex Appeal,dam,
lucky-lilac,1,sire,Orfevre,sire,orfevre
lucky-lilac,2,sire.sire,Stay Gold,sire,stay-gold
lucky-lilac,3,sire.sire.sire,Sunday Silence,sire,
lucky-lilac,3,sire.sire.dam,Golden Sash,dam,
lucky-lilac,2,sire.dam,Oriental Art,dam,
lucky-lilac,3,sire.dam.sire,Mejiro McQueen,sire,mejiro-mcqueen
lucky-lilac,3,sire.dam.dam,Electro Art,dam,
lucky-lilac,1,dam,Lilacs and Lace,dam,
lucky-lilac,2,dam.sire,Flower Alley,sire,
lucky-lilac,3,dam.sire.sire,Distorted Humor,sire,
lucky-lilac,3,dam.sire.dam,Princess Olivia,dam,
lucky-lilac,2,dam.dam,Refinement,dam,
lucky-lilac,3,dam.dam.sire,Seattle Slew,sire,
lucky-lilac,3,dam.dam.dam,Stella Madrid,dam,
gran-alegria,1,sire,Deep Impact,sire,
gran-alegria,2,sire.sire,Sunday Silence,sire,
gran-alegria,3,sire.sire.sire,Halo,sire,
gran-alegria,3,sire.sire.dam,Wishing Well,dam,
gran-alegria,2,sire.dam,Wind in Her Hair,dam,
gran-alegria,3,sire.dam.sire,Alzao,sire,
gran-alegria,3,sire.dam.dam,Burghclere,dam,
gran-alegria,1,dam,Tapitsfly,dam,
gran-alegria,2,dam.sire,Tapit,sire,
gran-alegria,3,dam.sire.sire,Pulpit,sire,
gran-alegria,3,dam.sire.dam,Tap Your Heels,dam,
gran-alegria,2,dam.dam,Flying Marlin,dam,
gran-alegria,3,dam.dam.sire,Marlin,sire,
gran-alegria,3,dam.dam.dam,Morning Dove,dam,
loves-only-you,1,sire,Deep Impact,sire,
loves-only-you,2,sire.sire,Sunday Silence,sire,
loves-only-you,3,sire.sire.sire,Halo,sire,
loves-only-you,3,sire.sire.dam,Wishing Well,dam,
loves-only-you,2,sire.dam,Wind in Her Hair,dam,
loves-only-you,3,sire.dam.sire,Alzao,sire,
loves-only-you,3,sire.dam.dam,Burghclere,dam,
loves-only-you,1,dam,Loves Only Me,dam,
loves-only-you,2,dam.sire,Storm Cat,sire,
loves-only-you,3,dam.sire.sire,Storm Bird,sire,
loves-only-you,3,dam.sire.dam,Terlingua,dam,
loves-only-you,2,dam.dam,Monevassia,dam,
loves-only-you,3,dam.dam.sire,Mr. Prospector,sire,
loves-only-you,3,dam.dam.dam,Miesque,dam,
chrono-genesis,1,sire,Bago,sire,
chrono-genesis,2,sire.sire,Nashwan,sire,
chrono-genesis,3,sire.sire.sire,Blushing Groom,sire,
chrono-genesis,3,sire.sire.dam,Height of Fashion,dam,
chrono-genesis,2,sire.dam,Moonlight's Box,dam,
chrono-genesis,3,sire.dam.sire,Nureyev,sire,
chrono-genesis,3,sire.dam.dam,Coup de Genie,dam,
chrono-genesis,1,dam,Chronologist,dam,
chrono-genesis,2,dam.sire,Kurofune,sire,
chrono-genesis,3,dam.sire.sire,French Deputy,sire,
chrono-genesis,3,dam.sire.dam,Blue Avenue,dam,
chrono-genesis,2,dam.dam,In This Unison,dam,
chrono-genesis,3,dam.dam.sire,Sunday Silence,sire,
chrono-genesis,3,dam.dam.dam,Rustic Belle,dam,
curren-bouquetdor,1,sire,Deep Impact,sire,
curren-bouquetdor,2,sire.sire,Sunday Silence,sire,
curren-bouquetdor,3,sire.sire.sire,Halo,sire,
curren-bouquetdor,3,sire.sire.dam,Wishing Well,dam,
curren-bouquetdor,2,sire.dam,Wind in Her Hair,dam,
curren-bouquetdor,3,sire.dam.sire,Alzao,sire,
curren-bouquetdor,3,sire.dam.dam,Burghclere,dam,
curren-bouquetdor,1,dam,Solaria,dam,
curren-bouquetdor,2,dam.sire,Scat Daddy,sire,
curren-bouquetdor,3,dam.sire.sire,Johannesburg,sire,
curren-bouquetdor,3,dam.sire.dam,Love Style,dam,
curren-bouquetdor,2,dam.dam,So Linda,dam,
curren-bouquetdor,3,dam.dam.sire,Seeker's Reward,sire,
curren-bouquetdor,3,dam.dam.dam,So Posh,dam,
stay-gold,1,sire,Sunday Silence,sire,
stay-gold,2,sire.sire,Halo,sire,
stay-gold,3,sire.sire.sire,Hail to Reason,sire,
stay-gold,3,sire.sire.dam,Cosmah,dam,
stay-gold,2,sire.dam,Wishing Well,dam,
stay-gold,3,sire.dam.sire,Understanding,sire,
stay-gold,3,sire.dam.dam,Mountain Flower,dam,
stay-gold,1,dam,Golden Sash,dam,
stay-gold,2,dam.sire,Dictus,sire,
stay-gold,3,dam.sire.sire,Sanctus,sire,
stay-gold,3,dam.sire.dam,Doronic,dam,
stay-gold,2,dam.dam,Dyna Sash,dam,
stay-gold,3,dam.dam.sire,Northern Taste,sire,yayoi-akikawa
stay-gold,3,dam.dam.dam,Royal Sash,dam,
red-desire,1,sire,Manhattan Cafe,sire,manhattan-cafe
red-desire,2,sire.sire,Sunday Silence,sire,
red-desire,3,sire.sire.sire,Halo,sire,
red-desire,3,sire.sire.dam,Wishing Well,dam,
red-desire,2,sire.dam,Subtle Change,dam,
red-desire,3,sire.dam.sire,Law Society,sire,
red-desire,3,sire.dam.dam,Santa Luciana,dam,
red-desire,1,dam,Great Sunrise,dam,
red-desire,2,dam.sire,Caerleon,sire,
red-desire,3,dam.sire.sire,Nijinsky,sire,
red-desire,3,dam.sire.dam,Foreseer,dam,
red-desire,2,dam.dam,Grace And Glory,dam,
red-desire,3,dam.dam.sire,Sadler's Wells,sire,
red-desire,3,dam.dam.dam,Grace Note,dam,
kiseki,1,sire,Rulership,sire,rulership
kiseki,2,sire.sire,King Kamehameha,sire,
kiseki,3,sire.sire.sire,Kingmambo,sire,
kiseki,3,sire.sire.dam,Manfath,dam,
kiseki,2,sire.dam,Air Groove,dam,air-groove
kiseki,3,sire.dam.sire,Tony Bin,sire,
kiseki,3,sire.dam.dam,Dyna Carle,dam,
kiseki,1,dam,Blitz Finale,dam,
kiseki,2,dam.sire,Deep Impact,sire,
kiseki,3,dam.sire.sire,Sunday Silence,sire,
kiseki,3,dam.sire.dam,Wind in Her Hair,dam,
kiseki,2,dam.dam,London Bridge,dam,
kiseki,3,dam.dam.sire,Dr Devious,sire,
kiseki,3,dam.dam.dam,All for London,dam,
forever-young,1,sire,Real Steel,sire,
forever-young,2,sire.sire,Deep Impact,sire,
forever-young,3,sire.sire.sire,Sunday Silence,sire,
forever-young,3,sire.sire.dam,Wind in Her Hair,dam,
forever-young,2,sire.dam,Loves Only Me,dam,
forever-young,3,sire.dam.sire,Storm Cat,sire,
forever-young,3,sire.dam.dam,Monevassia,dam,
forever-young,1,dam,Forever Darling,dam,
forever-young,2,dam.sire,Congrats,sire,
forever-young,3,dam.sire.sire,A.P. Indy,sire,
forever-young,3,dam.sire.dam,Praise,dam,
forever-young,2,dam.dam,Darling My Darling,dam,
forever-young,3,dam.dam.sire,Deputy Minister,sire,
forever-young,3,dam.dam.dam,Roamin Rachel,dam,
casino-drive,1,sire,Mineshaft,sire,
casino-drive,2,sire.sire,A.P. Indy,sire,
casino-drive,3,sire.sire.sire,Seattle Slew,sire,
casino-drive,3,sire.sire.dam,Weekend Surprise,dam,
casino-drive,2,sire.dam,Prospectors Delite,dam,
casino-drive,3,sire.dam.sire,Mr. Prospector,sire,
casino-drive,3,sire.dam.dam,Up the Flagpole,dam,
casino-drive,1,dam,Better Than Honour,dam,
casino-drive,2,dam.sire,Deputy Minister,sire,
casino-drive,3,dam.sire.sire,Vice Regent,sire,
casino-drive,3,dam.sire.dam,Mint Copy,dam,
casino-drive,2,dam.dam,Blush With Pride,dam,
casino-drive,3,dam.dam.sire,Blushing Groom,sire,
casino-drive,3,dam.dam.dam,Best in Show,dam,
marche-lorraine,1,sire,Orfevre,sire,orfevre
marche-lorraine,2,sire.sire,Stay Gold,sire,stay-gold
marche-lorraine,3,sire.sire.sire,Sunday Silence,sire,
marche-lorraine,3,sire.sire.dam,Golden Sash,dam,
marche-lorraine,2,sire.dam,Oriental Art,dam,
marche-lorraine,3,sire.dam.sire,Mejiro McQueen,sire,mejiro-mcqueen
marche-lorraine,3,sire.dam.dam,Electro Art,dam,
marche-lorraine,1,dam,Vite Marcher,dam,
marche-lorraine,2,dam.sire,French Deputy,sire,
marche-lorraine,3,dam.sire.sire,Deputy Minister,sire,
marche-lorraine,3,dam.sire.dam,Mitterand,dam,
marche-lorraine,2,dam.dam,Kyoei March,dam,
marche-lorraine,3,dam.dam.sire,Dancing Brave,sire,
marche-lorraine,3,dam.dam.dam,Inter Charmant,dam,
epiphaneia,1,sire,Symboli Kris S,sire,symboli-kris-s
epiphaneia,2,sire.sire,Kris S.,sire,
epiphaneia,3,sire.sire.sire,Roberto,sire,
epiphaneia,3,sire.sire.dam,Sharp Queen,dam,
epiphaneia,2,sire.dam,Tee Kay,dam,
epiphaneia,3,sire.dam.sire,Gold Meridian,sire,
epiphaneia,3,sire.dam.dam,Tri Argo,dam,
epiphaneia,1,dam,Cesario,dam,cesario
epiphaneia,2,dam.sire,Special Week,sire,special-week
epiphaneia,3,dam.sire.sire,Sunday Silence,sire,
epiphaneia,3,dam.sire.dam,Campaign Girl,dam,
epiphaneia,2,dam.dam,Kirov Premiere,dam,
epiphaneia,3,dam.dam.sire,Sadler's Wells,sire,
epiphaneia,3,dam.dam.dam,Querida,dam,
logotype,1,sire,Lohengrin,sire,
logotype,2,sire.sire,Singspiel,sire,
logotype,3,sire.sire.sire,In the Wings,sire,
logotype,3,sire.sire.dam,Glorious Song,dam,
logotype,2,sire.dam,Carling,dam,
logotype,3,sire.dam.sire,Garde Royale,sire,
logotype,3,sire.dam.dam,Corraleja,dam,
logotype,1,dam,Stereotype,dam,
logotype,2,dam.sire,Sunday Silence,sire,
logotype,3,dam.sire.sire,Halo,sire,
logotype,3,dam.sire.dam,Wishing Well,dam,
logotype,2,dam.dam,Star Ballerina,dam,
logotype,3,dam.dam.sire,Risen Star,sire,
logotype,3,dam.dam.dam,Berliani,dam,
victoire-pisa,1,sire,Neo Universe,sire,neo-universe
victoire-pisa,2,sire.sire,Sunday Silence,sire,
victoire-pisa,3,sire.sire.sire,Halo,sire,
victoire-pisa,3,sire.sire.dam,Wishing Well,dam,
victoire-pisa,2,sire.dam,Pointed Path,dam,
victoire-pisa,3,sire.dam.sire,Kris,sire,
victoire-pisa,3,sire.dam.dam,Silken Way,dam,
victoire-pisa,1,dam,Whitewater Affair,dam,
victoire-pisa,2,dam.sire,Machiavellian,sire,
victoire-pisa,3,dam.sire.sire,Mr. Prospector,sire,
victoire-pisa,3,dam.sire.dam,Coup de Folie,dam,
victoire-pisa,2,dam.dam,Much Too Risky,dam,
victoire-pisa,3,dam.dam.sire,Bustino,sire,
victoire-pisa,3,dam.dam.dam,Short Rations,dam,
rose-kingdom,1,sire,King Kamehameha,sire,
rose-kingdom,2,sire.sire,Kingmambo,sire,
rose-kingdom,3,sire.sire.sire,Mr. Prospector,sire,
rose-kingdom,3,sire.sire.dam,Miesque,dam,
rose-kingdom,2,sire.dam,Manfath,dam,
rose-kingdom,3,sire.dam.sire,Last Tycoon,sire,
rose-kingdom,3,sire.dam.dam,Pilot Bird,dam,
rose-kingdom,1,dam,Rosebud,dam,
rose-kingdom,2,dam.sire,Sunday Silence,sire,
rose-kingdom,3,dam.sire.sire,Halo,sire,
rose-kingdom,3,dam.sire.dam,Wishing Well,dam,
rose-kingdom,2,dam.dam,Rose Colour,dam,
rose-kingdom,3,dam.dam.sire,Shirley Heights,sire,
rose-kingdom,3,dam.dam.dam,Rosa Nay,dam,
rulership,1,sire,King Kamehameha,sire,
rulership,2,sire.sire,Kingmambo,sire,
rulership,3,sire.sire.sire,Mr. Prospector,sire,
rulership,3,sire.sire.dam,Miesque,dam,
rulership,2,sire.dam,Manfath,dam,
rulership,3,sire.dam.sire,Last Tycoon,sire,
rulership,3,sire.dam.dam,Pilot Bird,dam,
rulership,1,dam,Air Groove,dam,air-groove
rulership,2,dam.sire,Tony Bin,sire,
rulership,3,dam.sire.sire,Kampala,sire,
rulership,3,dam.sire.dam,Severn Bridge,dam,
rulership,2,dam.dam,Dyna Carle,dam,
rulership,3,dam.dam.sire,Northern Taste,sire,yayoi-akikawa
rulership,3,dam.dam.dam,Shadai Feather,dam,
efforia,1,sire,Epiphaneia,sire,epiphaneia
efforia,2,sire.sire,Symboli Kris S,sire,symboli-kris-s
efforia,3,sire.sire.sire,Kris S.,sire,
efforia,3,sire.sire.dam,Tee Kay,dam,
efforia,2,sire.dam,Cesario,dam,cesario
efforia,3,sire.dam.sire,Special Week,sire,special-week
efforia,3,sire.dam.dam,Kirov Premiere,dam,
efforia,1,dam,Katies Heart,dam,
efforia,2,dam.sire,Heart's Cry,sire,
efforia,3,dam.sire.sire,Sunday Silence,sire,
efforia,3,dam.sire.dam,Irish Dance,dam,
efforia,2,dam.dam,Katies First,dam,
efforia,3,dam.dam.sire,Kris,sire,
efforia,3,dam.dam.dam,Katies,dam,
titleholder,1,sire,Duramente,sire,duramente
titleholder,2,sire.sire,King Kamehameha,sire,
titleholder,3,sire.sire.sire,Kingmambo,sire,
titleholder,3,sire.sire.dam,Manfath,dam,
titleholder,2,sire.dam,Admire Groove,dam,admire-groove
titleholder,3,sire.dam.sire,Sunday Silence,sire,
titleholder,3,sire.dam.dam,Air Groove,dam,air-groove
titleholder,1,dam,Mowen,dam,
titleholder,2,dam.sire,Motivator,sire,
titleholder,3,dam.sire.sire,Montjeu,sire,montjeu
titleholder,3,dam.sire.dam,Out West,dam,
titleholder,2,dam.dam,Top Table,dam,
titleholder,3,dam.dam.sire,Shirley Heights,sire,
titleholder,3,dam.dam.dam,Lora's Guest,dam,
phalaenopsis,1,sire,Brian's Time,sire,
phalaenopsis,2,sire.sire,Roberto,sire,
phalaenopsis,3,sire.sire.sire,Hail to Reason,sire,
phalaenopsis,3,sire.sire.dam,Bramalea,dam,
phalaenopsis,2,sire.dam,Kelley's Day,dam,
phalaenopsis,3,sire.dam.sire,Graustark,sire,
phalaenopsis,3,sire.dam.dam,Golden Trail,dam,
phalaenopsis,1,dam,Catequil,dam,
phalaenopsis,2,dam.sire,Storm Cat,sire,
phalaenopsis,3,dam.sire.sire,Storm Bird,sire,
phalaenopsis,3,dam.sire.dam,Terlingua,dam,
phalaenopsis,2,dam.dam,Pacific Princess,dam,
phalaenopsis,3,dam.dam.sire,Damascus,sire,
phalaenopsis,3,dam.dam.dam,Fiji,dam,
montjeu,1,sire,Sadler's Wells,sire,
montjeu,2,sire.sire,Northern Dancer,sire,
montjeu,3,sire.sire.sire,Nearctic,sire,
montjeu,3,sire.sire.dam,Natalma,dam,
montjeu,2,sire.dam,Fairy Bridge,dam,
montjeu,3,sire.dam.sire,Bold Reason,sire,
montjeu,3,sire.dam.dam,Special,dam,
montjeu,1,dam,Floripedes,dam,
montjeu,2,dam.sire,Top Ville,sire,
montjeu,3,dam.sire.sire,High Top,sire,
montjeu,3,dam.sire.dam,Sega Ville,dam,
montjeu,2,dam.dam,Toute Cy,dam,
montjeu,3,dam.dam.sire,Tennyson,sire,
montjeu,3,dam.dam.dam,Adele Toumignon,dam,
tazuna-hayakawa,1,sire,Theft,sire,
tazuna-hayakawa,2,sire.sire,Tetratema,sire,
tazuna-hayakawa,3,sire.sire.sire,The Tetrarch,sire,
tazuna-hayakawa,3,sire.sire.dam,Scotch Gift,dam,
tazuna-hayakawa,2,sire.dam,Voleuse,dam,
tazuna-hayakawa,3,sire.dam.sire,Volta,sire,
tazuna-hayakawa,3,sire.dam.dam,Sun Worship,dam,
tazuna-hayakawa,1,dam,Tyrant's Queen 1934,dam,
tazuna-hayakawa,2,dam.sire,Soldennis,sire,
tazuna-hayakawa,3,dam.sire.sire,Tredennis,sire,
tazuna-hayakawa,3,dam.sire.dam,Soligena,dam,
tazuna-hayakawa,2,dam.dam,Tyrant's Queen,dam,
tazuna-hayakawa,3,dam.dam.sire,Phalaris,sire,
tazuna-hayakawa,3,dam.dam.dam,Silver Queen,dam,
yayoi-akikawa,1,sire,Northern Dancer,sire,
yayoi-akikawa,2,sire.sire,Nearctic,sire,
yayoi-akikawa,3,sire.sire.sire,Nearco,sire,
yayoi-akikawa,3,sire.sire.dam,Lady Angela,dam,
yayoi-akikawa,2,sire.dam,Natalma,dam,
yayoi-akikawa,3,sire.dam.sire,Native Dancer,sire,
yayoi-akikawa,3,sire.dam.dam,Almahmoud,dam,
yayoi-akikawa,1,dam,Lady Victoria,dam,
yayoi-akikawa,2,dam.sire,Victoria Park,sire,
yayoi-akikawa,3,dam.sire.sire,Chop Chop,sire,
yayoi-akikawa,3,dam.sire.dam,Victoriana,dam,
yayoi-akikawa,2,dam.dam,Lady Angela,dam,
yayoi-akikawa,3,dam.dam.sire,Hyperion,sire,
yayoi-akikawa,3,dam.dam.dam,Sister Sarah,dam,
