slug,country,races,wins,record,earnings,date_of_birth,date_of_death,siblings,offspring
special-week,jp,17,10,10-4-2-1,1092620000 | JPY,2 May 1995,27 Apr 2018,4,1236
silence-suzuka,jp,16,9,9-1-0-6,455980000 | JPY | 231000 | HKD,1 May 1994,1 Nov 1998,3,0
tokai-teio,jp,12,9,9-0-0-3,604700000 | JPY,20 Apr 1988,30 Aug 2013,13,835
maruzensky,jp,8,8,8-0-0-0,76600000 | JPY,19 May 1974,21 Aug 1997,8,998
fuji-kiseki,jp,4,4,4-0-0-0,129650000 | JPY,15 Apr 1992,28 Dec 2015,15,1922
oguri-cap,jp,32,22,22-6-1-3,911110000 | JPY,27 Mar 1985,3 Jul 2010,14,342
gold-ship,jp,28,13,13-3-2-10,1397767000 | JPY,6 Mar 2009,Alive,8,683
vodka,jp,26,10,10-5-3-8,1304870000 | JPY,4 Apr 2004,1 Apr 2019,8,7
daiwa-scarlet,jp,12,8,8-4-0-0,786680000 | JPY,13 May 2004,Alive,13,11
taiki-shuttle,us,13,11,11-1-1-0,615480000 | JPY,23 Mar 1994,17 Aug 2022,12,1407
grass-wonder,us,15,9,9-1-0-5,691640000 | JPY,18 Feb 1995,8 Aug 2025,9,1320
hishi-amazon,us,20,10,10-5-0-5,695820000 | JPY,26 Mar 1991,15 Apr 2019,13,10
mejiro-mcqueen,jp,21,12,12-6-1-2,998100000 | JPY,3 Apr 1987,3 Apr 2006,10,664
el-condor-pasa,us,11,8,8-3-0-0,376070000 | JPY,17 Mar 1995,16 Jul 2002,6,339
tm-opera-o,jp,26,14,14-6-3-3,1835189000 | JPY,13 Mar 1996,17 May 2018,11,338
narita-brian,jp,21,12,12-3-1-5,947420000 | JPY,3 May 1991,27 Sept 1998,10,147
symboli-rudolf,jp,16,13,13-1-1-1,684820000 | JPY,13 Mar 1981,4 Oct 2011,4,700
air-groove,jp,19,9,9-5-3-2,821960000 | JPY,6 Apr 1993,23 Apr 2013,8,11
agnes-digital,us,32,12,12-5-4-11,730920000 | JPY,15 May 1997,8 Dec 2021,9,845
seiun-sky,jp,13,7,7-1-1-4,610280000 | JPY,26 Apr 1995,16 Aug 2011,7,72
tamamo-cross,jp,18,9,9-3-2-4,489670000 | JPY,23 May 1984,10 Apr 2003,6,808
fine-motion,ie,15,8,8-3-0-4,494510000 | JPY,27 Jan 1999,Alive,12,0
biwa-hayahide,jp,16,10,10-5-0-1,817690000 | JPY,10 Mar 1990,21 Jul 2020,10,218
mayano-top-gun,jp,21,8,8-4-5-4,810390000 | JPY,24 Mar 1992,3 Nov 2019,6,1116
manhattan-cafe,jp,12,6,6-0-1-5,522830000 | JPY,5 Mar 1998,13 Aug 2015,10,1530
mihono-bourbon,jp,8,7,7-1-0-0,437300000 | JPY,25 Apr 1989,22 Feb 2017,4,265
mejiro-ryan,jp,19,7,7-4-3-5,486930000 | JPY,11 Apr 1987,17 Mar 2016,13,842
hishi-akebono,us,30,6,6-1-6-17,324260000 | JPY,27 Feb 1992,19 Nov 2008,9,138
yukino-bijin,jp,10,6,6-2-0-2,165850000 | JPY,10 Mar 1990,22 Jul 2016,15,12
rice-shower,jp,25,6,6-5-2-12,666860000 | JPY,5 Mar 1989,4 Jun 1995,9,0
ines-fujin,jp,8,4,4-3-0-1,236000000 | JPY,10 Apr 1987,5 Apr 2004,15,374
agnes-tachyon,jp,4,4,4-0-0-0,222080000 | JPY,13 Apr 1998,22 Jun 2009,7,1164
admire-vega,jp,8,4,4-1-0-3,290600000 | JPY,12 Mar 1996,29 Oct 2004,4,438
inari-one,jp,25,12,12-3-2-8,404300000 | JPY,7 May 1984,7 Feb 2016,6,266
winning-ticket,jp,14,6,6-1-2-5,371770000 | JPY,21 Mar 1990,18 Feb 2023,16,507
air-shakur,jp,20,4,4-6-1-9,545050000 | JPY | 12000 | GBP,26 Feb 1997,13 Mar 2003,9,4
eishin-flash,jp,27,6,6-3-7-11,756070000 | JPY,27 Mar 2007,Alive,9,725
curren-chan,jp,18,9,9-3-1-5,401801000 | JPY | 46000 | HKD,31 Mar 2007,Alive,11,6
kawakami-princess,jp,17,5,5-2-2-8,350890000 | JPY,5 Jun 2003,11 Sept 2023,8,10
gold-city,jp,20,3,3-4-3-10,175880000 | JPY,16 Apr 1984,2 May 1990,6,0
sakura-bakushin-o,jp,21,11,11-2-1-7,521253000 | JPY,14 Apr 1989,30 Apr 2011,13,1568
seeking-the-pearl,us,21,8,8-2-3-8,474140000 | JPY | 500000 | FRF | 18774 | USD,16 Apr 1994,10 Jun 2005,5,3
shinko-windy,jp,17,5,5-3-1-8,225440000 | JPY,14 Apr 1993,27 Sept 2023,10,20
sweep-tosho,jp,24,8,8-4-2-10,744820000 | JPY,9 May 2001,5 Dec 2020,11,10
super-creek,jp,16,8,8-2-2-4,556100000 | JPY,27 May 1985,29 Aug 2010,9,204
smart-falcon,jp,34,23,23-4-1-6,990730000 | JPY,4 Apr 2005,Alive,10,700
zenno-rob-roy,jp,20,7,7-6-4-3,1115600000 | JPY | 11200 | GBP,27 Mar 2000,2 Sept 2022,5,1111
tosen-jordan,jp,30,9,9-4-2-15,,4 Feb 2006,Alive,12,325
nakayama-festa,jp,15,5,5-3-0-7,293243000 | JPY | 839000 | EUR,5 Apr 2006,23 Aug 2026,8,333
narita-taishin,jp,15,4,4-6-1-4,397408000 | JPY,10 Jun 1990,13 Apr 2020,11,160
nishino-flower,jp,16,7,7-1-3-5,469706600 | JPY,19 Apr 1989,5 Feb 2020,16,9
haru-urara,jp,113,0,0-5-7-101,,27 Feb 1996,9 Sept 2025,12,0
bamboo-memory,jp,39,8,8-7-5-19,508108200 | JPY,14 May 1985,7 Aug 2014,11,38
biko-pegasus,us,27,4,4-6-2-15,357854000 | JPY,8 Feb 1991,11 Jun 2019,14,34
marvelous-sunday,jp,15,10,10-2-1-2,606865000 | JPY,31 May 1992,30 Jun 2016,12,946
matikanefukukitaru,jp,22,6,6-4-1-11,370246000 | JPY,22 May 1994,31 Jul 2020,12,27
mr-cb,jp,15,8,8-3-1-3,409598100 | JPY,7 Apr 1980,15 Dec 2000,0,652
meisho-doto,ie,27,10,10-8-2-7,921334000 | JPY,25 Mar 1996,Alive,18,270
mejiro-dober,jp,21,10,10-3-1-7,733422000 | JPY,6 May 1994,Alive,8,10
nice-nature,jp,41,7,7-6-8-20,623585600 | JPY,16 Apr 1988,30 May 2023,11,17
king-halo,jp,27,6,6-4-4-13,500266000 | JPY,28 Apr 1995,19 Mar 2019,9,1319
matikanetannhauser,jp,32,8,8-2-2-20,517527400 | JPY,7 May 1989,7 Dec 2013,12,45
ikuno-dictus,jp,51,9,9-8-5-29,531124000 | JPY,16 Apr 1987,16 Feb 2019,11,11
mejiro-palmer,jp,38,9,9-5-2-22,536742200 | JPY,21 Mar 1987,7 Apr 2012,6,60
daitaku-helios,jp,35,10,10-6-1-18,689952400 | JPY,10 Apr 1987,12 Dec 2008,16,289
twin-turbo,jp,35,6,6-2-0-27,186708000 | JPY,13 Apr 1988,15 Jan 1998,14,5
satono-diamond,jp,18,8,8-1-3-6,865124000 | JPY | 9100 | EUR,30 Jan 2013,Alive,3,460
kitasan-black,jp,20,12,12-2-4-2,1876843000 | JPY,10 Mar 2012,Alive,11,712
sakura-chiyono-o,jp,10,5,5-1-1-3,215329000 | JPY,19 Feb 1985,7 Jan 2012,8,445
sirius-symboli,jp,26,4,4-4-2-16,143100300 | JPY | 229000 | FRF | 16500 | DEM,26 Mar 1982,8 Apr 2012,4,248
mejiro-ardan,jp,14,4,4-3-2-5,243329000 | JPY,28 Mar 1985,18 Jun 2002,10,170
yaeno-muteki,jp,23,8,8-4-3-8,524227500 | JPY,11 Apr 1985,28 Mar 2014,11,221
tsurumaru-tsuyoshi,jp,11,5,5-0-1-5,174282000 | JPY,6 Apr 1995,2 Aug 2026,9,0
mejiro-bright,jp,25,8,8-8-3-6,832587000 | JPY,19 Apr 1994,16 May 2004,12,86
daring-tact,jp,13,5,5-1-3-4,610920000 | JPY,15 Apr 2017,Alive,7,2
sakura-laurel,jp,22,9,9-5-4-4,626890000 | JPY,8 May 1991,24 Jan 2020,6,608
narita-top-road,jp,30,8,8-6-8-8,990112000 | JPY,4 Apr 1996,7 Nov 2005,11,226
yamanin-zephyr,jp,20,8,8-5-2-5,580809600 | JPY,27 May 1988,16 May 2017,12,554
furioso,jp,39,11,11-14-2-12,845446000 | JPY,1 May 2004,Alive,13,664
transcend,jp,24,10,10-5-1-8,633520000 | JPY,9 Mar 2006,Alive,10,323
espoir-city,jp,40,17,17-10-3-10,1023197000 | JPY,22 Apr 2005,Alive,7,687
north-flight,jp,11,8,8-2-0-1,458094000 | JPY,12 Apr 1990,22 Jan 2018,8,10
symboli-kris-s,us,15,8,8-2-4-1,984724000 | JPY,21 Jan 1999,8 Dec 2020,12,1562
tanino-gimlet,jp,8,5,5-1-2-0,386010000 | JPY,4 May 1999,Alive,8,1245
daiichi-ruby,jp,18,6,6-6-1-5,431711600 | JPY,15 Apr 1987,26 Apr 2007,9,7
mejiro-ramonu,jp,12,9,9-0-0-3,311920100 | JPY,9 Apr 1983,22 Sept 2005,10,12
aston-machan,jp,11,5,5-2-0-4,248997000 | JPY,5 Mar 2004,21 Apr 2008,16,0
satono-crown,jp,20,7,7-1-1-11,486036000 | JPY | 9405000 | HKD,10 Mar 2012,Alive,9,462
cheval-grand,jp,33,7,7-7-7-12,1000697000 | JPY | 1200000 | AED | 16875 | GBP,14 Mar 2012,Alive,7,255
verxina,jp,21,5,5-5-2-9,460795000 | JPY,5 Mar 2009,Alive,7,5
vivlos,jp,17,4,4-6-0-7,186098000 | JPY | 6000000 | AED | 5500000 | HKD,9 Apr 2013,Alive,7,6
dantsu-flame,jp,26,6,6-6-0-14,511428000 | JPY,19 Apr 1998,28 Aug 2005,4,0
ksmiracle,jp,10,5,5-2-1-2,134226000 | JPY,16 Mar 1988,15 Dec 1991,7,0
jungle-pocket,jp,13,5,5-3-2-3,704258000 | JPY,7 May 1998,2 Mar 2021,7,1452
believe,jp,28,10,10-3-5-10,460310000 | JPY,26 Apr 1998,,12,7
no-reason,jp,12,3,3-1-0-8,186017000 | JPY,4 Jun 1999,7 May 2024,9,75
still-in-love,jp,16,5,5-2-1-8,437778000 | JPY,2 May 2000,2 Aug 2007,15,1
copano-rickey,jp,33,16,16-3-3-11,995144000 | JPY,24 Mar 2010,Alive,9,617
hokko-tarumae,jp,39,17,17-5-7-10,1078706000 | JPY | 300000 | USD,26 May 2009,Alive,10,872
wonder-acute,jp,48,13,13-10-8-17,876306000 | JPY,14 Mar 2006,Alive,9,62
samson-big,jp,35,4,4-4-3-24,109340000 | JPY,14 Apr 1991,,9,0
sounds-of-earth,jp,30,2,2-8-1-19,467449000 | JPY | 120000 | AED,12 Apr 2011,13 Feb 2023,12,0
royce-and-royce,jp,28,3,3-9-7-9,212755000 | JPY,10 Mar 1990,14 Jun 1996,8,0
katsuragi-ace,jp,22,10,10-4-1-7,410683400 | JPY,24 Apr 1980,3 Jul 2000,17,580
neo-universe,jp,13,7,7-0-3-3,613376000 | JPY,21 May 2000,8 Mar 2021,11,1459
hishi-miracle,jp,28,6,6-3-4-15,514989000 | JPY,31 Mar 1999,Alive,11,30
tap-dance-city,us,42,12,12-6-7-17,1084221000 | JPY,16 Mar 1997,Alive,11,275
duramente,jp,9,5,5-4-0-0,516607000 | JPY | 1200000 | AED,22 Mar 2012,31 Aug 2021,4,725
rhein-kraft,jp,13,6,6-3-2-2,505630000 | JPY,4 Apr 2002,19 Aug 2006,14,0
cesario,jp,6,5,5-1-0-0,228296000 | JPY | 450000 | USD,31 Mar 2002,27 Feb 2021,13,12
air-messiah,jp,12,4,4-4-2-2,335538000 | JPY,4 Feb 2002,12 Sept 2014,11,5
daring-heart,jp,26,4,4-4-4-14,274862000 | JPY,9 Mar 2002,,11,8
fusaichi-pandora,jp,21,4,4-4-4-9,378113000 | JPY,27 Feb 2003,28 Oct 2017,9,9
buena-vista,jp,23,9,9-8-3-3,1386433000 | JPY | 1000000 | AED,14 Mar 2006,Alive,11,11
orfevre,jp,21,12,12-6-1-2,1344084000 | JPY | 1890000 | EUR,14 May 2008,Alive,10,1130
gentildonna,jp,19,10,10-4-1-4,1326210000 | JPY | 4000000 | AED,20 Feb 2009,25 Nov 2025,13,7
win-variation,jp,23,4,4-7-2-10,579946000 | JPY,10 Apr 2008,Alive,11,160
admire-groove,jp,21,8,8-1-3-9,551330000 | JPY,30 Apr 2000,15 Oct 2012,10,5
dream-journey,jp,31,9,9-3-5-14,847973000 | JPY,24 Feb 2004,Alive,10,168
calstone-light-o,jp,36,9,9-4-7-16,422044000 | JPY,3 May 1998,7 Feb 2024,10,77
durandal,jp,18,8,8-4-1-5,503232000 | JPY | 450000 | HKD,25 May 1999,17 Jul 2013,11,488
bubble-gum-fellow,jp,13,7,7-2-3-1,554430000 | JPY,11 Apr 1993,26 Apr 2010,10,1005
sakura-chitose-o,jp,21,9,9-3-3-6,518600000 | JPY,11 May 1990,30 Jan 2014,13,546
fenomeno,jp,18,7,7-2-0-9,629108000 | JPY,20 Apr 2009,Alive,11,269
blast-onepiece,jp,18,7,7-0-1-10,589421000 | JPY,2 Apr 2015,Alive,7,0
almond-eye,jp,15,11,11-2-1-1,1519563000 | JPY | 3600000 | AED,10 Mar 2015,Alive,8,5
lucky-lilac,jp,19,7,7-4-3-5,737467000 | JPY | 4400000 | HKD,3 Apr 2015,Alive,10,4
gran-alegria,jp,15,9,9-2-2-2,1073813000 | JPY,24 Jan 2016,Alive,1,4
loves-only-you,jp,16,8,8-2-3-3,338749000 | JPY | 1540000 | USD | 31350000 | HKD,26 Mar 2016,Alive,13,4
chrono-genesis,jp,17,8,8-3-4-2,1101714000 | JPY,6 Mar 2016,Alive,12,4
curren-bouquetdor,jp,17,2,2-7-3-5,458057000 | JPY,23 Apr 2016,Alive,8,3
stay-gold,jp,50,7,7-12-8-23,762990000 | JPY,24 Mar 1994,5 Feb 2015,18,1342
red-desire,jp,14,4,4-3-3-4,328110000 | JPY,19 Apr 2006,20 May 2016,6,4
kiseki,jp,33,4,4-6-6-17,701400000 | JPY,13 May 2014,Alive,8,140
forever-young,jp,15,11,11-1-3-0,7200000 | JPY,24 Feb 2021,Alive,7,0
casino-drive,us,11,4,4-1-1-5,69380000 | JPY,7 Mar 2005,5 Aug 2019,8,453
marche-lorraine,jp,22,9,9-2-2-9,66070000 | JPY,4 Feb 2016,Alive,9,4
epiphaneia,jp,14,6,6-2-1-5,687790000 | JPY,11 Feb 2010,Alive,11,1195
logotype,jp,30,6,6-4-4-16,583010000 | JPY,10 Mar 2010,Alive,7,296
victoire-pisa,jp,15,8,8-1-2-4,595950000 | JPY,31 Mar 2007,Alive,7,770
rose-kingdom,jp,25,6,6-2-3-14,694660000 | JPY,10 May 2007,Alive,10,156
rulership,jp,20,8,8-2-4-6,549760000 | JPY,15 May 2007,Alive,10,1421
efforia,jp,11,6,6-1-0-4,776630000 | JPY,10 Mar 2018,Alive,8,259
titleholder,jp,19,7,7-3-1-8,1068750000 | JPY,10 Feb 2018,Alive,2,98
phalaenopsis,jp,16,7,7-1-1-7,466510000 | JPY,4 Apr 1995,1 Jul 2016,7,11
happy-meek,,,,,,,,,
bitter-glasse,,,,,,,,,
little-cocon,,,,,,,,,
montjeu,ie,16,11,11-2-0-3,20000000 | JPY,4 Apr 1996,29 Mar 2012,7,779
venus-paques,,,,,,,,,
rigantona,,,,,,,,,
sonon-elfie,,,,,,,,,
st-2,,,,,,,,,
tazuna-hayakawa,jp,10,10,10-0-0-0,4257150 | JPY,2 May 1948,20 Jun 1951,2,0
yayoi-akikawa,ca,20,5,5-2-3-10,738125 | FRF | 1743 | GBP,15 Mar 1971,11 Dec 2004,8,1009
etsuko-otonashi,,,,,,,,,
aoi-kiryuin,,,,,,,,,
sasami-anshinzawa,,,,,,,,,
riko-kashimoto,,,,,,,,,
beauty-anshinzawa,,,,,,,,,
light-hello,,,,,,,,,
darley-arabian,,,,,,,,,
godolphin-barb,,,,,,,,,
byerley-turk,,,,,,,,,
mei-satake,,,,,,,,,
ryoka-tsurugi,,,,,,,,,
sugar-lights,,,,,,,,,
st-lite,,,,,,,,,
speed-symboli,,,,,,,,,
haiseiko,,,,,,,,,
tucker-bryne,,,,,,,,,
kiyoko-hoshina,,,,,,,,,
yunohana-bloom,,,,,,,,,
