slug,text
special-week,Did you know? She can tell different brands of milk apart from taste alone.
special-week,Did you know? She's great at giving piggyback rides. Whoever she carries quickly falls asleep.
silence-suzuka,Did you know? She's skilled at spinning pens.
silence-suzuka,Did you know? She keeps several identical pairs of shoes just in case.
tokai-teio,Did you know? She holds the record for her forward bend.
tokai-teio,"Did you know? She played at the seaside a lot when she was a kid, and everyone called her the ""Beach Monarch."""
maruzensky,Did you know? She gets carsick when she's in the passenger seat.
maruzensky,"Did you know? When enjoying nata de coco, she gets indecisive over when to swallow the gelatin bits."
fuji-kiseki,"Did you know? She can make a dove appear out of a top hat, and she can make a top hat appear out of nothing."
fuji-kiseki,Did you know? She often goes to tea parties organized by her fan club.
oguri-cap,Did you know? She's fantastic at trimming her nails just right.
oguri-cap,"Did you know? When asked about her dream as a child, her answer was ""stew."""
gold-ship,Did you know? She's scarily good at trivia quizzes.
gold-ship,"Did you know? She constantly lies about unimportant things, but hardly ever about the things that matter."
vodka,Did you know? She practices how to slide a glass down a counter.
vodka,Did you know? She's saving her New Year's money to buy a motorcycle.
daiwa-scarlet,Did you know? She can draw straight lines without using a ruler.
daiwa-scarlet,Did you know? She faithfully writes fan letters to her favorite manga author.
taiki-shuttle,Did you know? She's the reigning quick draw competition champion.
taiki-shuttle,"Did you know? At barbecues, she likes to eat the hamburger last."
grass-wonder,Did you know? She's secretly particular about her skirt length.
grass-wonder,"Did you know? She can't figure out if matcha lattes are ""Japanese"" enough."
hishi-amazon,Did you know? She uses a peculiar ironing cloth.
hishi-amazon,Did you know? Younger students help her post pics of her character-themed bento lunches on Umastagram.
mejiro-mcqueen,"Did you know? She sometime shouts ""Bring 'em home!"" in her sleep and wakes herself up."
mejiro-mcqueen,Did you know? She prefers her milk tea poured milk-first.
el-condor-pasa,Did you know? She has a special fabric softener just for her mask.
el-condor-pasa,Did you know? She's extremely ticklish.
tm-opera-o,Did you know? She's made just one huge change to her ear decoration in the past.
tm-opera-o,Did you know? She's been using the same hand mirror daily since elementary school.
narita-brian,Did you know? The stem in her mouth comes from her family's gardens.
narita-brian,Did you know? She occasionally likes to visit owl cafes.
symboli-rudolf,Did you know? She'll always remember a face.
symboli-rudolf,"Did you know? Her secret pleasure is challenging herself to stamp documents with perfect precision, no smudges."
air-groove,Did you know? She hates all insects except ladybugs.
air-groove,Did you know? She listens to Chopin when she wants to relax.
agnes-digital,"Did you know? When she's bringing up the rear, she wishes she at least had an ""End of the Line"" sign."
agnes-digital,Did you know? She's a pro at dealing with both hot and cold weather.
seiun-sky,"Did you know? She really, really, really cannot handle hot food."
seiun-sky,Did you know? She hates clothes that are tight around the neck.
tamamo-cross,Did you know? Her specialty is cooking with bean sprouts and fish cakes.
tamamo-cross,Did you know? She's a purist about making takoyaki and cooks them on a gas stove.
fine-motion,Did you know? She's a pro at keep-ups.
fine-motion,"Did you know? She recently learned how to play ""Umapyoi Legend"" on the violin."
biwa-hayahide,Did you know? She writes hair spray reviews.
biwa-hayahide,Did you know? She can eat a banana in under five seconds.
mayano-top-gun,"Did you know? No matter the paper, she can always make an amazing paper airplane."
mayano-top-gun,Did you know? She's incredibly picky about action movies.
manhattan-cafe,Did you know? She loves mountain climbing.
manhattan-cafe,Did you know? She knows a surprising amount about deep-sea creatures.
mihono-bourbon,"Did you know? Thanks to her father, she still thinks something might steal her tail when thunder strikes."
mihono-bourbon,Did you know? Those who have experienced her piggyback rides say her back is comfortingly spacious.
mejiro-ryan,Did you know? It takes her a long time to decide what body cleansing wipes to buy.
mejiro-ryan,Did you know? She never buys an article of clothing unless she's tried it on first.
hishi-akebono,Did you know? She burns through notebooks at an extremely fast rate.
hishi-akebono,Did you know? She keeps her eyes shut tight when getting a shot at the doctor's.
yukino-bijin,Did you know? Her braiding skills are on par with that of a professional hairstylist.
yukino-bijin,"Did you know? She can catch, clean, and cook river fish all by herself."
rice-shower,Did you know? She prefers bread for breakfast.
rice-shower,Did you know? Her dream is to one day buy a 500-piece colored pencil set.
ines-fujin,"Did you know? At least three times a month, her classmates accidentally call her ""Big Sis."""
ines-fujin,Did you know? She can beautifully gift wrap any kind of box in seconds.
agnes-tachyon,Did you know? She's constantly getting packages from abroad.
agnes-tachyon,"Did you know? She buys her clothes online without much thought, so most of them don't fit well."
admire-vega,Did you know? She rates every pair of fuzzy slippers she tries on by their fluffiness.
admire-vega,Did you know? She buys bread from different bakeries depending on what type she wants.
inari-one,Did you know? She drinks fruit milk after taking a bath.
inari-one,Did you know? She really admires tatami mat makers.
winning-ticket,Did you know? She's very particular about her choice of undergarments.
winning-ticket,Did you know? She's very knowledgeable about the rules of all kinds of sports.
air-shakur,Did you know? She has a habit of leaning to the right whenever she right-clicks her mouse.
air-shakur,Did you know? She frequently watches broadcasts of Italian soccer games.
eishin-flash,Did you know? She's great at reading storybooks out loud.
eishin-flash,"Did you know? She doesn't like the taste of mint very much, but never refuses to eat it."
curren-chan,Did you know? Half of her top ten favorite movies are horror films.
curren-chan,Did you know? She's a black belt in aikido.
kawakami-princess,Did you know? She once grew twelve centimeters in a year.
kawakami-princess,Did you know? She can catch beetles like no other.
gold-city,Did you know? Her alarm clock is set to ring every two minutes.
gold-city,"Did you know? When browsing clothes or cosmetics, she thinks of the people those items would suit most."
sakura-bakushin-o,Did you know? She'll always protect her lance pieces in shogi.
sakura-bakushin-o,Did you know? She's an excellent brewer of green tea.
seeking-the-pearl,Did you know? Her voice gets slightly quieter when the weather is bad.
seeking-the-pearl,Did you know? She can tell what shop a bento lunch is from just by looking at its contents.
shinko-windy,Did you know? She can't fall asleep when her roommate isn't home.
shinko-windy,Did you know? She brushes her teeth for more than ten minutes.
sweep-tosho,Did you know? Her father is the only person she'll never listen to.
sweep-tosho,Did you know? She names each and every one of her plushies.
super-creek,Did you know? She's great at rolling perfectly round rice cakes.
super-creek,Did you know? She learned quite a lot about golfing from her father.
smart-falcon,Did you know? She's a pro at making hand-drawn signs.
smart-falcon,Did you know? She can fall asleep absolutely anywhere.
zenno-rob-roy,Did you know? Cows absolutely love her.
zenno-rob-roy,Did you know? She likes the smell of liqueur-flavored candy and chocolate.
tosen-jordan,Did you know? She dreams of launching her own nail polish brand.
tosen-jordan,Did you know? She takes the morning horoscopes on TV very seriously.
nakayama-festa,Did you know? She can't handle carbonated drinks.
nakayama-festa,Did you know? She knows a tiny bit about opera.
narita-taishin,Did you know? She's a big deal in the rhythm game scene.
narita-taishin,Did you know? She's really into watching solo camping vlogs.
nishino-flower,Did you know? She can juggle forever.
nishino-flower,Did you know? She has a collection of the finest-smelling erasers.
haru-urara,"Did you know? She can't say ""prestigious."""
haru-urara,Did you know? She's very good at catching dragonflies with her bare hands.
bamboo-memory,Did you know? She's got the best forward somersault in the entire school.
bamboo-memory,Did you know? She has exceptionally strong teeth.
biko-pegasus,Did you know? She's concocted over ten different ways she'd deal with a bad guy entering her classroom.
biko-pegasus,Did you know? She can pick up soft tofu with chopsticks without breaking it.
marvelous-sunday,Did you know? She's super knowledgeable about ancient ruins.
marvelous-sunday,Did you know? She can tell the approximate time just by looking at the sun or stars.
matikanefukukitaru,Did you know? She holds an advanced rank in Japanese calligraphy.
matikanefukukitaru,Did you know? Miss Nya the lucky cat and Daruman the hair tie were gifts from her grandmother.
mr-cb,Did you know? She's not great with elevators.
mr-cb,Did you know? She loves kabuki theater and goes to see it often.
meisho-doto,Did you know? She likes her food super spicy.
meisho-doto,Did you know? She can tell how a goat is feeling by looking into its eyes.
mejiro-dober,Did you know? Sketches for a manga about a girl and her fateful encounters are hidden deep within her drawer.
mejiro-dober,Did you know? Her piano skills are on par with a kindergarten teacher.
nice-nature,Did you know? She's an expert at using up leftovers in the fridge.
nice-nature,Did you know? She's really good at making origami.
king-halo,Did you know? She'll keep playing raffles until she wins or empties her wallet.
king-halo,"Did you know? When watching TV dramas, she tends to criticize the characters out loud."
matikanetannhauser,Did you know? She's currently on her third hat.
matikanetannhauser,Did you know? She has a unique sense for naming things.
ikuno-dictus,Did you know? Her braid always has the same number of braids in it.
ikuno-dictus,Did you know? She's pretty messy when eating hamburgers.
mejiro-palmer,Did you know? She writes down any slang she learns in her journal.
mejiro-palmer,Did you know? She's a strong proponent of using only the best sunscreen.
daitaku-helios,"Did you know? When she's bummed out, she gets clingy with her BFFs."
daitaku-helios,Did you know? The longest she can sit seiza-style on her knees is only ten seconds.
twin-turbo,Did you know? She's great at moonwalking.
twin-turbo,"Did you know? When she uses eye drops, she opens her mouth for some reason."
satono-diamond,Did you know? Her most prized possession is the jukebox her father gave her.
satono-diamond,Did you know? She's not very good at slurping up ramen noodles.
kitasan-black,Did you know? She usually falls in love with things at first sight.
kitasan-black,"Did you know? Once she starts eating candy, she can't stop."
sakura-chiyono-o,Did you know? Red cars always get her attention.
sakura-chiyono-o,Did you know? She's fine with wasabi but can't handle spicy mustard.
sirius-symboli,Did you know? She has a pilot license.
sirius-symboli,"Did you know? She has several favorite pool halls, both inside and outside Japan."
mejiro-ardan,Did you know? She loves looking through bright and colorful sales flyers.
mejiro-ardan,Did you know? She can spend hours and hours staring into a kaleidoscope.
yaeno-muteki,"Did you know? When she's agitated, it really shows in her handwriting."
yaeno-muteki,"Did you know? She can't watch movies about animals, because just watching the trailer for one makes her cry."
tsurumaru-tsuyoshi,Did you know? She's secretly proud of the fact that people often ask her for directions.
tsurumaru-tsuyoshi,Did you know? She spends quite a lot of time fixing her white bangs every morning.
mejiro-bright,Did you know? She loves to watch trains go by.
mejiro-bright,Did you know? She wants to give solo travel a try one day.
daring-tact,Did you know? She has a sheet of calligraphy paper bearing her dream posted on the ceiling above her bed.
daring-tact,Did you know? Little birds gather around her when she plays her handmade wooden flute.
sakura-laurel,Did you know? She's studied French long enough to tour the country on her own.
sakura-laurel,Did you know? She's actually a connoisseur of grilling meat.
narita-top-road,Did you know? Her face only resembles her father's when she's angry.
narita-top-road,Did you know? She challenges herself to jump over basically every puddle.
yamanin-zephyr,Did you know? She's quite good at playing the trumpet.
yamanin-zephyr,Did you know? She's friends with a super popular Umamusume actress.
furioso,Did you know? She can tell from a single bite whether a carrot was grown in Funabashi.
furioso,Did you know? She has talked to her pet crayfish more often since she started living alone.
transcend,Did you know? She won the Ritto Dormitory staring contest.
transcend,Did you know? She rather likes the strangely addictive smell of New Polytrack.
espoir-city,Did you know? She does not like popping candy.
espoir-city,Did you know? She cannot help buying snacks that come with a chance to win a prize.
north-flight,Did you know? She is also interested in becoming a glass artist.
north-flight,"Did you know? Before meeting ""Big Sis,"" she was terrible at relying on others."
symboli-kris-s,Did you know? She somehow ends up squinting in every picture of her.
symboli-kris-s,Did you know? She likes Japanese onomatopoeia.
tanino-gimlet,"Did you know? She's great at DIY carpentry... or as she describes it, her ""ritual to guide lingering spirits to the dawn."""
tanino-gimlet,Did you know? She likes joining those who possess philia (her friends) on their rounds (walks).
daiichi-ruby,"Did you know? Her dog Sapphy is said to be ""like THE cutest no cap."""
daiichi-ruby,Did you know? Her hair ribbon costs as much as a school uniform.
mejiro-ramonu,Did you know? She always carries a pair of vintage glasses.
mejiro-ramonu,Did you know? She often goes out without her phone.
aston-machan,"Did you know? She's great at doing impressions, but she'll rarely demonstrate."
aston-machan,Did you know? She secretly enjoys hearing about her younger sister's surprisingly complicated love life.
satono-crown,Did you know? She likes collecting rain boots.
satono-crown,Did you know? She likes saunas.
cheval-grand,Did you know? She calls her childhood friend in Australia whenever something good happens.
cheval-grand,Did you know? She moves her mouth as though chewing in her sleep.
verxina,Did you know? She is a master bug exterminator.
verxina,"Did you know? She does not like dry, crumbly foods."
vivlos,"Did you know? She has around 20 different ways of saying ""Pretty please? ♡"""
vivlos,Did you know? She mentally rehearses ways to get her sisters to pamper her in case she grows taller than them.
dantsu-flame,Did you know? She always keeps her own supply of grated cheese on hand.
dantsu-flame,"Did you know? The neighborhood kids call her ""Ms. Dantsu."""
ksmiracle,Did you know? Many of her belongings feature a swan motif due to her favorite picture book.
ksmiracle,Did you know? She talks very loudly in her sleep.
jungle-pocket,Did you know? She starts licking her lips whenever she gets excited.
jungle-pocket,Did you know? She treasures a flag covered in messages from her friends.
believe,Did you know? She often studies conversational English by listening to the radio.
believe,Did you know? She belongs to a local mountaineering club.
no-reason,Did you know? She apparently finds it easier to devise strategies on the beach.
no-reason,Did you know? She uses the sound of a conch shell as her alarm.
still-in-love,Did you know? She is happy when there are snacks around. She is even happier if there is coffee too.
still-in-love,Did you know? She often practices smiling in front of a mirror.
copano-rickey,Did you know? She enjoys mochi wrapped in oak leaves so much that she could eat just about an infinite number of them.
copano-rickey,Did you know? She's unwittingly been a lot of kids' first crush.
hokko-tarumae,Did you know? She believes the secret to good luck is not relying on luck at all.
hokko-tarumae,Did you know? She puts small objects on her head when she's stressed out.
wonder-acute,Did you know? Her favorite hero is Tōyama no Kin-san.
wonder-acute,Did you know? She had to get dragged to the doctor's office by both of her parents when she was little.
sounds-of-earth,Did you know? Her companion of choice while composing is a globe.
sounds-of-earth,Did you know? She sends letters on stationery scented with cologne.
royce-and-royce,Did you know? She excels at flash mental math.
royce-and-royce,Did you know? She collects certifications.
katsuragi-ace,Did you know? She has a license to operate small motor vehicles.
katsuragi-ace,Did you know? She has perfect pitch.
neo-universe,Did you know? She likes splitting food evenly with someone.
neo-universe,Did you know? She has a handmade planetarium ready for a future sleepover.
hishi-miracle,Did you know? She always chooses local trains (because she can get a seat).
hishi-miracle,Did you know? She once got a ring-shaped snack stuck on her finger.
tap-dance-city,Did you know? She never gets jet lag.
tap-dance-city,Did you know? She prefers body pillows.
duramente,Did you know? She has an uncanny knack for bringing sunny weather.
duramente,Did you know? Her sunglasses tend to fall off while she exercises.
rhein-kraft,Did you know? She is proud of her lightning-bolt-shaped cowlick.
rhein-kraft,Did you know? She is incredibly good at marbles.
cesario,Did you know? She is quite fond of comedy plays.
cesario,Did you know? She secretly enjoys collecting fèves.
air-messiah,Did you know? She can walk briskly with a bucket of water balanced on her head.
air-messiah,"Did you know? She is okay with pineapple on pizza, more or less."
daring-heart,Did you know? She is a shark movie fanatic.
daring-heart,Did you know? She is a regular at a reptile café.
fusaichi-pandora,Did you know? She considers herself a master of lucky draws. (The trick is to draw from the bottom. ♡)
fusaichi-pandora,Did you know? She immediately buys any pillow that looks promising.
buena-vista,Did you know? She is experimenting with homemade salad dressings.
buena-vista,Did you know? She is not very fond of eating dates.
orfevre,Did you know? The air pressure from her high kick alone can send a stone statue flying.
orfevre,Did you know? Her bedhead takes on majestic proportions on humid days.
gentildonna,Did you know? She can crush walnuts with her toes.
gentildonna,Did you know? She has a closet at her family home dedicated to her ear accessory collection.
win-variation,Did you know? She can walk with her eyes closed in familiar places.
win-variation,Did you know? She cannot abide leaving any meat behind in shijimi clam shells.
admire-groove,Did you know? She believes chocolate is a demon that tempts people into decadence.
admire-groove,Did you know? She sometimes stares intently at aquariums.
dream-journey,Did you know? ■■■■■■■■■■.
dream-journey,Did you know? ...She wishes you would just ask her that directly.
calstone-light-o,Did you know? The white blaze in her bangs always bends to the right no matter what she does.
calstone-light-o,Did you know? She was recently caught using 1111 for all her PINs and made to change every one.
durandal,Did you know? She cannot handle tomatoes unless they are sliced super thin.
durandal,Did you know? She once tore her sheets to shreds by tossing and turning too much in her sleep.
bubble-gum-fellow,Did you know? She subscribes to a monthly newspaper published by a dreamy-cute character brand.
bubble-gum-fellow,Did you know? Songs in German are the one thing she cannot listen to without getting sleepy.
sakura-chitose-o,Did you know? She collects candles as a hobby.
sakura-chitose-o,Did you know? She tries to clean her shoes every day.
fenomeno,Did you know? She likes patterns featuring cross-sections of fruits and vegetables.
fenomeno,Did you know? She often happens upon families of spot-billed ducks on the move.
blast-onepiece,Did you know? She uses an empty economy-size carrot cookie tin as a treasure box.
blast-onepiece,Did you know? The photos she posts to Umastagram are suuuper stylish.
almond-eye,Did you know? She is good at putting on puppet shows with Cuties.
almond-eye,Did you know? She prefers rice porridge in the morning.
lucky-lilac,"Did you know? Her pen name for comedy-contest submissions is ""Lalala's Big Sis."""
lucky-lilac,Did you know? The oversized uniform she bought when she enrolled quickly became a perfect fit.
gran-alegria,Did you know? She thinks 哩 is the coolest kanji.
gran-alegria,Did you know? She gets a little disappointed when a mile turns out to be a nautical mile.
loves-only-you,Did you know? She is a beast at fighting games.
loves-only-you,Did you know? She has been wary of umeboshi ever since biting into one thinking it was a raspberry.
chrono-genesis,Did you know? Her hair has been growing lighter in color every year.
chrono-genesis,"Did you know? She cannot help thinking ""Gate entry complete..."" whenever she passes through a ticket gate."
curren-bouquetdor,Did you know? She cannot stand the undersides of shiitake mushrooms.
curren-bouquetdor,Did you know? She is extraordinarily good at balancing games.
stay-gold,Did you know? She collects bear-themed souvenirs from around the world.
stay-gold,Did you know? She has never set an alarm.
red-desire,Did you know? She enjoys drinking grape juice from a wine glass.
red-desire,Did you know? She always gives video game protagonists her own name.
kiseki,Did you know? She had five serialized manga running in her elementary school newspaper.
kiseki,Did you know? She has filled every textbook she owns with flipbook animations.
forever-young,Did you know? She can sleep on any pillow.
forever-young,Did you know? She often gets stopped by automatic ticket gates.
casino-drive,Did you know? Her older sisters used to treat her like a dress-up doll when she was little.
marche-lorraine,Did you know? Her best artistic medium is acrylic paint.
marche-lorraine,Did you know? Her backup puppet has a slightly fiercer gaze.
epiphaneia,Did you know? Her favorite food is a crisp galette des rois.
epiphaneia,Did you know? She never reveals other people's secrets.
logotype,Did you know? She has three pairs of jeans that she is carefully breaking in.
logotype,Did you know? She often cannot keep up with discussions about carrots.
victoire-pisa,Did you know? She never misses at ring toss.
victoire-pisa,Did you know? She is renowned for her impressive driving skills in racing games.
rose-kingdom,Did you know? She once saw a fairy when she was little.
rose-kingdom,Did you know? She regularly receives herb cookies from her family's pastry chef.
rulership,Did you know? She has a preferred tailor in Italy.
rulership,Did you know? She chooses hotels based on the quality of their doormen.
efforia,Did you know? Her kyudo skills are good enough to shoot falling leaves out of the air.
titleholder,"Did you know? If you want to know how she is doing, checking her older sister's Umastagram is faster."
phalaenopsis,Did you know? Her sense of naming things is positively samurai-like.
happy-meek,Did you know? She's really good at tongue twisters.
happy-meek,Character Rate Up
happy-meek,Vodka
happy-meek,Daiwa Scarlet
happy-meek,Support Rate Up
happy-meek,Narita Brian
happy-meek,Air Groove
happy-meek,Newest Scenario
happy-meek,Our Grand Concert
happy-meek,Newest Update
happy-meek,1.5-Year Anniversary
happy-meek,Support GameTora
happy-meek,Patreon
happy-meek,Popular Pages
happy-meek,1. Skill List
happy-meek,2. Character List
happy-meek,3. Support Card List
happy-meek,4. Training Event Helper
happy-meek,5. Compatibility Calculator
happy-meek,Website last updated on
happy-meek,2026-09-30
happy-meek,Discord
happy-meek,Patreon
happy-meek,Crowdin
happy-meek,"GameTora is not affiliated with the developers of Uma Musume. All the materials from the Uma Musume game are copyrights of Cygames, Inc."
happy-meek,"If you have any question or want to report inaccurate content, you can contact me on Discord ("
happy-meek,GameTora server
happy-meek,", or directly at @gertas) or send an e-mail to gametoracom@gmail.com."
happy-meek,Privacy policy
happy-meek,GameTora 2025 Christmas event game
bitter-glasse,Did you know? She's popular among foodies for her soba noodle blog.
bitter-glasse,Character Rate Up
bitter-glasse,Vodka
bitter-glasse,Daiwa Scarlet
bitter-glasse,Support Rate Up
bitter-glasse,Narita Brian
bitter-glasse,Air Groove
bitter-glasse,Newest Scenario
bitter-glasse,Our Grand Concert
bitter-glasse,Newest Update
bitter-glasse,1.5-Year Anniversary
bitter-glasse,Support GameTora
bitter-glasse,Patreon
bitter-glasse,Popular Pages
bitter-glasse,1. Skill List
bitter-glasse,2. Character List
bitter-glasse,3. Support Card List
bitter-glasse,4. Training Event Helper
bitter-glasse,5. Compatibility Calculator
bitter-glasse,Website last updated on
bitter-glasse,2026-09-30
bitter-glasse,Discord
bitter-glasse,Patreon
bitter-glasse,Crowdin
bitter-glasse,"GameTora is not affiliated with the developers of Uma Musume. All the materials from the Uma Musume game are copyrights of Cygames, Inc."
bitter-glasse,"If you have any question or want to report inaccurate content, you can contact me on Discord ("
bitter-glasse,GameTora server
bitter-glasse,", or directly at @gertas) or send an e-mail to gametoracom@gmail.com."
bitter-glasse,Privacy policy
bitter-glasse,GameTora 2025 Christmas event game
little-cocon,Did you know? On social media she only posts pics of clothes she's bought or her nails after she's done them.
little-cocon,Character Rate Up
little-cocon,Vodka
little-cocon,Daiwa Scarlet
little-cocon,Support Rate Up
little-cocon,Narita Brian
little-cocon,Air Groove
little-cocon,Newest Scenario
little-cocon,Our Grand Concert
little-cocon,Newest Update
little-cocon,1.5-Year Anniversary
little-cocon,Support GameTora
little-cocon,Patreon
little-cocon,Popular Pages
little-cocon,1. Skill List
little-cocon,2. Character List
little-cocon,3. Support Card List
little-cocon,4. Training Event Helper
little-cocon,5. Compatibility Calculator
little-cocon,Website last updated on
little-cocon,2026-09-30
little-cocon,Discord
little-cocon,Patreon
little-cocon,Crowdin
little-cocon,"GameTora is not affiliated with the developers of Uma Musume. All the materials from the Uma Musume game are copyrights of Cygames, Inc."
little-cocon,"If you have any question or want to report inaccurate content, you can contact me on Discord ("
little-cocon,GameTora server
little-cocon,", or directly at @gertas) or send an e-mail to gametoracom@gmail.com."
little-cocon,Privacy policy
little-cocon,GameTora 2025 Christmas event game
venus-paques,Did you know? Her master sometimes scolds her for being far too sloppy in her private life.
venus-paques,Character Rate Up
venus-paques,Vodka
venus-paques,Daiwa Scarlet
venus-paques,Support Rate Up
venus-paques,Narita Brian
venus-paques,Air Groove
venus-paques,Newest Scenario
venus-paques,Our Grand Concert
venus-paques,Newest Update
venus-paques,1.5-Year Anniversary
venus-paques,Support GameTora
venus-paques,Patreon
venus-paques,Popular Pages
venus-paques,1. Skill List
venus-paques,2. Character List
venus-paques,3. Support Card List
venus-paques,4. Training Event Helper
venus-paques,5. Compatibility Calculator
venus-paques,Website last updated on
venus-paques,2026-09-30
venus-paques,Discord
venus-paques,Patreon
venus-paques,Crowdin
venus-paques,"GameTora is not affiliated with the developers of Uma Musume. All the materials from the Uma Musume game are copyrights of Cygames, Inc."
venus-paques,"If you have any question or want to report inaccurate content, you can contact me on Discord ("
venus-paques,GameTora server
venus-paques,", or directly at @gertas) or send an e-mail to gametoracom@gmail.com."
venus-paques,Privacy policy
venus-paques,GameTora 2025 Christmas event game
rigantona,Did you know? She wears fluffy loungewear because she catches colds easily.
rigantona,Character Rate Up
rigantona,Vodka
rigantona,Daiwa Scarlet
rigantona,Support Rate Up
rigantona,Narita Brian
rigantona,Air Groove
rigantona,Newest Scenario
rigantona,Our Grand Concert
rigantona,Newest Update
rigantona,1.5-Year Anniversary
rigantona,Support GameTora
rigantona,Patreon
rigantona,Popular Pages
rigantona,1. Skill List
rigantona,2. Character List
rigantona,3. Support Card List
rigantona,4. Training Event Helper
rigantona,5. Compatibility Calculator
rigantona,Website last updated on
rigantona,2026-09-30
rigantona,Discord
rigantona,Patreon
rigantona,Crowdin
rigantona,"GameTora is not affiliated with the developers of Uma Musume. All the materials from the Uma Musume game are copyrights of Cygames, Inc."
rigantona,"If you have any question or want to report inaccurate content, you can contact me on Discord ("
rigantona,GameTora server
rigantona,", or directly at @gertas) or send an e-mail to gametoracom@gmail.com."
rigantona,Privacy policy
rigantona,GameTora 2025 Christmas event game
sonon-elfie,Did you know? She considers outings with Ms. Ryoka a reward for herself.
sonon-elfie,Character Rate Up
sonon-elfie,Vodka
sonon-elfie,Daiwa Scarlet
sonon-elfie,Support Rate Up
sonon-elfie,Narita Brian
sonon-elfie,Air Groove
sonon-elfie,Newest Scenario
sonon-elfie,Our Grand Concert
sonon-elfie,Newest Update
sonon-elfie,1.5-Year Anniversary
sonon-elfie,Support GameTora
sonon-elfie,Patreon
sonon-elfie,Popular Pages
sonon-elfie,1. Skill List
sonon-elfie,2. Character List
sonon-elfie,3. Support Card List
sonon-elfie,4. Training Event Helper
sonon-elfie,5. Compatibility Calculator
sonon-elfie,Website last updated on
sonon-elfie,2026-09-30
sonon-elfie,Discord
sonon-elfie,Patreon
sonon-elfie,Crowdin
sonon-elfie,"GameTora is not affiliated with the developers of Uma Musume. All the materials from the Uma Musume game are copyrights of Cygames, Inc."
sonon-elfie,"If you have any question or want to report inaccurate content, you can contact me on Discord ("
sonon-elfie,GameTora server
sonon-elfie,", or directly at @gertas) or send an e-mail to gametoracom@gmail.com."
sonon-elfie,Privacy policy
sonon-elfie,GameTora 2025 Christmas event game
tazuna-hayakawa,"Did you know? On days when something good happens, she cooks dinner in a special clay pot to celebrate."
tazuna-hayakawa,Did you know? Her secret daily pleasure is reading the serialized novel in the newspaper.
yayoi-akikawa,"Did you know? She almost added a revolving sushi bar to the cafeteria, but was stopped."
etsuko-otonashi,Did you know? She can speak seven languages.
etsuko-otonashi,Character Rate Up
etsuko-otonashi,Vodka
etsuko-otonashi,Daiwa Scarlet
etsuko-otonashi,Support Rate Up
etsuko-otonashi,Narita Brian
etsuko-otonashi,Air Groove
etsuko-otonashi,Newest Scenario
etsuko-otonashi,Our Grand Concert
etsuko-otonashi,Newest Update
etsuko-otonashi,1.5-Year Anniversary
etsuko-otonashi,Support GameTora
etsuko-otonashi,Patreon
etsuko-otonashi,Popular Pages
etsuko-otonashi,1. Skill List
etsuko-otonashi,2. Character List
etsuko-otonashi,3. Support Card List
etsuko-otonashi,4. Training Event Helper
etsuko-otonashi,5. Compatibility Calculator
etsuko-otonashi,Website last updated on
etsuko-otonashi,2026-09-30
etsuko-otonashi,Discord
etsuko-otonashi,Patreon
etsuko-otonashi,Crowdin
etsuko-otonashi,"GameTora is not affiliated with the developers of Uma Musume. All the materials from the Uma Musume game are copyrights of Cygames, Inc."
etsuko-otonashi,"If you have any question or want to report inaccurate content, you can contact me on Discord ("
etsuko-otonashi,GameTora server
etsuko-otonashi,", or directly at @gertas) or send an e-mail to gametoracom@gmail.com."
etsuko-otonashi,Privacy policy
etsuko-otonashi,GameTora 2025 Christmas event game
aoi-kiryuin,Did you know? She once received a letter of commendation for catching a purse snatcher.
aoi-kiryuin,Character Rate Up
aoi-kiryuin,Vodka
aoi-kiryuin,Daiwa Scarlet
aoi-kiryuin,Support Rate Up
aoi-kiryuin,Narita Brian
aoi-kiryuin,Air Groove
aoi-kiryuin,Newest Scenario
aoi-kiryuin,Our Grand Concert
aoi-kiryuin,Newest Update
aoi-kiryuin,1.5-Year Anniversary
aoi-kiryuin,Support GameTora
aoi-kiryuin,Patreon
aoi-kiryuin,Popular Pages
aoi-kiryuin,1. Skill List
aoi-kiryuin,2. Character List
aoi-kiryuin,3. Support Card List
aoi-kiryuin,4. Training Event Helper
aoi-kiryuin,5. Compatibility Calculator
aoi-kiryuin,Website last updated on
aoi-kiryuin,2026-09-30
aoi-kiryuin,Discord
aoi-kiryuin,Patreon
aoi-kiryuin,Crowdin
aoi-kiryuin,"GameTora is not affiliated with the developers of Uma Musume. All the materials from the Uma Musume game are copyrights of Cygames, Inc."
aoi-kiryuin,"If you have any question or want to report inaccurate content, you can contact me on Discord ("
aoi-kiryuin,GameTora server
aoi-kiryuin,", or directly at @gertas) or send an e-mail to gametoracom@gmail.com."
aoi-kiryuin,Privacy policy
aoi-kiryuin,GameTora 2025 Christmas event game
sasami-anshinzawa,Did you know? She makes all her own clothes.
sasami-anshinzawa,Character Rate Up
sasami-anshinzawa,Vodka
sasami-anshinzawa,Daiwa Scarlet
sasami-anshinzawa,Support Rate Up
sasami-anshinzawa,Narita Brian
sasami-anshinzawa,Air Groove
sasami-anshinzawa,Newest Scenario
sasami-anshinzawa,Our Grand Concert
sasami-anshinzawa,Newest Update
sasami-anshinzawa,1.5-Year Anniversary
sasami-anshinzawa,Support GameTora
sasami-anshinzawa,Patreon
sasami-anshinzawa,Popular Pages
sasami-anshinzawa,1. Skill List
sasami-anshinzawa,2. Character List
sasami-anshinzawa,3. Support Card List
sasami-anshinzawa,4. Training Event Helper
sasami-anshinzawa,5. Compatibility Calculator
sasami-anshinzawa,Website last updated on
sasami-anshinzawa,2026-09-30
sasami-anshinzawa,Discord
sasami-anshinzawa,Patreon
sasami-anshinzawa,Crowdin
sasami-anshinzawa,"GameTora is not affiliated with the developers of Uma Musume. All the materials from the Uma Musume game are copyrights of Cygames, Inc."
sasami-anshinzawa,"If you have any question or want to report inaccurate content, you can contact me on Discord ("
sasami-anshinzawa,GameTora server
sasami-anshinzawa,", or directly at @gertas) or send an e-mail to gametoracom@gmail.com."
sasami-anshinzawa,Privacy policy
sasami-anshinzawa,GameTora 2025 Christmas event game
riko-kashimoto,"Did you know? If she has more than two cups of coffee, she won't be able to sleep all night."
riko-kashimoto,Character Rate Up
riko-kashimoto,Vodka
riko-kashimoto,Daiwa Scarlet
riko-kashimoto,Support Rate Up
riko-kashimoto,Narita Brian
riko-kashimoto,Air Groove
riko-kashimoto,Newest Scenario
riko-kashimoto,Our Grand Concert
riko-kashimoto,Newest Update
riko-kashimoto,1.5-Year Anniversary
riko-kashimoto,Support GameTora
riko-kashimoto,Patreon
riko-kashimoto,Popular Pages
riko-kashimoto,1. Skill List
riko-kashimoto,2. Character List
riko-kashimoto,3. Support Card List
riko-kashimoto,4. Training Event Helper
riko-kashimoto,5. Compatibility Calculator
riko-kashimoto,Website last updated on
riko-kashimoto,2026-09-30
riko-kashimoto,Discord
riko-kashimoto,Patreon
riko-kashimoto,Crowdin
riko-kashimoto,"GameTora is not affiliated with the developers of Uma Musume. All the materials from the Uma Musume game are copyrights of Cygames, Inc."
riko-kashimoto,"If you have any question or want to report inaccurate content, you can contact me on Discord ("
riko-kashimoto,GameTora server
riko-kashimoto,", or directly at @gertas) or send an e-mail to gametoracom@gmail.com."
riko-kashimoto,Privacy policy
riko-kashimoto,GameTora 2025 Christmas event game
beauty-anshinzawa,"Did you know? Her older sister was the first person ever to make her go ""Kyupiin!"""
beauty-anshinzawa,Character Rate Up
beauty-anshinzawa,Vodka
beauty-anshinzawa,Daiwa Scarlet
beauty-anshinzawa,Support Rate Up
beauty-anshinzawa,Narita Brian
beauty-anshinzawa,Air Groove
beauty-anshinzawa,Newest Scenario
beauty-anshinzawa,Our Grand Concert
beauty-anshinzawa,Newest Update
beauty-anshinzawa,1.5-Year Anniversary
beauty-anshinzawa,Support GameTora
beauty-anshinzawa,Patreon
beauty-anshinzawa,Popular Pages
beauty-anshinzawa,1. Skill List
beauty-anshinzawa,2. Character List
beauty-anshinzawa,3. Support Card List
beauty-anshinzawa,4. Training Event Helper
beauty-anshinzawa,5. Compatibility Calculator
beauty-anshinzawa,Website last updated on
beauty-anshinzawa,2026-09-30
beauty-anshinzawa,Discord
beauty-anshinzawa,Patreon
beauty-anshinzawa,Crowdin
beauty-anshinzawa,"GameTora is not affiliated with the developers of Uma Musume. All the materials from the Uma Musume game are copyrights of Cygames, Inc."
beauty-anshinzawa,"If you have any question or want to report inaccurate content, you can contact me on Discord ("
beauty-anshinzawa,GameTora server
beauty-anshinzawa,", or directly at @gertas) or send an e-mail to gametoracom@gmail.com."
beauty-anshinzawa,Privacy policy
beauty-anshinzawa,GameTora 2025 Christmas event game
light-hello,Did you know? Her singing voice is like her grandmother's.
light-hello,Did you know? She wears a team T-shirt she made for a Fan Fest during her school days as loungewear.
light-hello,Character Rate Up
light-hello,Vodka
light-hello,Daiwa Scarlet
light-hello,Support Rate Up
light-hello,Narita Brian
light-hello,Air Groove
light-hello,Newest Scenario
light-hello,Our Grand Concert
light-hello,Newest Update
light-hello,1.5-Year Anniversary
light-hello,Support GameTora
light-hello,Patreon
light-hello,Popular Pages
light-hello,1. Skill List
light-hello,2. Character List
light-hello,3. Support Card List
light-hello,4. Training Event Helper
light-hello,5. Compatibility Calculator
light-hello,Website last updated on
light-hello,2026-09-30
light-hello,Discord
light-hello,Patreon
light-hello,Crowdin
light-hello,"GameTora is not affiliated with the developers of Uma Musume. All the materials from the Uma Musume game are copyrights of Cygames, Inc."
light-hello,"If you have any question or want to report inaccurate content, you can contact me on Discord ("
light-hello,GameTora server
light-hello,", or directly at @gertas) or send an e-mail to gametoracom@gmail.com."
light-hello,Privacy policy
light-hello,GameTora 2025 Christmas event game
darley-arabian,Did you know? She cheers up kids who seem down by giving them piggyback rides.
darley-arabian,Character Rate Up
darley-arabian,Vodka
darley-arabian,Daiwa Scarlet
darley-arabian,Support Rate Up
darley-arabian,Narita Brian
darley-arabian,Air Groove
darley-arabian,Newest Scenario
darley-arabian,Our Grand Concert
darley-arabian,Newest Update
darley-arabian,1.5-Year Anniversary
darley-arabian,Support GameTora
darley-arabian,Patreon
darley-arabian,Popular Pages
darley-arabian,1. Skill List
darley-arabian,2. Character List
darley-arabian,3. Support Card List
darley-arabian,4. Training Event Helper
darley-arabian,5. Compatibility Calculator
darley-arabian,Website last updated on
darley-arabian,2026-09-30
darley-arabian,Discord
darley-arabian,Patreon
darley-arabian,Crowdin
darley-arabian,"GameTora is not affiliated with the developers of Uma Musume. All the materials from the Uma Musume game are copyrights of Cygames, Inc."
darley-arabian,"If you have any question or want to report inaccurate content, you can contact me on Discord ("
darley-arabian,GameTora server
darley-arabian,", or directly at @gertas) or send an e-mail to gametoracom@gmail.com."
darley-arabian,Privacy policy
darley-arabian,GameTora 2025 Christmas event game
godolphin-barb,"Did you know? She often leads animal therapy sessions (especially ones with cats), but receives the most healing benefits herself."
godolphin-barb,Character Rate Up
godolphin-barb,Vodka
godolphin-barb,Daiwa Scarlet
godolphin-barb,Support Rate Up
godolphin-barb,Narita Brian
godolphin-barb,Air Groove
godolphin-barb,Newest Scenario
godolphin-barb,Our Grand Concert
godolphin-barb,Newest Update
godolphin-barb,1.5-Year Anniversary
godolphin-barb,Support GameTora
godolphin-barb,Patreon
godolphin-barb,Popular Pages
godolphin-barb,1. Skill List
godolphin-barb,2. Character List
godolphin-barb,3. Support Card List
godolphin-barb,4. Training Event Helper
godolphin-barb,5. Compatibility Calculator
godolphin-barb,Website last updated on
godolphin-barb,2026-09-30
godolphin-barb,Discord
godolphin-barb,Patreon
godolphin-barb,Crowdin
godolphin-barb,"GameTora is not affiliated with the developers of Uma Musume. All the materials from the Uma Musume game are copyrights of Cygames, Inc."
godolphin-barb,"If you have any question or want to report inaccurate content, you can contact me on Discord ("
godolphin-barb,GameTora server
godolphin-barb,", or directly at @gertas) or send an e-mail to gametoracom@gmail.com."
godolphin-barb,Privacy policy
godolphin-barb,GameTora 2025 Christmas event game
byerley-turk,Did you know? She loves little accessories that resemble feathers or wings.
byerley-turk,Character Rate Up
byerley-turk,Vodka
byerley-turk,Daiwa Scarlet
byerley-turk,Support Rate Up
byerley-turk,Narita Brian
byerley-turk,Air Groove
byerley-turk,Newest Scenario
byerley-turk,Our Grand Concert
byerley-turk,Newest Update
byerley-turk,1.5-Year Anniversary
byerley-turk,Support GameTora
byerley-turk,Patreon
byerley-turk,Popular Pages
byerley-turk,1. Skill List
byerley-turk,2. Character List
byerley-turk,3. Support Card List
byerley-turk,4. Training Event Helper
byerley-turk,5. Compatibility Calculator
byerley-turk,Website last updated on
byerley-turk,2026-09-30
byerley-turk,Discord
byerley-turk,Patreon
byerley-turk,Crowdin
byerley-turk,"GameTora is not affiliated with the developers of Uma Musume. All the materials from the Uma Musume game are copyrights of Cygames, Inc."
byerley-turk,"If you have any question or want to report inaccurate content, you can contact me on Discord ("
byerley-turk,GameTora server
byerley-turk,", or directly at @gertas) or send an e-mail to gametoracom@gmail.com."
byerley-turk,Privacy policy
byerley-turk,GameTora 2025 Christmas event game
mei-satake,Did you know? She is incredibly good at hand-pushing sumo.
mei-satake,Character Rate Up
mei-satake,Vodka
mei-satake,Daiwa Scarlet
mei-satake,Support Rate Up
mei-satake,Narita Brian
mei-satake,Air Groove
mei-satake,Newest Scenario
mei-satake,Our Grand Concert
mei-satake,Newest Update
mei-satake,1.5-Year Anniversary
mei-satake,Support GameTora
mei-satake,Patreon
mei-satake,Popular Pages
mei-satake,1. Skill List
mei-satake,2. Character List
mei-satake,3. Support Card List
mei-satake,4. Training Event Helper
mei-satake,5. Compatibility Calculator
mei-satake,Website last updated on
mei-satake,2026-09-30
mei-satake,Discord
mei-satake,Patreon
mei-satake,Crowdin
mei-satake,"GameTora is not affiliated with the developers of Uma Musume. All the materials from the Uma Musume game are copyrights of Cygames, Inc."
mei-satake,"If you have any question or want to report inaccurate content, you can contact me on Discord ("
mei-satake,GameTora server
mei-satake,", or directly at @gertas) or send an e-mail to gametoracom@gmail.com."
mei-satake,Privacy policy
mei-satake,GameTora 2025 Christmas event game
ryoka-tsurugi,Did you know? She eats sashimi with wasabi and nothing else.
ryoka-tsurugi,Character Rate Up
ryoka-tsurugi,Vodka
ryoka-tsurugi,Daiwa Scarlet
ryoka-tsurugi,Support Rate Up
ryoka-tsurugi,Narita Brian
ryoka-tsurugi,Air Groove
ryoka-tsurugi,Newest Scenario
ryoka-tsurugi,Our Grand Concert
ryoka-tsurugi,Newest Update
ryoka-tsurugi,1.5-Year Anniversary
ryoka-tsurugi,Support GameTora
ryoka-tsurugi,Patreon
ryoka-tsurugi,Popular Pages
ryoka-tsurugi,1. Skill List
ryoka-tsurugi,2. Character List
ryoka-tsurugi,3. Support Card List
ryoka-tsurugi,4. Training Event Helper
ryoka-tsurugi,5. Compatibility Calculator
ryoka-tsurugi,Website last updated on
ryoka-tsurugi,2026-09-30
ryoka-tsurugi,Discord
ryoka-tsurugi,Patreon
ryoka-tsurugi,Crowdin
ryoka-tsurugi,"GameTora is not affiliated with the developers of Uma Musume. All the materials from the Uma Musume game are copyrights of Cygames, Inc."
ryoka-tsurugi,"If you have any question or want to report inaccurate content, you can contact me on Discord ("
ryoka-tsurugi,GameTora server
ryoka-tsurugi,", or directly at @gertas) or send an e-mail to gametoracom@gmail.com."
ryoka-tsurugi,Privacy policy
ryoka-tsurugi,GameTora 2025 Christmas event game
sugar-lights,Did you know? She likes shopping online but is terrible at it.
sugar-lights,Character Rate Up
sugar-lights,Vodka
sugar-lights,Daiwa Scarlet
sugar-lights,Support Rate Up
sugar-lights,Narita Brian
sugar-lights,Air Groove
sugar-lights,Newest Scenario
sugar-lights,Our Grand Concert
sugar-lights,Newest Update
sugar-lights,1.5-Year Anniversary
sugar-lights,Support GameTora
sugar-lights,Patreon
sugar-lights,Popular Pages
sugar-lights,1. Skill List
sugar-lights,2. Character List
sugar-lights,3. Support Card List
sugar-lights,4. Training Event Helper
sugar-lights,5. Compatibility Calculator
sugar-lights,Website last updated on
sugar-lights,2026-09-30
sugar-lights,Discord
sugar-lights,Patreon
sugar-lights,Crowdin
sugar-lights,"GameTora is not affiliated with the developers of Uma Musume. All the materials from the Uma Musume game are copyrights of Cygames, Inc."
sugar-lights,"If you have any question or want to report inaccurate content, you can contact me on Discord ("
sugar-lights,GameTora server
sugar-lights,", or directly at @gertas) or send an e-mail to gametoracom@gmail.com."
sugar-lights,Privacy policy
sugar-lights,GameTora 2025 Christmas event game
st-lite,Did you know? She is a master of iaido.
st-lite,Character Rate Up
st-lite,Vodka
st-lite,Daiwa Scarlet
st-lite,Support Rate Up
st-lite,Narita Brian
st-lite,Air Groove
st-lite,Newest Scenario
st-lite,Our Grand Concert
st-lite,Newest Update
st-lite,1.5-Year Anniversary
st-lite,Support GameTora
st-lite,Patreon
st-lite,Popular Pages
st-lite,1. Skill List
st-lite,2. Character List
st-lite,3. Support Card List
st-lite,4. Training Event Helper
st-lite,5. Compatibility Calculator
st-lite,Website last updated on
st-lite,2026-09-30
st-lite,Discord
st-lite,Patreon
st-lite,Crowdin
st-lite,"GameTora is not affiliated with the developers of Uma Musume. All the materials from the Uma Musume game are copyrights of Cygames, Inc."
st-lite,"If you have any question or want to report inaccurate content, you can contact me on Discord ("
st-lite,GameTora server
st-lite,", or directly at @gertas) or send an e-mail to gametoracom@gmail.com."
st-lite,Privacy policy
st-lite,GameTora 2025 Christmas event game
speed-symboli,"Did you know? During her racing career, she would often be moved to tears after crossing the finish line."
speed-symboli,Character Rate Up
speed-symboli,Vodka
speed-symboli,Daiwa Scarlet
speed-symboli,Support Rate Up
speed-symboli,Narita Brian
speed-symboli,Air Groove
speed-symboli,Newest Scenario
speed-symboli,Our Grand Concert
speed-symboli,Newest Update
speed-symboli,1.5-Year Anniversary
speed-symboli,Support GameTora
speed-symboli,Patreon
speed-symboli,Popular Pages
speed-symboli,1. Skill List
speed-symboli,2. Character List
speed-symboli,3. Support Card List
speed-symboli,4. Training Event Helper
speed-symboli,5. Compatibility Calculator
speed-symboli,Website last updated on
speed-symboli,2026-09-30
speed-symboli,Discord
speed-symboli,Patreon
speed-symboli,Crowdin
speed-symboli,"GameTora is not affiliated with the developers of Uma Musume. All the materials from the Uma Musume game are copyrights of Cygames, Inc."
speed-symboli,"If you have any question or want to report inaccurate content, you can contact me on Discord ("
speed-symboli,GameTora server
speed-symboli,", or directly at @gertas) or send an e-mail to gametoracom@gmail.com."
speed-symboli,Privacy policy
speed-symboli,GameTora 2025 Christmas event game
haiseiko,Did you know? Her go-to meal before a big event is a garlic dish. (This is just between us. ♪)
haiseiko,Character Rate Up
haiseiko,Vodka
haiseiko,Daiwa Scarlet
haiseiko,Support Rate Up
haiseiko,Narita Brian
haiseiko,Air Groove
haiseiko,Newest Scenario
haiseiko,Our Grand Concert
haiseiko,Newest Update
haiseiko,1.5-Year Anniversary
haiseiko,Support GameTora
haiseiko,Patreon
haiseiko,Popular Pages
haiseiko,1. Skill List
haiseiko,2. Character List
haiseiko,3. Support Card List
haiseiko,4. Training Event Helper
haiseiko,5. Compatibility Calculator
haiseiko,Website last updated on
haiseiko,2026-09-30
haiseiko,Discord
haiseiko,Patreon
haiseiko,Crowdin
haiseiko,"GameTora is not affiliated with the developers of Uma Musume. All the materials from the Uma Musume game are copyrights of Cygames, Inc."
haiseiko,"If you have any question or want to report inaccurate content, you can contact me on Discord ("
haiseiko,GameTora server
haiseiko,", or directly at @gertas) or send an e-mail to gametoracom@gmail.com."
haiseiko,Privacy policy
haiseiko,GameTora 2025 Christmas event game
tucker-bryne,Did you know? She tried wearing contact lenses but gave up.
tucker-bryne,Character Rate Up
tucker-bryne,Vodka
tucker-bryne,Daiwa Scarlet
tucker-bryne,Support Rate Up
tucker-bryne,Narita Brian
tucker-bryne,Air Groove
tucker-bryne,Newest Scenario
tucker-bryne,Our Grand Concert
tucker-bryne,Newest Update
tucker-bryne,1.5-Year Anniversary
tucker-bryne,Support GameTora
tucker-bryne,Patreon
tucker-bryne,Popular Pages
tucker-bryne,1. Skill List
tucker-bryne,2. Character List
tucker-bryne,3. Support Card List
tucker-bryne,4. Training Event Helper
tucker-bryne,5. Compatibility Calculator
tucker-bryne,Website last updated on
tucker-bryne,2026-09-30
tucker-bryne,Discord
tucker-bryne,Patreon
tucker-bryne,Crowdin
tucker-bryne,"GameTora is not affiliated with the developers of Uma Musume. All the materials from the Uma Musume game are copyrights of Cygames, Inc."
tucker-bryne,"If you have any question or want to report inaccurate content, you can contact me on Discord ("
tucker-bryne,GameTora server
tucker-bryne,", or directly at @gertas) or send an e-mail to gametoracom@gmail.com."
tucker-bryne,Privacy policy
tucker-bryne,GameTora 2025 Christmas event game
kiyoko-hoshina,Did you know? She attends a hula class once a week.
kiyoko-hoshina,Character Rate Up
kiyoko-hoshina,Vodka
kiyoko-hoshina,Daiwa Scarlet
kiyoko-hoshina,Support Rate Up
kiyoko-hoshina,Narita Brian
kiyoko-hoshina,Air Groove
kiyoko-hoshina,Newest Scenario
kiyoko-hoshina,Our Grand Concert
kiyoko-hoshina,Newest Update
kiyoko-hoshina,1.5-Year Anniversary
kiyoko-hoshina,Support GameTora
kiyoko-hoshina,Patreon
kiyoko-hoshina,Popular Pages
kiyoko-hoshina,1. Skill List
kiyoko-hoshina,2. Character List
kiyoko-hoshina,3. Support Card List
kiyoko-hoshina,4. Training Event Helper
kiyoko-hoshina,5. Compatibility Calculator
kiyoko-hoshina,Website last updated on
kiyoko-hoshina,2026-09-30
kiyoko-hoshina,Discord
kiyoko-hoshina,Patreon
kiyoko-hoshina,Crowdin
kiyoko-hoshina,"GameTora is not affiliated with the developers of Uma Musume. All the materials from the Uma Musume game are copyrights of Cygames, Inc."
kiyoko-hoshina,"If you have any question or want to report inaccurate content, you can contact me on Discord ("
kiyoko-hoshina,GameTora server
kiyoko-hoshina,", or directly at @gertas) or send an e-mail to gametoracom@gmail.com."
kiyoko-hoshina,Privacy policy
kiyoko-hoshina,GameTora 2025 Christmas event game
yunohana-bloom,Did you know? She starts looking forward to the year-end comedy competition months in advance.
yunohana-bloom,Character Rate Up
yunohana-bloom,Vodka
yunohana-bloom,Daiwa Scarlet
yunohana-bloom,Support Rate Up
yunohana-bloom,Narita Brian
yunohana-bloom,Air Groove
yunohana-bloom,Newest Scenario
yunohana-bloom,Our Grand Concert
yunohana-bloom,Newest Update
yunohana-bloom,1.5-Year Anniversary
yunohana-bloom,Support GameTora
yunohana-bloom,Patreon
yunohana-bloom,Popular Pages
yunohana-bloom,1. Skill List
yunohana-bloom,2. Character List
yunohana-bloom,3. Support Card List
yunohana-bloom,4. Training Event Helper
yunohana-bloom,5. Compatibility Calculator
yunohana-bloom,Website last updated on
yunohana-bloom,2026-09-30
yunohana-bloom,Discord
yunohana-bloom,Patreon
yunohana-bloom,Crowdin
yunohana-bloom,"GameTora is not affiliated with the developers of Uma Musume. All the materials from the Uma Musume game are copyrights of Cygames, Inc."
yunohana-bloom,"If you have any question or want to report inaccurate content, you can contact me on Discord ("
yunohana-bloom,GameTora server
yunohana-bloom,", or directly at @gertas) or send an e-mail to gametoracom@gmail.com."
yunohana-bloom,Privacy policy
yunohana-bloom,GameTora 2025 Christmas event game
