scenario_id,scenario_slug,char_id,name,url_name,image,image_dir,sort_order
1,ura-finals,9004,Aoi Kiryuin,aoi-kiryuin,8.png,scenarios_guide/ura_finale,1
2,unity-cup,1010,Taiki Shuttle,taiki-shuttle,18.png,scenarios_guide/unity,1
2,unity-cup,1030,Rice Shower,rice-shower,19.png,scenarios_guide/unity,2
2,unity-cup,1052,Haru Urara,haru-urara,20.png,scenarios_guide/unity,3
2,unity-cup,1056,Matikanefukukitaru,matikanefukukitaru,21.png,scenarios_guide/unity,4
2,unity-cup,9006,Riko Kashimoto,riko-kashimoto,22.png,scenarios_guide/unity,5
3,our-grand-concert,1046,Smart Falcon,smart-falcon,42.png,scenarios_guide/GrandLive,1
3,our-grand-concert,1032,Agnes Tachyon,agnes-tachyon,43.png,scenarios_guide/GrandLive,2
3,our-grand-concert,1002,Silence Suzuka,silence-suzuka,44.png,scenarios_guide/GrandLive,3
3,our-grand-concert,1026,Mihono Bourbon,mihono-bourbon,45.png,scenarios_guide/GrandLive,4
3,our-grand-concert,9008,Light Hello,light-hello,46.png,scenarios_guide/GrandLive,5
5,grand-masters,9040,Darley Arabian,darley-arabian,darley-arabian.png,scenario_chars,1
6,project-larc,1007,Gold Ship,gold-ship,gold-ship.png,scenario_chars,1
6,project-larc,1014,El Condor Pasa,el-condor-pasa,el-condor-pasa.png,scenario_chars,2
6,project-larc,1025,Manhattan Cafe,manhattan-cafe,manhattan-cafe.png,scenario_chars,3
6,project-larc,1049,Nakayama Festa,nakayama-festa,nakayama-festa.png,scenario_chars,4
6,project-larc,1067,Satono Diamond,satono-diamond,satono-diamond.png,scenario_chars,5
6,project-larc,1070,Sirius Symboli,sirius-symboli,sirius-symboli.png,scenario_chars,6
6,project-larc,1107,Tap Dance City,tap-dance-city,tap-dance-city.png,scenario_chars,7
6,project-larc,1115,Orfevre,orfevre,orfevre.png,scenario_chars,8
6,project-larc,1128,Blast Onepiece,blast-onepiece,blast-onepiece.png,scenario_chars,9
6,project-larc,1133,Chrono Genesis,chrono-genesis,chrono-genesis.png,scenario_chars,10
6,project-larc,1137,Kiseki,kiseki,kiseki.png,scenario_chars,11
6,project-larc,1143,Victoire Pisa,victoire-pisa,victoire-pisa.png,scenario_chars,12
6,project-larc,9043,Mei Satake,mei-satake,mei-satake.png,scenario_chars,13
7,uaf,1035,Winning Ticket,winning-ticket,winning-ticket.png,scenario_chars,1
7,uaf,1027,Mejiro Ryan,mejiro-ryan,mejiro-ryan.png,scenario_chars,2
7,uaf,1072,Yaeno Muteki,yaeno-muteki,yaeno-muteki.png,scenario_chars,3
7,uaf,1077,Narita Top Road,narita-top-road,narita-top-road.png,scenario_chars,4
7,uaf,1048,Tosen Jordan,tosen-jordan,tosen-jordan.png,scenario_chars,5
7,uaf,9044,Ryoka Tsurugi,ryoka-tsurugi,ryoka-tsurugi.png,scenario_chars,6
8,great-food-festival,1001,Special Week,special-week,special-week.png,scenario_chars,1
8,great-food-festival,1028,Hishi Akebono,hishi-akebono,hishi-akebono.png,scenario_chars,2
8,great-food-festival,1030,Rice Shower,rice-shower,rice-shower.png,scenario_chars,3
8,great-food-festival,1051,Nishino Flower,nishino-flower,nishino-flower.png,scenario_chars,4
8,great-food-festival,1104,Katsuragi Ace,katsuragi-ace,katsuragi-ace.png,scenario_chars,5
8,great-food-festival,9002,Yayoi Akikawa,yayoi-akikawa,yayoi-akikawa.png,scenario_chars,6
9,run-mecha-umamusume,1023,Biwa Hayahide,biwa-hayahide,biwa-hayahide.png,scenario_chars,1
9,run-mecha-umamusume,1050,Narita Taishin,narita-taishin,narita-taishin.png,scenario_chars,2
9,run-mecha-umamusume,1036,Air Shakur,air-shakur,air-shakur.png,scenario_chars,3
9,run-mecha-umamusume,1083,Symboli Kris S,symboli-kris-s,symboli-kris-s.png,scenario_chars,4
9,run-mecha-umamusume,1084,Tanino Gimlet,tanino-gimlet,tanino-gimlet.png,scenario_chars,5
10,the-twinkle-legends,1046,Smart Falcon,smart-falcon,smart-falcon.png,scenario_chars,1
10,the-twinkle-legends,1070,Sirius Symboli,sirius-symboli,sirius-symboli.png,scenario_chars,2
10,the-twinkle-legends,1086,Mejiro Ramonu,mejiro-ramonu,mejiro-ramonu.png,scenario_chars,3
10,the-twinkle-legends,1115,Orfevre,orfevre,orfevre.png,scenario_chars,4
10,the-twinkle-legends,1116,Gentildonna,gentildonna,gentildonna.png,scenario_chars,5
10,the-twinkle-legends,9047,Speed Symboli,speed-symboli,speed-symboli.png,scenario_chars,6
11,design-your-island,1021,Tamamo Cross,tamamo-cross,tamamo-cross.png,scenario_chars,1
11,design-your-island,1027,Mejiro Ryan,mejiro-ryan,mejiro-ryan.png,scenario_chars,2
11,design-your-island,1031,Ines Fujin,ines-fujin,ines-fujin.png,scenario_chars,3
11,design-your-island,1040,Gold City,gold-city,gold-city.png,scenario_chars,4
11,design-your-island,1069,Sakura Chiyono O,sakura-chiyono-o,sakura-chiyono-o.png,scenario_chars,5
11,design-your-island,9049,Tucker Bryne,tucker-bryne,tucker-bryne.png,scenario_chars,6
12,yukoma-hot-springs,1003,Tokai Teio,tokai-teio,tokai-teio.png,scenario_chars,1
12,yukoma-hot-springs,1026,Mihono Bourbon,mihono-bourbon,mihono-bourbon.png,scenario_chars,2
12,yukoma-hot-springs,1080,Transcend,transcend,transcend.png,scenario_chars,3
12,yukoma-hot-springs,1099,Hokko Tarumae,hokko-tarumae,hokko-tarumae.png,scenario_chars,4
12,yukoma-hot-springs,1100,Wonder Acute,wonder-acute,wonder-acute.png,scenario_chars,5
12,yukoma-hot-springs,9050,Kiyoko Hoshina,kiyoko-hoshina,kiyoko-hoshina.png,scenario_chars,6
13,beyond-dreams,1081,Espoir City,espoir-city,espoir-city.png,scenario_chars,1
13,beyond-dreams,1132,Loves Only You,loves-only-you,loves-only-you.png,scenario_chars,2
13,beyond-dreams,1136,Red Desire,red-desire,red-desire.png,scenario_chars,3
13,beyond-dreams,1138,Forever Young,forever-young,forever-young.png,scenario_chars,4
13,beyond-dreams,1139,Casino Drive,casino-drive,casino-drive.png,scenario_chars,5
13,beyond-dreams,1140,Marche Lorraine,marche-lorraine,marche-lorraine.png,scenario_chars,6
14,tracen-ken,1022,Fine Motion,fine-motion,fine-motion.png,scenario_chars,1
14,tracen-ken,1058,Meisho Doto,meisho-doto,meisho-doto.png,scenario_chars,2
14,tracen-ken,1060,Nice Nature,nice-nature,nice-nature.png,scenario_chars,3
14,tracen-ken,1077,Narita Top Road,narita-top-road,narita-top-road.png,scenario_chars,4
14,tracen-ken,1120,Calstone Light O,calstone-light-o,calstone-light-o.png,scenario_chars,5
14,tracen-ken,9001,Tazuna Hayakawa,tazuna-hayakawa,tazuna-hayakawa.png,scenario_chars,6
14,tracen-ken,9008,Light Hello,light-hello,light-hello.png,scenario_chars,7
