id,slug,name,name_full,name_ja,order,bg_color,release_date,secret_events,cap_speed,cap_stamina,cap_power,cap_guts,cap_wit,image,is_current
1,ura-finals,Ura Finale,The Beginning: URA Finale,新設！URAファイナルズ,1,9CD127,2025-06-26,Available,1400,1400,1400,1400,1400,scenario_1.png,1
2,unity-cup,Unity Cup,"Unity Cup: Shine On, Team Spirit!",アオハル杯～輝け、チームの絆～,2,18B1FF,2025-11-06,Available,1300,1300,1300,1300,1800,scenario_2.png,1
4,trackblazer,Trackblazer,Trackblazer: Start of the Climax,Make a new track!!～クライマックス開幕～,3,EABA00,2026-03-12,Available,1200,1900,1200,1200,1500,scenario_4.png,1
3,our-grand-concert,Brighter Together Our Grand Concert,Brighter Together Our Grand Concert,つなげ、照らせ、ひかれ。私たちのグランドライブ,4,B08FFF,2026-07-22,Available,1600,1300,1300,1500,1300,scenario_3.png,1
5,grand-masters,Grandmasters Legacies Immortal,Grandmasters Legacies Immortal,グランドマスターズ-継ぐ者達へ-,5,fb5f5f,~Dec 2026,Available,1500,1400,1500,1300,1300,scenario_5.png,0
6,project-larc,,,Reach for the starsプロジェクトL'Arc,6,4B84F4,,Available,2000,2000,2000,2000,2000,scenario_6.png,0
7,uaf,,,U.A.F. Ready GO! ～アスリートのキラメキ～,7,fc6625,,Available,2000,2000,2000,2000,2000,scenario_7.png,0
8,great-food-festival,,,収穫ッ！満腹ッ！大豊食祭,8,22C74A,,Available,2000,2000,2000,2000,2000,scenario_8.png,0
9,run-mecha-umamusume,,,走れ！メカウマ娘-夢繋ぐ発明-,9,0ce2d6,,Available,2000,2000,2000,2000,2000,scenario_9.png,0
10,the-twinkle-legends,,,The Twinkle Legends,10,D0C36B,,Available,2000,2000,2000,2000,2000,scenario_10.png,0
11,design-your-island,,,無人島へようこそ-DESIGN YOUR ISLAND-,11,D9733C,,Available,2000,2000,2000,2000,2000,scenario_11.png,0
12,yukoma-hot-springs,,,ごくらく♪ゆこま温泉郷,12,FFAD01,,Available,2000,2000,2000,2000,2000,scenario_12.png,0
13,beyond-dreams,,,Beyond Dreams共に前へ、共に光を,13,8568d7,,Available,2500,2500,2500,2500,2500,scenario_13.png,0
14,tracen-ken,,,らっしゃい！トレセン軒！～恩返し、始めました～,14,F9684B,,Available,2500,2500,2500,2500,2500,scenario_14.png,0
