sort_order,block_type,heading_id,heading,text,image,image_max,table_headers,table_rows,nest_level
1,intro,,,"The Unity Cup was once a traditional team competition at Tracen Academy. However, the tides of time have not been kind to this event, as it hasn't been held in a long time...",,,,,
2,intro,,,"At least until now. At the request of the students, the Unity Cup is to be revived, and Umamusume who were once rivals will join hands in this exciting competition!",,,,,
3,intro,,,"At the same time, Chairman Akikawa has been called away on a long-term business trip overseas. The strict-looking URA executive, Riko Kashimoto, has been appointed as the acting chairman. Dark clouds begin to gather over the Tracen Academy...",,,,,
4,image,,,Unity Cup banner,1.png,100%,,,
5,update_box_start,,Unity Cup Scenario Update,,,,,,
6,paragraph,,,"The scenario was updated on July 1, 2026 (Global server), expanding existing features and adding new mechanics. On JP, this update went live on January 20, 2023.",,,,,
7,paragraph,,,Here are the most important changes:,,,,,
8,list_item,,,"Stats gained from Unity Training and Spirit Burst increased, additional energy cost removed, and increased frequency of unity training",,,,,
9,list_item,,,New Spirit Bursts: Extreme Spirit Bursts (極・アオハル魂爆発),,,,,
10,list_item_nested,,,Can be triggered for each member once after their normal Spirit Burst,,,,,1
11,list_item_nested,,,"Will improve member's stats and their stat caps, as well as your character's stats",,,,,1
12,list_item_nested,,,"Gives a skill hint for the Unity Cup ""Ignited"" skill of the facility it was triggered on",,,,,1
13,list_item_nested,,,Will reduce the failure chance of the current training to 0%,,,,,1
14,list_item,,,Unity Cup team races now allow the usage of Alarm Clocks on loss,,,,,
15,list_item,,,"Hints gained from Spirit Bursts are now selected from the support card's hint pool (R card pool of the character for NPCs, random aptitude-based hint for cards without hints)",,,,,
16,list_item,,,Elite teams (強豪チーム) during the 4th Unity Cup team race,,,,,
17,list_item_nested,,,"Can appear if your league rank is at least 10, your team rank is at least A, and you have triggered at least one Extreme Spirit Burst",,,,,1
18,list_item_nested,,,Winning grants additional stats and allows facing a strengthened team Zenith in the Unity Cup finals,,,,,1
19,list_item_nested,,,Are indicated by a purple background and a team name based on Greek gods,,,,,1
20,list_item,,,Strengthened team Zenith in the Unity Cup finals,,,,,
21,list_item_nested,,,Will show up if you defeat the elite team in the fourth Unity Cup team race,,,,,1
22,list_item_nested,,,"Beating this team will grant extra stats and make it easier to get the Unity Cup scenario factor at the end of the run, and allows you to get ""+"" versions of the Unity Cup scenario skill factors",,,,,1
23,list_item_nested,,,Indicated by blue instead of red flames in the screen before the race,,,,,1
24,list_item,,,Team rank S+,,,,,
25,update_box_end,,,,,,,,
26,image,,,Story scene,2.png,100%,,,
27,heading,basic-info,Basic information,,,,,,
28,paragraph,,,"**Unity Cup** (also called **Aoharu Hai** outside of the Global server) is an Umamusume career scenario released on November 6, 2025 (August 30, 2021 on JP). The scenario was updated with several mechanics changes and balance tweaks on July 1, 2026 (January 20, 2023 on JP). After *URA Finals*, it's the second permanent scenario added to the game.",,,,,
29,paragraph,,,"As it builds on many of the mechanics from URA Finals, this article assumes you know the basics of playing the game.",,,,,
30,paragraph,,,"Unlike the URA Finals, where you only focus on training one character, the Unity Cup focuses heavily on team tournaments instead. So your trainee won't be the only one you'll be cheering on!",,,,,
31,paragraph,,,"Unity Cup can be selected in the main Career menu, before choosing your trainee. You can switch freely between Unity Cup and URA Finals before every training session.",,,,,
32,subheading,new-story,New Story Characters,,,,,,
33,paragraph,,,"In the final Unity Cup race, you will compete against your rival team called Zenith (""First"" on JP), which was founded by the acting chairman, Riko Kashimoto (Romi Park).",,,,,
34,paragraph,,,"Her team will consist of Uma Musume original characters, including Little Cocon (Saho Shirasu, on the left) and Bitter Glasse (Aino Shimada, on the right).",,,,,
35,image,,,Little Cocon / Zenith / Bitter Glasse,3.png,100%,,,
36,heading,differences,Differences between the Unity Cup and URA modes,,,,,,
37,paragraph,,,"For the most part, you can think of Unity Cup as URA Finals with an extra sprinkle on top. The schedule is mostly the same, as are objectives and optional races, and you will even do the three Finals races at the end of the career.",,,,,
38,paragraph,,,"There are new mechanics added to this mode though, and basically all of them revolve around team racing, more specifically to the Unity Cup.",,,,,
39,paragraph,,,"*Unity Cup* is a team competition that will happen once every six months of a career. It's very similar to the Team Trials, and you will be doing five races in each of the tournaments. It's important to pay attention not only to your main character but to the entire team.",,,,,
40,image,,,Team celebration,4.png,720px,,,
41,image,,,Team race result,5.png,720px,,,
42,paragraph,,,"Another important difference is that your training facility level does not increase by simply using it as before, but it's now tied to your overall team rank.",,,,,
43,paragraph,,,"Unity Cup will be your Career mode of choice for aces. However, it takes slightly longer on average, which can sometimes make URA Finals a better choice for inheritance or fan farming.",,,,,
44,subheading,race-spark,Scenario Race Spark,,,,,,
45,paragraph,,,"As you probably know, the URA Scenario has its very own (and very strong) race spark that can be randomly obtained after winning the finals, giving speed and stamina on successful inheritance.",,,,,
46,paragraph,,,"The Unity Cup Scenario also has its own spark, called simply Unity Cup (アオハル杯シナリオ), which grants extra **power and wisdom**.",,,,,
47,subheading,stat-caps,Stat Caps,,,,,,
48,paragraph,,,The Unity Cup scenario has the following base stat caps:,,,,,
49,table,,,,,,Stat|Cap,Speed|1300;;Stamina|1300;;Power|1300;;Guts|1300;;Wisdom|1800,
50,subheading,base-training,Base Training Values,,,,,,
51,paragraph,,,"These are the base training values for the Unity Cup scenario. Meaning that training at the specified facility, without any support cards present and without accounting for character growth rate bonuses, will yield the following stats at facility level 1.",,,,,
52,paragraph,,,Global server:,,,,,
53,table,,,,,,Facility|Stat Gains|Energy,"Speed|+8 Speed, +4 Power, +2 SP|-19;;Stamina|+7 Stamina, +3 Guts, +2 SP|-17;;Power|+4 Stamina, +6 Power, +2 SP|-18;;Guts|+3 Speed, +3 Power, +6 Guts, +2 SP|-20;;Wisdom|+2 Speed, +6 Wisdom, +3 SP|+5",
54,paragraph,,,"On the Japanese server, the values were changed during the 2023 update:",,,,,
55,table,,,,,,Facility|Stat gains|Energy,"Speed|+8 Speed, +4 Power, +4 SP|-19;;Stamina|+8 Stamina, +6 Guts, +4 SP|-20;;Power|+4 Stamina, +9 Power, +4 SP|-20;;Guts|+3 Speed, +3 Power, +6 Guts, +4 SP|-20;;Wisdom|+2 Speed, +6 Wisdom, +5 SP|+5",
56,subheading,unique-skill,Unique Skill Level-ups,,,,,,
57,paragraph,,,"The mechanic for leveling up unique skills in the Unity Cup scenario is almost identical to URA Finals. That means getting 60.000 fans by Valentine's Day (Early February), 70.000 fans by Early April, and 120.000 fans by Christmas (Late December) of the Senior year (the third year).",,,,,
58,paragraph,,,"These values are 40.000, 60.000, and 80.000, respectively, for characters with high dirt aptitude but low turf aptitude (such as [[char:haru_urara|Haru Urara]] or [[char:smart_falcon|Smart Falcon]]).",,,,,
59,paragraph,,,"Because Chairman Akikawa is not present in this scenario, the April level-up does not require a green bond gauge with anyone.",,,,,
60,heading,mechanics,Unity Cup mechanics,,,,,,
61,paragraph,,,This section will describe the new mechanics from Unity Cup in detail.,,,,,
62,paragraph,,,There's also an in-game event with Tazuna which serves as a tutorial a few turns into the run.,,,,,
63,image,,,Tazuna tutorial,6.png,520px,,,
64,subheading,gathering,Gathering team members,,,,,,
65,paragraph,,,"Of course, what a team competition needs most is team members. Thankfully these are not hard to come by during the Unity Cup.",,,,,
66,paragraph,,,Your team will consist of:,,,,,
67,list_item,,,"Supports from your deck (excluding Pals),",,,,,
68,list_item,,,"the story characters [[char:haru_urara|Haru Urara]], [[char:rice_shower|Rice Shower]], [[char:matikanefukukitaru|Matikanefukukitaru]], and [[char:taiki_shuttle|Taiki Shuttle]],",,,,,
69,list_item,,,and several random characters who will join later.,,,,,
70,image,,,Team members join,7.png,560px,,,
71,paragraph,,,"While the story characters will join your team relatively close to the start of a run, a few random characters will join your team after each half-yearly Unity Cup race.",,,,,
72,paragraph,,,"However, the only team members with a bond gauge will still be your support cards. The other team members do not have gauges, and cannot participate in friendship (rainbow) trainings. They can still participate in Unity Cup Special Training and Spirit Burst, explained below.",,,,,
73,subheading,team-races,Unity Cup Team Races,,,,,,
74,paragraph,,,"Every six months of your journey, you will face a set of races similar to the Team Trials (the ""default"" PvP mode). You can see how many more turns are left until the next set below the standard objective timer.",,,,,
75,image,,,Turns until Unity Cup,8.png,280px,,,
76,paragraph,,,"In the Unity Cup, you won't be facing teams of other players, but you'll choose from one of three NPC teams, with the topmost being the strongest and the lowest being the weakest. Depending on which of these you choose, your own team's league rank can be raised further.",,,,,
77,paragraph,,,"When the time has come for your first team race, you will be met with a dialogue telling you that your team has been automatically formed from your team members and will also be updated automatically for each Unity Cup team race you encounter.",,,,,
78,image,,,Auto formation,9.png,720px,,,
79,paragraph,,,"If you want to disable the dialogue for the current run, there is a button for that on the bottom left of the team menu. In this same menu, you can also assemble groups of three for Short, Mile, Medium, Long and Dirt races, just like the Team Trials.",,,,,
80,image,,,Team composition,10.png,720px,,,
81,paragraph,,,"Similar to your trainee, the other characters will all possess their own Speed, Stamina, Power, Guts, and Wisdom, and will be given a rank based on the average of their stats. The stats and rank can be raised by performing Unity Cup Special Training with the characters.",,,,,
82,paragraph,,,The initial and maximum values are NOT dependent on the level or limit break of the support card.,,,,,
83,image,,,Support card stats,11.png,720px,,,
84,paragraph,,,"For the race itself, you can select one of the three NPC teams. On the bottom right is the league rank that you will rise to if you can beat them (i.e., win at least three of the five races). On the JP server, you can use an Alarm Clock if you lose, but this function was not available at the launch of the career.",,,,,
85,paragraph,,,"Tazuna will also give you an overview of your chances of beating the selected team in each of the respective disciplines. Be aware that your league rank will decrease if you lose, so take this as an indicator of who to pick as your opponent. To be generally on the safe side, you want to see at least three circles in total here.",,,,,
86,paragraph,,,"After confirming, you will enter the team race menu and begin to race. The pink button on the left allows you to view the main race (the one with your trainee in it) in full, while the right button only shows you the results for all five races. You cannot view the non-main races.",,,,,
87,paragraph,,,"Each Unity Cup team race ends with a summary of your result and a few new random characters joining your team, to be used in following status trainings and other team races.",,,,,
88,subheading,special-training,Special Training,,,,,,
89,paragraph,,,"In the URA scenario, the only characters that can appear in a training are your support cards and the story characters. In the Unity Cup scenario, all your team members can show up.",,,,,
90,paragraph,,,"Sometimes, your team members (including your support cards) will have a white flame icon in the top right corner. That means that they're available for the Special Training.",,,,,
91,image,,,Special Training icon,12.png,220px,,,
92,paragraph,,,"If you do the training with them (while they have the icon), the team member's spirit gauge will increase, and they will gain some stats. The stat increase will happen in all categories, but an extra bonus will be given to the specializations of the facility you did the training in (for example, doing speed training will yield extra Speed and Power).",,,,,
93,paragraph,,,"Stats are crucial for improving their personal abilities for the league races (and raising your overall team level), and the Spirit gauge is used to trigger the Spirit Burst.",,,,,
94,subheading,trainee-stat-gains,Trainee Stat Gains,,,,,,
95,paragraph,,,"If there are at least two white flames on any training, doing that training will also yield additional stats and skill points for your trainee, while increasing the energy cost.",,,,,
96,paragraph,,,"The values of the stats gained is determined by the number of flames and the type of training, and can be found in the table below. Scenario-linked support cards provide an additional +1 to every stat gained from Special Training when they participate in this training. Spirit Bursts (see below) also count as Special Training.",,,,,
97,paragraph,,,"For Speed, Stamina, and Power:",,,,,
98,table,,,,,,# of flames|Primary stat|Secondary stat|Skill points,2|2|0|1;;3|4|1|3;;4|6|3|5;;5|10|5|7,
99,paragraph,,,For Guts:,,,,,
100,table,,,,,,# of flames|Guts|Speed|Power|Skill points,2|2|0|0|1;;3|4|1|1|3;;4|6|2|2|5;;5|10|3|3|7,
101,paragraph,,,For Wit:,,,,,
102,table,,,,,,# of flames|Wit|Speed|Skill points,2|1|0|0;;3|2|0|2;;4|4|1|4;;5|6|2|6,
103,note,,,"For the purposes of the bonus stats from scenario-linked support cards, the stats gained from Spirit Bursts and Special Training are considered separately. This means that if you are gaining a stat from a Spirit Burst, but not from Special Training, it will not be increased by a scenario-linked support card.",,,,,
104,paragraph,,,"**Example:** Yukino Bijin and Kitasan Black support cards are in the Guts facility together. Both are participating in Special Training. The total stat gain is +2 guts. If a third card, Haru Urara, also shows up, the stat gain would normally increase to +2 guts, +1 speed, +1 power and +1 skill point. However, because Haru Urara is scenario-linked, she further increases each of these by 1, for a total gain of +3 guts, +2 speed, +2 power and +2 skill points.",,,,,
105,subheading,spirit-burst,Spirit Burst,,,,,,
106,paragraph,,,"When a team member's spirit gauge is full, the next Special Training with them will unleash a Spirit Burst.",,,,,
107,image,,,Spirit Burst icon,13.png,220px,,,
108,paragraph,,,Spirit Bursts will give you three things:,,,,,
109,list_item,,,a big stat boost to the team member,,,,,
110,list_item,,,a moderate stat boost to your trainee,,,,,
111,list_item,,,a random skill hint for your trainee,,,,,
112,paragraph,,,"The skill hint will be selected from the support card's hint pool (using the R card for teammates that are not in your deck). If there are no available hints left in the support card's pool, it will instead give you a random hint based on your trainee's A aptitudes.",,,,,
113,paragraph,,,"The hint level gained from a spirit burst is [support card's hint bonus + 2], so it will always be at least 2. For scenario-linked support cards, this hint level is further increased by 1.",,,,,
114,paragraph,,,The stat boosts will depend on where the Spirit Burst was triggered. You don't have to trigger it at the first opportunity and can save the explosion for when the team member is in a more desirable training facility.,,,,,
115,paragraph,,,"All the explosions are additive with each other, meaning you don't get any extra bonuses for doing 2 or more simultaneously.",,,,,
116,paragraph,,,Doing a Spirit Burst on a Wit training will also increase the energy recovery by 5.,,,,,
117,subheading,spirit-burst-bonus,Spirit Burst Bonus Values,,,,,,
118,paragraph,,,"The amount of stats gained from a Spirit Burst is based on the training type, and has the following values:",,,,,
119,table,,,,,,Training type|Speed|Stamina|Power|Guts|Wit|Skill points,Speed|15||7|||5;;Stamina||15||7||5;;Power||7|15|||5;;Guts|3||3|15||5;;Wit|2||||15|5,
120,paragraph,,,"For scenario-linked support cards, the stat gain is increased:",,,,,
121,table,,,,,,Training type|Speed|Stamina|Power|Guts|Wit|Skill points,Speed|20||10|||10;;Stamina||20||10||10;;Power||10|20|||10;;Guts|5||5|20||10;;Wit|5||||20|10,
122,subheading,extreme-spirit-burst,Extreme Spirit Burst,,,,,,
123,paragraph,,,"After triggering a normal Spirit Burst, an additional Spirit Burst, the so-called ""Extreme Spirit Burst"", will become available for that team member during the next Unity Training.",,,,,
124,paragraph,,,"These will do all the things that a normal one does, but also reduce the training's failure chance to 0%, raise the member's stat caps, and provide you with a hint for the Ignited Spirit skill corresponding to the training facility it was triggered on.",,,,,
125,paragraph,,,"This hint is by default at level 1, and will increase based on the support card's Hint Lv. Bonus effect. If the skill's hint level is already at maximum, or the skill is already obtained, it will give you a hint for a random different Ignited skill instead.",,,,,
126,image,,,Extreme Spirit Burst,14.png,220px,,,
127,paragraph,,,"The amount of stats gained from an Extreme Spirit Burst is based on the training type, and has the following values:",,,,,
128,table,,,,,,Training type|Speed|Stamina|Power|Guts|Wit|Skill points,Speed|20||10|||15;;Stamina||20||10||15;;Power||10|20|||15;;Guts|5||5|20||15;;Wit|5||||15|15,
129,paragraph,,,"For scenario-linked support cards, the stat gain is increased:",,,,,
130,table,,,,,,Training type|Speed|Stamina|Power|Guts|Wit|Skill points,Speed|25||15|||20;;Stamina||25||15||20;;Power||15|25|||20;;Guts|8||8|25||20;;Wit|8||||25|20,
131,subheading,unity-cup-finals,Unity Cup Finals,,,,,,
132,paragraph,,,"After four team races, you will challenge Riko Kashimoto's team Zenith in the Unity Cup finals.",,,,,
133,image,,,Finals vs Zenith,15.png,100%,,,
134,paragraph,,,Beating team Zenith (and achieving rank S) will make Little Cocon and Bitter Glasse appear as opponents in the URA Finals final race.,,,,,
135,image,,,Aoharu spark,16.png,420px,,,
136,subheading,training-levels,Training Levels,,,,,,
137,paragraph,,,"Unlike the previous scenario, the levels of the training facilities are not tied to how many times you've trained in them, but instead depend on your team stat rank *for that particular type of training*. That means that strengthening your team will directly affect the amount of stats you get from training.",,,,,
138,paragraph,,,This is how the training facility level is determined:,,,,,
139,table,,,,,,Rank|Training Level,F/G|1;;D/E|2;;B/C|3;;A|4;;S|5,
140,paragraph,,,"So for example, if your team rank for speed is A, your speed training facility level will be 4.",,,,,
141,subheading,special-skills,Unity Cup Special Skills,,,,,,
142,paragraph,,,"During a Unity Cup career, you will get multiple opportunities to obtain scenario-related skills.",,,,,
143,paragraph,,,"The white versions of these can be obtained from triggering Extreme Spirit Bursts. The gold versions, as well as some additional white hints, are obtained from the scenario event ""Team Zenith Declares War"", which happens in Senior Year, late November. The skill type (stat) is your highest *team* stat rank.",,,,,
144,paragraph,,,"The hints, their level and the bonus stats and skill points from this event are based on the number of Spirit Bursts and Extreme spirit bursts done during the career. The exact values for low numbers of spirit bursts aren't known.",,,,,
145,list_item,,,"4 to 9 give white rarity hint level 1, +10 to the stat associated with the skill and +10 skill points.",,,,,
146,list_item,,,"7 to 9 give white rarity hint level 3, +20 to the stat associated with the skill and +20 skill points.",,,,,
147,list_item,,,"10 to 12 give gold rarity hint level 1, +30 to the stat associated with the skill and +30 skill points.",,,,,
148,list_item,,,"13 or more give gold rarity hint level 3, +40 to the stat associated with the skill and +40 skill points.",,,,,
149,skill_item,burning_spirit_spd,Burning Spirit SPD,"Burn bright with team spirit, increasing velocity in proportion to the total Speed of racing team members mid-race.",burning.png,,,,
150,skill_item,ignited_spirit_spd,Ignited Spirit SPD,"Burn bright with team spirit, slightly increasing velocity in proportion to the total Speed of racing team members mid-race.",ignited.png,,,,
151,skill_item,burning_spirit_sta,Burning Spirit STA,"Burn bright with team spirit, recovering endurance in proportion to the total Stamina of racing team members mid-race.",burning_stam.png,,,,
152,skill_item,ignited_spirit_sta,Ignited Spirit STA,"Burn bright with team spirit, slightly recovering endurance in proportion to the total Stamina of racing team members mid-race.",ignited_stam.png,,,,
153,skill_item,burning_spirit_pwr,Burning Spirit PWR,"Burn bright with team spirit, increasing acceleration in proportion to the total Power of racing team members late-race.",burning.png,,,,
154,skill_item,ignited_spirit_pwr,Ignited Spirit PWR,"Burn bright with team spirit, slightly increasing acceleration in proportion to the total Power of racing team members late-race.",ignited.png,,,,
155,skill_item,burning_spirit_guts,Burning Spirit GUTS,"Burn bright with team spirit, increasing vigor in proportion to the total Guts of racing team members late-race.",burning.png,,,,
156,skill_item,ignited_spirit_guts,Ignited Spirit GUTS,"Burn bright with team spirit, very slightly increasing vigor in proportion to the total Guts of racing team members late-race.",ignited.png,,,,
157,skill_item,burning_spirit_wit,Burning Spirit WIT,"Burn bright with team spirit, increasing strategic navigation for a medium duration in proportion to the total Wit of racing team members early-race.",burning_wit.png,,,,
158,skill_item,ignited_spirit_wit,Ignited Spirit WIT,"Burn bright with team spirit, slightly increasing strategic navigation for a medium duration in proportion to the total Wit of racing team members early-race.",ignited_wit.png,,,,
159,subheading,team-names,Team Names,,,,,,
160,paragraph,,,"You can pick a name for your team during the Junior Class, second half of September. The *Character* must be either your trained uma, or one of your support cards, otherwise you can't select the corresponding team name. If you manage to win the Unity Cup Finals, you will get a gold skill depending on your team name.",,,,,
161,image,,,Team name selection,17.png,720px,,,
162,table,,,,,,Character|JP Name|EN name|Gold skill,[[char:taiki_shuttle|Taiki Shuttle]]|HOP CHEERS|Happy Hoppers|[[skill:mile_maven|Mile Maven]];;[[char:matikanefukukitaru|Matikanefukukitaru]]|ハレノヒ・ランナーズ|Sunny Runners|[[skill:clairvoyance|Clairvoyance]];;[[char:haru_urara|Haru Urara]]|にんじんぷりん|Carrot Pudding|[[skill:indomitable|Indomitable]];;[[char:rice_shower|Rice Shower]]|ブルームス|Blue Bloom|[[skill:cooldown|Cooldown]];;None of above|キャロッツ|Team Carrot|[[skill:no_stopping_me|No Stopping Me!]],
163,subheading,s-ranks,S and S+ Team Ranks,,,,,,
164,paragraph,,,"If you manage to get an S rank in overall team stats, you will automatically get an event that awards a hint for the [[skill:its_on|It's On!]] skill. This hint is normally at level 1, but will be level 3 if you're training one of the scenario story characters (e.g. Haru Urara).",,,,,
165,paragraph,,,Reaching S+ rank will allow you to get another hint for the [[skill:its_on|It's On!]] skill. This means you can max out the hint by reaching S+ rank with one of the scenario-linked characters.,,,,,
166,paragraph,,,If you:,,,,,
167,list_item,,,"are on the fourth Aoharu race and have managed to reach a league rank of 10 or higher,",,,,,
168,list_item,,,"have a team rank of A or higher,",,,,,
169,list_item,,,"and have triggered at least one Extreme Spirit Burst,",,,,,
170,paragraph,,,"you'll be given the option to race against a ""powerhouse team"" (強豪チーム) here.",,,,,
171,paragraph,,,"These will be highlighted by a pink background and are named after Greek gods and goddesses, so they're easy to spot. Winning against this elite team will award you with stat bonuses and allows you to face a strengthened team Zenith (the team of Riko Kashimoto) in the Unity Cup finals.",,,,,
172,image,,,Powerhouse team,18.png,720px,,,
173,heading,before-update,Before the Update,,,,,,
174,paragraph,,,"Before the update, several mechanics of Unity Cup had different values.",,,,,
175,subheading,pre-unity-trainings,Pre-Update Unity Trainings,,,,,,
176,paragraph,,,"In the old version of the scenario, these used to increase energy cost by 1 (except for Wit).",,,,,
177,paragraph,,,"For Speed, Stamina, and Power:",,,,,
178,table,,,,,,# of flames|Primary stat|Secondary stat|Skill points,2|2|0|0;;3|3|1|1;;4|5|2|2;;5|7|3|3,
179,paragraph,,,For Guts:,,,,,
180,table,,,,,,# of flames|Guts|Speed|Power|Skill points,2|2|0|0|0;;3|2|1|1|1;;4|4|2|1|2;;5|6|2|2|3,
181,paragraph,,,For Wit:,,,,,
182,table,,,,,,# of flames|Wit|Speed|Skill points,2|1|0|0;;3|2|0|1;;4|3|1|2;;5|4|2|3,
183,subheading,pre-spirit-bursts,Pre-Update Spirit Bursts,,,,,,
184,paragraph,,,"In the old version of the scenario, these used to increase the energy cost by 5 (except for Wit, which granted 5 just as it does now). They also used to grant a random hint based on your A or S level aptitudes.",,,,,
185,table,,,,,,Training type|Speed|Stamina|Power|Guts|Wit|Skill points,Speed|15||7|||;;Stamina||15||7||;;Power||7|15|||;;Guts|3||3|15||;;Wit|2||||10|5,
186,paragraph,,,"For scenario-linked support cards, the stat gain was increased:",,,,,
187,table,,,,,,Training type|Speed|Stamina|Power|Guts|Wit|Skill points,Speed|20||10|||;;Stamina||20||10||;;Power||10|20|||;;Guts|5||5|20||;;Wit|5||||15|5,
188,subheading,pre-special-skills,Pre-Update Special Skills,,,,,,
189,paragraph,,,The skill hints granted by the *Team Zenith Declares War* event used to be based on the number of Spirit Bursts triggered during career with these values:,,,,,
190,list_item,,,4 to 9 gave white rarity hint level 1,,,,,
191,list_item,,,7 to 9 gave white rarity hint level 3,,,,,
192,list_item,,,10 to 12 gave gold rarity hint level 1,,,,,
193,list_item,,,13 or more gave gold rarity hint level 3,,,,,
