sort_order,block_type,heading_id,heading,text,image,image_max,table_headers,table_rows,nest_level
1,intro,,,"Being the very first scenario, **URA Finale** was released alongside the JP server of the game on February 24, 2021.",,,,,
2,intro,,,"Narratively, this scenario focuses on the titular set of URA Finale races established by the Tracen Academy chairwoman Yayoi Akikawa. You will spend three years in Career training, aiming to become the champion of these new races.",,,,,
3,image,,,,1.png,400px,,,
4,heading,basic-info,Basic Information,,,,,,
5,paragraph,,,"During the URA Finale journey, you will have to clear character-specific objectives to advance. There are multiple types, like participating in a particular race, achieving certain placements, or gathering a specific amount of fans.",,,,,
6,paragraph,,,"Clearing all objectives will allow you to participate in the URA Finale qualifiers. Win these to move on to the semi-finals, and then the grand finals.",,,,,
7,paragraph,,,"The trainer [[char:aoi_kiryuin|Aoi Kiryuin]] and her trainee, Happy Meek, appear in this scenario as story characters, and will be your rivals on the way to the top.",,,,,
8,image,,,,2.png,820px,,,
9,heading,scenario-link,Scenario Link,,,,,,
10,paragraph,,,The URA Finale features [[char:aoi_kiryuin|Aoi Kiryuin]] as a scenario link character. Her training events will be strengthened if you use any of her support cards in your deck.,,,,,
11,paragraph,,,"Specifically, the training event ""A Three-Legged Race"", which occurs during the first half of November in the second year, will now award a level 3 hint for [[skill:iron_will|Iron Will]] on success (instead of level 1).",,,,,
12,heading,fixed-events,Fixed Training Events,,,,,,
13,paragraph,,,"During Early November of the second year, the event ""A Three-Legged Race"" featuring Aoi Kiryuin will trigger. If you have gathered 50,000 fans by then, you will be awarded a level 1 hint for the [[skill:iron_will|Iron Will]] skill, 20 Skill Points, and 20 Wisdom. This event is affected by the scenario link, as described in the section above.",,,,,
14,paragraph,,,Gathering 100k fans will award you with 30 Skill Points at the end of the second year. Gathering 240k fans by the end of the third year will do the same.,,,,,
15,paragraph,,,An event that raises your girl's Mood is guaranteed to trigger in Early March of the second year.,,,,,
16,paragraph,,,Events that can raise your character's unique skill level will trigger in:,,,,,
17,list_item,,,Early February of year 3,,,,,
18,list_item,,,Early April of year 3,,,,,
19,list_item,,,Late December of year 3,,,,,
20,paragraph,,,"For specifics, see the Unique Skill Level-ups section right below.",,,,,
21,paragraph,,,"Additionally, a training event called 「アツい差し入れ」 featuring Chairman Akikawa was added to the game alongside the JP server's November 2022 update (it may not yet exist on other servers). It is guaranteed to trigger during the end of Late July (halfway through summer camp) in years two and three and restores 30 energy.",,,,,
22,heading,unique-skill,Unique Skill Level-Ups,,,,,,
23,paragraph,,,"During the three years of training, you will have three chances to level up your character's unique skill.",,,,,
24,paragraph,,,These are triggered by getting:,,,,,
25,list_item,,,"60,000 fans by Early February of year 3 (Valentine's Day)",,,,,
26,list_item,,,"70,000 fans by Early April of year 3",,,,,
27,list_item,,,"120,000 fans by Late December of year 3 (Christmas)",,,,,
28,paragraph,,,"You can still trigger the later events even if you missed a previous one. For example, if you missed the Valentine's Day level-up, you can still trigger the one in Early April.",,,,,
29,paragraph,,,"For characters with high dirt aptitude but low turf aptitude (such as [[char:haru_urara|Haru Urara]] or [[char:smart_falcon|Smart Falcon]]), these values are lowered to 40,000, 60,000, and 80,000, respectively.",,,,,
30,paragraph,,,The April level-up also requires a green friendship gauge (3 bars) with chairman Akikawa.,,,,,
31,heading,happy-meek,Happy Meek Duels,,,,,,
32,paragraph,,,"Duels with Happy Meek are a mechanic added to the JP server in the November 2022 update. On Global, this was released on July 1, 2026.",,,,,
33,paragraph,,,"During a Career, training facilities may randomly include Happy Meek as a training partner. Whenever there is an orange ""Duel"" 「対決」 mark on her icon, carrying out that training will trigger a training event where you can duel her. Failing the training will not start a duel.",,,,,
34,image,,,,3.png,305px,,,
35,paragraph,,,You'll be given three choices. The first one will always be the stat type that triggered the duel; the other two will be random choices picked from the five stat types and Energy (体力).,,,,,
36,image,,,,4.png,750px,,,
37,paragraph,,,"Each choice will also show your chances to succeed at the said duel, indicated by the usual ×, △, ○, and ◎. Succeeding will raise Happy Meek's level for the next duel and award you with the following:",,,,,
38,list_item,,,"a stat uncap of 4 for the targeted stat,",,,,,
39,list_item,,,"between 10-25 of the targeted stat (depending on Happy Meek's level),",,,,,
40,list_item,,,"30 skill points,",,,,,
41,list_item,,,"4 maximum energy,",,,,,
42,list_item,,,"a skill hint for the relevant ""Essence of Racing"" skill (see list below).",,,,,
43,paragraph,,,Winning repeated duels focused on the same stat will raise the hint level further.,,,,,
44,paragraph,,,Losing a duel will award 5-15 of the targeted stat depending on the level and 5 SP.,,,,,
45,paragraph,,,Here is a list of all obtainable Essence of Racing skills:,,,,,
46,list_item,,,[[skill:racing_spirit_speed|Racing Spirit: Speed]],,,,,
47,list_item,,,[[skill:racing_spirit_stamina|Racing Spirit: Stamina]],,,,,
48,list_item,,,[[skill:racing_spirit_power|Racing Spirit: Power]],,,,,
49,list_item,,,[[skill:racing_spirit_wit|Racing Spirit: Wit]],,,,,
50,list_item,,,[[skill:racing_spirit_guts|Racing Spirit: Guts]],,,,,
51,list_item,,,[[skill:racing_spirit_mood|Racing Spirit: Mood]],,,,,
52,paragraph,,,"A spark for each of these new skills also exists. They have a common and an enhanced (""+"") version, each going from 1 to 3 stars as usual. The common versions simply grant hint levels for the respective skills, while the enhanced versions will also grant some of the respective stat (or SP in case of the [[skill:racing_spirit_mood|Racing Spirit: Mood]] spark).",,,,,
53,paragraph,,,"What decides whether you can get the normal or plus spark is still under investigation, but it might be related to maxing out Happy Meek's level and winning against her in the URA Finale Final race.",,,,,
54,image,,,,5.png,485px,,,
55,paragraph,,,"The difficulty of these duels scales with Happy Meek's level. Winning 5 duels will max out her level (displayed as ""Lv MAX"" in the duel icon), causing a strengthened version of her with a blue-glowing aura to appear in the URA Finale Finals race. Similar to legend races, there will be a cut-in before/after the race.",,,,,
56,paragraph,,,"She will have the following aptitudes, skills, mood, and something in the range of the following stats (specifics can vary by ±10 in each stat):",,,,,
57,image,,,,6.png,965px,,,
58,paragraph,,,"Winning against this powered-up Happy Meek will affect the ""After the URA Finale Finals"" (「URAファイナルズ決勝の後に」) training event that occurs at the end of a Career run. It will now award you with a hint for the [[skill:past_my_limits|Past My Limits]] scenario skill, as well as giving you 20 of every stat and 150 SP (these values are affected by race bonus). Your chances of receiving the URA Finale scenario spark will also be raised.",,,,,
59,paragraph,,,"If you don't trigger her appearance, the event will instead award 10 of every stat as well as 80 SP (also affected by race bonus) with no hints given.",,,,,
60,heading,base-training,Base Training Values,,,,,,
61,paragraph,,,"These are the base training values for the URA Finale scenario. This means that training at the specified facility, without any support cards present and without accounting for character growth rate bonuses, will yield the following stats at facility level 1.",,,,,
62,table,,,,,,Facility|Stat gains|Energy,"Speed|+11 Speed, +6 Power, +4 SP|-21;;Stamina|+10 Stamina, +6 Guts, +4 SP|-19;;Power|+6 Stamina, +9 Power, +4 SP|-20;;Guts|+5 Speed, +5 Power, +8 Guts, +4 SP|-22;;Wisdom|+2 Speed, +10 Wisdom, +5 SP|+5",
63,paragraph,,,"Experienced players may recall the URA Finale as they were prior to the JP server update in November 2022 (July 2026 on Global), before these values received an overall increase.",,,,,
64,table,,,,,,Facility|Stat gains|Future buffs|Energy,"Speed|+10 Speed, +5 Power, +2 SP|+1 Speed, +1 Power, +2 SP|-21;;Stamina|+9 Stamina, +4 Guts, +2 SP|+1 Stamina, +2 Guts, +2 SP|-19;;Power|+5 Stamina, +8 Power, +2 SP|+1 Stamina, +1 Power, +2 SP|-20;;Guts|+4 Speed, +4 Power, +8 Guts, +2 SP|+1 Speed, +1 Power, +2 SP|-22;;Wisdom|+2 Speed, +9 Wisdom, +4 SP|+1 Wisdom, +1 SP|+5",
65,heading,facility-levels,Training Facility Levels,,,,,,
66,paragraph,,,The level of the training facilities in the URA Finale scenario will rise depending on how often you train at them.,,,,,
67,paragraph,,,"All facilities start at level 1 and level up every four times you use them. For example, training Speed four times will raise its level from 1 to 2, another four trainings will increase the level from 2 to 3, and so forth, until level 5.",,,,,
68,heading,scenario-spark,Scenario Spark,,,,,,
69,paragraph,,,"The scenario spark obtainable in the URA Finale is called ""URA Finale"" (or 「URAシナリオ」 on JP). It will increase your Speed and Stamina when triggered during inspiration events.",,,,,
70,image,,,,7.png,715px,,,
71,heading,stat-caps,Stat Caps,,,,,,
72,paragraph,,,The URA Finale scenario features the following stat caps:,,,,,
73,table,,,,,,Stat|Cap,Speed|1400;;Stamina|1400;;Power|1400;;Guts|1400;;Wisdom|1400,
