id,slug,name,image,grade_badge_image,trophy_image,course_image,racetrack,direction,participants,grade,grade_display,terrain,distance_type,distance_m,season,time_of_day,career_class,schedule_month,schedule_half,fans_required,first_place_fans,core_distance
1,junior_make_debut,Junior Make Debut,junior_make_debut.png,race.png,,,Varies,,,,,Varies,Varies,,,,Junior Class,June,Second Half,,,
2,junior_maiden_race,Junior Maiden Race,junior_maiden_race.png,race.png,,,Varies,,,,,Varies,Varies,,,,Junior Class,July,First Half,,,
3,chukyo_junior_stakes,Chukyo Junior Stakes,chukyo_junior_stakes.png,op.png,,chukyo_1600_turf_left.png,Chukyo,Left,16,OP,OP,Turf,Mile,1600,Summer,Daytime,Junior Class,July,Second Half,350,1600,core_distance
4,hakodate_junior_stakes,Hakodate Junior Stakes,hakodate_junior_stakes.png,giii.png,g3_trophy.png,hakodate_1200_turf_right.png,Hakodate,Right,16,GIII,G3,Turf,Short,1200,Summer,Daytime,Junior Class,July,Second Half,350,3100,core_distance
5,cosmos_sho,Cosmos Sho,cosmos_sho.png,op.png,,sapporo_1800_turf_right.png,Sapporo,Right,14,OP,OP,Turf,Mile,1800,Summer,Daytime,Junior Class,August,First Half,350,1600,non_core_distance
6,dahlia_sho,Dahlia Sho,dahlia_sho.png,op.png,,niigata_1400_turf_left.png,Niigata,Left,18,OP,OP,Turf,Short,1400,Summer,Daytime,Junior Class,August,First Half,350,1600,non_core_distance
7,phoenix_sho,Phoenix Sho,phoenix_sho.png,op.png,,kokura_1200_turf_right.png,Kokura,Right,18,OP,OP,Turf,Short,1200,Summer,Daytime,Junior Class,August,First Half,350,1600,core_distance
8,clover_sho,Clover Sho,clover_sho.png,op.png,,sapporo_1500_turf_right.png,Sapporo,Right,14,OP,OP,Turf,Mile,1500,Summer,Daytime,Junior Class,August,Second Half,350,1600,non_core_distance
9,niigata_junior_stakes,Niigata Junior Stakes,niigata_junior_stakes.png,giii.png,giii_trophy.png,niigata_1600_turf_left.png,Niigata,Left,18,GIII,G3,Turf,Mile,1600,Summer,Daytime,Junior Class,August,Second Half,350,3100,core_distance
10,aster_sho,Aster Sho,aster_sho.png,pre_op.png,,nakayama_1600_turf_right.png,Nakayama,Right,16,Pre-OP,Pre-OP,Turf,Mile,1600,Summer,Daytime,Junior Class,September,First Half,350,1000,core_distance
11,kokura_junior_stakes,Kokura Junior Stakes,kokura_junior_stakes.png,giii.png,kokura_cup.png,kokura_1200_turf_right.png,Kokura,Right,18,GIII,G3,Turf,Short,1200,Summer,Daytime,Junior Class,September,First Half,350,3100,core_distance
12,nojigiku_stakes,Nojigiku Stakes,nojigiku_stakes.png,op.png,,hanshin_1800_turf_right.png,Hanshin,Right,18,OP,OP,Turf,Mile,1800,Summer,Daytime,Junior Class,September,First Half,350,1600,non_core_distance
13,sapporo_junior_stakes,Sapporo Junior Stakes,sapporo_junior_stakes.png,giii.png,sapporo_cup.png,sapporo_1800_turf_right.png,Sapporo,Right,14,GIII,G3,Turf,Mile,1800,Summer,Daytime,Junior Class,September,First Half,350,3100,non_core_distance
14,suzuran_sho,Suzuran Sho,suzuran_sho.png,op.png,,sapporo_1200_turf_right.png,Sapporo,Right,16,OP,OP,Turf,Short,1200,Summer,Daytime,Junior Class,September,First Half,350,1600,core_distance
15,canna_stakes,Canna Stakes,canna_stakes.png,op.png,,nakayama_1200_turf_right.png,Nakayama,Right,16,OP,OP,Turf,Short,1200,Autumn,Daytime,Junior Class,September,Second Half,350,1600,core_distance
16,fuyo_stakes,Fuyo Stakes,fuyo_stakes.png,op.png,,nakayama_2000_turf_right.png,Nakayama,Right,18,OP,OP,Turf,Medium,2000,Autumn,Daytime,Junior Class,September,Second Half,350,1600,core_distance
17,kikyo_stakes,Kikyo Stakes,kikyo_stakes.png,op.png,,hanshin_1400_turf_right.png,Hanshin,Right,18,OP,OP,Turf,Short,1400,Autumn,Daytime,Junior Class,September,Second Half,350,1600,non_core_distance
18,saffron_sho,Saffron Sho,saffron_sho.png,pre_op.png,,nakayama_1600_turf_right.png,Nakayama,Right,16,Pre-OP,Pre-OP,Turf,Mile,1600,Autumn,Daytime,Junior Class,September,Second Half,350,1000,core_distance
19,momiji_stakes,Momiji Stakes,momiji_stakes.png,op.png,,kyoto_1400_turf_right.png,Kyoto,Right,18,OP,OP,Turf,Short,1400,Autumn,Daytime,Junior Class,October,First Half,350,1600,non_core_distance
20,platanus_sho,Platanus Sho,platanus_sho.png,pre_op.png,,tokyo_1600_dirt_left.png,Tokyo,Left,16,Pre-OP,Pre-OP,Dirt,Mile,1600,Autumn,Daytime,Junior Class,October,First Half,350,1000,core_distance
21,rindo_sho,Rindo Sho,rindo_sho.png,pre_op.png,,kyoto_1400_turf_right.png,Kyoto,Right,18,Pre-OP,Pre-OP,Turf,Short,1400,Autumn,Daytime,Junior Class,October,First Half,350,1000,non_core_distance
22,saudi_arabia_royal_cup,Saudi Arabia Royal Cup,saudi_arabia_royal_cup.png,giii.png,siuu.png,tokyo_1600_turf_left.png,Tokyo,Left,18,GIII,G3,Turf,Mile,1600,Autumn,Daytime,Junior Class,October,First Half,350,3300,core_distance
23,shigiku_sho,Shigiku Sho,shigiku_sho.png,pre_op.png,,kyoto_2000_turf_right.png,Kyoto,Right,18,Pre-OP,Pre-OP,Turf,Medium,2000,Autumn,Daytime,Junior Class,October,First Half,350,1000,core_distance
24,artemis_stakes,Artemis Stakes,artemis_stakes.png,giii.png,siuu.png,tokyo_1600_turf_left.png,Tokyo,Left,18,GIII,G3,Turf,Mile,1600,Autumn,Daytime,Junior Class,October,Second Half,350,2900,core_distance
25,hagi_stakes,Hagi Stakes,hagi_stakes.png,op.png,,kyoto_1800_turf_right.png,Kyoto,Right,18,OP,OP,Turf,Mile,1800,Autumn,Daytime,Junior Class,October,Second Half,350,1700,non_core_distance
26,ivy_stakes,Ivy Stakes,ivy_stakes.png,op.png,,tokyo_1800_turf_left.png,Tokyo,Left,18,OP,OP,Turf,Mile,1800,Autumn,Daytime,Junior Class,October,Second Half,350,1700,non_core_distance
27,nadeshiko_sho,Nadeshiko Sho,nadeshiko_sho.png,pre_op.png,,kyoto_1400_dirt_right.png,Kyoto,Right,16,Pre-OP,Pre-OP,Dirt,Short,1400,Autumn,Daytime,Junior Class,October,Second Half,350,1000,non_core_distance
28,daily_hai_junior_stakes,Daily Hai Junior Stakes,daily_hai_junior_stakes.png,gii.png,gii_trophy.png,kyoto_1600_turf_right.png,Kyoto,Right,18,GII,G2,Turf,Mile,1600,Autumn,Daytime,Junior Class,November,First Half,375,3800,core_distance
29,fantasy_stakes,Fantasy Stakes,fantasy_stakes.png,giii.png,gii_trophy.png,kyoto_1400_turf_right.png,Kyoto,Right,18,GIII,G3,Turf,Short,1400,Autumn,Daytime,Junior Class,November,First Half,350,2900,non_core_distance
30,fukushima_junior_stakes,Fukushima Junior Stakes,fukushima_junior_stakes.png,op.png,,fukushima_1200_turf_right.png,Fukushima,Right,14,OP,OP,Turf,Short,1200,Autumn,Daytime,Junior Class,November,First Half,350,1600,core_distance
31,hyakunichiso_tokubetsu,Hyakunichiso Tokubetsu,hyakunichiso_tokubetsu.png,pre_op.png,,tokyo_2000_turf_left.png,Tokyo,Left,18,Pre-OP,Pre-OP,Turf,Medium,2000,Autumn,Daytime,Junior Class,November,First Half,350,1000,core_distance
32,keio_hai_junior_stakes,Keio Hai Junior Stakes,keio_hai_junior_stakes.png,gii.png,keio_hai_cup.png,tokyo_1400_turf_left.png,Tokyo,Left,18,GII,G2,Turf,Short,1400,Autumn,Daytime,Junior Class,November,First Half,375,3800,non_core_distance
33,kigiku_sho,Kigiku Sho,kigiku_sho.png,pre_op.png,,kyoto_2000_turf_right.png,Kyoto,Right,18,Pre-OP,Pre-OP,Turf,Medium,2000,Autumn,Daytime,Junior Class,November,First Half,350,1000,core_distance
34,kimmokusei_tokubetsu,Kimmokusei Tokubetsu,kimmokusei_tokubetsu.png,pre_op.png,,fukushima_1800_turf_right.png,Fukushima,Right,16,Pre-OP,Pre-OP,Turf,Mile,1800,Autumn,Daytime,Junior Class,November,First Half,350,1000,non_core_distance
35,oxalis_sho,Oxalis Sho,oxalis_sho.png,pre_op.png,,tokyo_1400_dirt_left.png,Tokyo,Left,16,Pre-OP,Pre-OP,Dirt,Short,1400,Autumn,Daytime,Junior Class,November,First Half,350,1000,non_core_distance
36,akamatsu_sho,Akamatsu Sho,akamatsu_sho.png,pre_op.png,,tokyo_1600_turf_left.png,Tokyo,Left,18,Pre-OP,Pre-OP,Turf,Mile,1600,Autumn,Daytime,Junior Class,November,Second Half,350,1000,core_distance
37,begonia_sho,Begonia Sho,begonia_sho.png,pre_op.png,,tokyo_1600_turf_left.png,Tokyo,Left,18,Pre-OP,Pre-OP,Turf,Mile,1600,Autumn,Daytime,Junior Class,November,Second Half,350,1000,core_distance
38,cattleya_sho,Cattleya Sho,cattleya_sho.png,pre_op.png,,tokyo_1600_dirt_left.png,Tokyo,Left,16,Pre-OP,Pre-OP,Dirt,Mile,1600,Autumn,Daytime,Junior Class,November,Second Half,350,1000,core_distance
39,habotan_sho,Habotan Sho,habotan_sho.png,pre_op.png,,nakayama_2000_turf_right.png,Nakayama,Right,18,Pre-OP,Pre-OP,Turf,Medium,2000,Autumn,Daytime,Junior Class,November,Second Half,350,1000,core_distance
40,koyamaki_sho,Koyamaki Sho,koyamaki_sho.png,pre_op.png,,chukyo_1600_turf_left.png,Chukyo,Left,16,Pre-OP,Pre-OP,Turf,Mile,1600,Autumn,Daytime,Junior Class,November,Second Half,350,1000,core_distance
41,kyoto_junior_stakes,Kyoto Junior Stakes,kyoto_junior_stakes.png,giii.png,gii_trophy.png,kyoto_2000_turf_right.png,Kyoto,Right,18,GIII,G3,Turf,Medium,2000,Autumn,Daytime,Junior Class,November,Second Half,350,3300,core_distance
42,mochinoki_sho,Mochinoki Sho,mochinoki_sho.png,pre_op.png,,kyoto_1800_dirt_right.png,Kyoto,Right,16,Pre-OP,Pre-OP,Dirt,Mile,1800,Autumn,Daytime,Junior Class,November,Second Half,350,1000,non_core_distance
43,shiragiku_sho,Shiragiku Sho,shiragiku_sho.png,pre_op.png,,kyoto_1600_turf_right.png,Kyoto,Right,18,Pre-OP,Pre-OP,Turf,Mile,1600,Autumn,Daytime,Junior Class,November,Second Half,350,1000,core_distance
44,shumeigiku_sho,Shumeigiku Sho,shumeigiku_sho.png,pre_op.png,,kyoto_1400_turf_right.png,Kyoto,Right,18,Pre-OP,Pre-OP,Turf,Short,1400,Autumn,Daytime,Junior Class,November,Second Half,350,1000,non_core_distance
45,tokyo_sports_hai_junior_stakes,Tokyo Sports Hai Junior Stakes,tokyo_sports_hai_junior_stakes.png,giii.png,tokyo_cup.png,tokyo_1800_turf_left.png,Tokyo,Left,18,GIII,G3,Turf,Mile,1800,Autumn,Daytime,Junior Class,November,Second Half,350,3300,non_core_distance
46,asahi_hai_futurity_stakes,Asahi Hai Futurity Stakes,asahi_hai_futurity_stakes.png,gi.png,gi_trophy.png,hanshin_1600_turf_right.png,Hanshin,Right,18,GI,G1,Turf,Mile,1600,Winter,Daytime,Junior Class,December,First Half,1000,7000,core_distance
47,erica_sho,Erica Sho,erica_sho.png,pre_op.png,,hanshin_2000_turf_right.png,Hanshin,Right,16,Pre-OP,Pre-OP,Turf,Medium,2000,Winter,Daytime,Junior Class,December,First Half,350,1000,core_distance
48,hanshin_juvenile_fillies,Hanshin Juvenile Fillies,hanshin_juvenile_fillies.png,gi.png,hanshin_juvenile_cup.png,hanshin_1600_turf_right.png,Hanshin,Right,18,GI,G1,Turf,Mile,1600,Winter,Daytime,Junior Class,December,First Half,1000,6500,core_distance
49,hiiragi_sho,Hiiragi Sho,hiiragi_sho.png,pre_op.png,,nakayama_1600_turf_right.png,Nakayama,Right,16,Pre-OP,Pre-OP,Turf,Mile,1600,Winter,Daytime,Junior Class,December,First Half,350,1000,core_distance
50,kantsubaki_sho,Kantsubaki Sho,kantsubaki_sho.png,pre_op.png,,chukyo_1400_dirt_left.png,Chukyo,Left,16,Pre-OP,Pre-OP,Dirt,Short,1400,Winter,Daytime,Junior Class,December,First Half,350,1000,non_core_distance
51,kuromatsu_sho,Kuromatsu Sho,kuromatsu_sho.png,pre_op.png,,nakayama_1200_turf_right.png,Nakayama,Right,16,Pre-OP,Pre-OP,Turf,Short,1200,Winter,Daytime,Junior Class,December,First Half,350,1000,core_distance
52,manryo_sho,Manryo Sho,manryo_sho.png,pre_op.png,,hanshin_1400_turf_right.png,Hanshin,Right,18,Pre-OP,Pre-OP,Turf,Short,1400,Winter,Daytime,Junior Class,December,First Half,350,1000,non_core_distance
53,sazanka_sho,Sazanka Sho,sazanka_sho.png,pre_op.png,,hanshin_1200_turf_right.png,Hanshin,Right,16,Pre-OP,Pre-OP,Turf,Short,1200,Winter,Daytime,Junior Class,December,First Half,350,1000,core_distance
54,tsuwabuki_sho,Tsuwabuki Sho,tsuwabuki_sho.png,pre_op.png,,chukyo_1400_turf_left.png,Chukyo,Left,18,Pre-OP,Pre-OP,Turf,Short,1400,Winter,Daytime,Junior Class,December,First Half,350,1000,non_core_distance
55,christmas_rose_stakes,Christmas Rose Stakes,christmas_rose_stakes.png,op.png,,nakayama_1200_turf_right.png,Nakayama,Right,16,OP,OP,Turf,Short,1200,Winter,Daytime,Junior Class,December,Second Half,350,1600,core_distance
56,hopeful_stakes,Hopeful Stakes,hopeful_stakes.png,gi.png,hopeless_stake.png,nakayama_2000_turf_right.png,Nakayama,Right,18,GI,G1,Turf,Medium,2000,Winter,Daytime,Junior Class,December,Second Half,1000,7000,core_distance
57,senryo_sho,Senryo Sho,senryo_sho.png,pre_op.png,,hanshin_1600_turf_right.png,Hanshin,Right,18,Pre-OP,Pre-OP,Turf,Mile,1600,Winter,Daytime,Junior Class,December,Second Half,350,1000,core_distance
58,zen_nippon_junior_yushun,Zen-Nippon Junior Yushun,zen_nippon_junior_yushun.png,gi.png,,kawasaki_1600_dirt_left.png,Kawasaki,Left,14,GI,G1,Dirt,Mile,1600,Winter,Night,Junior Class,December,Second Half,1000,4200,core_distance
59,fairy_stakes,Fairy Stakes,fairy_stakes.png,giii.png,fairy_cup.png,nakayama_1600_turf_right.png,Nakayama,Right,16,GIII,G3,Turf,Mile,1600,Winter,Daytime,Classic Class,January,First Half,750,3500,core_distance
60,junior_cup,Junior Cup,junior_cup.png,op.png,,nakayama_1600_turf_right.png,Nakayama,Right,16,OP,OP,Turf,Mile,1600,Winter,Daytime,Classic Class,January,First Half,350,2000,core_distance
61,keisei_hai,Keisei Hai,keisei_hai.png,giii.png,fairy_cup.png,nakayama_2000_turf_right.png,Nakayama,Right,18,GIII,G3,Turf,Medium,2000,Winter,Daytime,Classic Class,January,First Half,1000,3800,core_distance
62,kobai_stakes,Kobai Stakes,kobai_stakes.png,op.png,,kyoto_1400_turf_right.png,Kyoto,Right,18,OP,OP,Turf,Short,1400,Winter,Daytime,Classic Class,January,First Half,350,2000,non_core_distance
63,shinzan_kinen,Shinzan Kinen,shinzan_kinen.png,giii.png,gii_trophy.png,kyoto_1600_turf_right.png,Kyoto,Right,18,GIII,G3,Turf,Mile,1600,Winter,Daytime,Classic Class,January,First Half,1000,3800,core_distance
64,crocus_stakes,Crocus Stakes,crocus_stakes.png,op.png,,tokyo_1400_turf_left.png,Tokyo,Left,18,OP,OP,Turf,Short,1400,Winter,Daytime,Classic Class,January,Second Half,350,2000,non_core_distance
65,wakagoma_stakes,Wakagoma Stakes,wakagoma_stakes.png,op.png,,kyoto_2000_turf_right.png,Kyoto,Right,18,OP,OP,Turf,Medium,2000,Winter,Daytime,Classic Class,January,Second Half,350,2000,core_distance
66,elfin_stakes,Elfin Stakes,elfin_stakes.png,op.png,,kyoto_1600_turf_right.png,Kyoto,Right,18,OP,OP,Turf,Mile,1600,Winter,Daytime,Classic Class,February,First Half,350,2000,core_distance
67,kisaragi_sho,Kisaragi Sho,kisaragi_sho.png,giii.png,gii_trophy.png,kyoto_1800_turf_right.png,Kyoto,Right,18,GIII,G3,Turf,Mile,1800,Winter,Daytime,Classic Class,February,First Half,1000,3800,non_core_distance
68,kyodo_news_hai,Kyodo News Hai,kyodo_news_hai.png,giii.png,kyodo_cup.png,tokyo_1800_turf_left.png,Tokyo,Left,18,GIII,G3,Turf,Mile,1800,Winter,Daytime,Classic Class,February,First Half,1000,3800,non_core_distance
69,queen_cup,Queen Cup,queen_cup.png,giii.png,queens_cup.png,tokyo_1600_turf_left.png,Tokyo,Left,18,GIII,G3,Turf,Mile,1600,Winter,Daytime,Classic Class,February,First Half,750,3500,core_distance
70,hyacinth_stakes,Hyacinth Stakes,hyacinth_stakes.png,op.png,,tokyo_1600_dirt_left.png,Tokyo,Left,16,OP,OP,Dirt,Mile,1600,Winter,Daytime,Classic Class,February,Second Half,350,1900,core_distance
71,marguerite_stakes,Marguerite Stakes,marguerite_stakes.png,op.png,,hanshin_1200_turf_right.png,Hanshin,Right,16,OP,OP,Turf,Short,1200,Winter,Daytime,Classic Class,February,Second Half,350,2000,core_distance
72,sumire_stakes,Sumire Stakes,sumire_stakes.png,op.png,,hanshin_2200_turf_right.png,Hanshin,Right,18,OP,OP,Turf,Medium,2200,Winter,Daytime,Classic Class,February,Second Half,350,2000,non_core_distance
73,anemone_stakes,Anemone Stakes,anemone_stakes.png,op.png,,nakayama_1600_turf_right.png,Nakayama,Right,16,OP,OP,Turf,Mile,1600,Spring,Daytime,Classic Class,March,First Half,350,2000,core_distance
74,fillies_revue,Fillies' Revue,fillies_revue.png,gii.png,mainichi_cup.png,hanshin_1400_turf_right.png,Hanshin,Right,18,GII,G2,Turf,Short,1400,Spring,Daytime,Classic Class,March,First Half,1750,5200,non_core_distance
75,shoryu_stakes,Shoryu Stakes,shoryu_stakes.png,op.png,,chukyo_1400_dirt_left.png,Chukyo,Left,16,OP,OP,Dirt,Short,1400,Spring,Daytime,Classic Class,March,First Half,350,1800,non_core_distance
76,tulip_sho,Tulip Sho,tulip_sho.png,gii.png,mainichi_cup.png,hanshin_1600_turf_right.png,Hanshin,Right,18,GII,G2,Turf,Mile,1600,Spring,Daytime,Classic Class,March,First Half,1750,5200,core_distance
77,yayoi_sho,Yayoi Sho,yayoi_sho.png,gii.png,yayoi_sho_cup.png,nakayama_2000_turf_right.png,Nakayama,Right,18,GII,G2,Turf,Medium,2000,Spring,Daytime,Classic Class,March,First Half,1750,5400,core_distance
78,falcon_stakes,Falcon Stakes,falcon_stakes.png,giii.png,falco_cup.png,chukyo_1400_turf_left.png,Chukyo,Left,18,GIII,G3,Turf,Short,1400,Spring,Daytime,Classic Class,March,Second Half,1250,3800,non_core_distance
79,flower_cup,Flower Cup,flower_cup.png,giii.png,fairy_cup.png,nakayama_1800_turf_right.png,Nakayama,Right,16,GIII,G3,Turf,Mile,1800,Spring,Daytime,Classic Class,March,Second Half,750,3500,non_core_distance
80,mainichi_hai,Mainichi Hai,mainichi_hai.png,giii.png,mainichi_cup.png,hanshin_1800_turf_right.png,Hanshin,Right,18,GIII,G3,Turf,Mile,1800,Spring,Daytime,Classic Class,March,Second Half,1250,3800,non_core_distance
81,spring_stakes,Spring Stakes,spring_stakes.png,gii.png,nakayama_g3_cup.png,nakayama_1800_turf_right.png,Nakayama,Right,16,GII,G2,Turf,Mile,1800,Spring,Daytime,Classic Class,March,Second Half,1750,5400,non_core_distance
82,wakaba_stakes,Wakaba Stakes,wakaba_stakes.png,op.png,,hanshin_2000_turf_right.png,Hanshin,Right,16,OP,OP,Turf,Medium,2000,Spring,Daytime,Classic Class,March,Second Half,350,2000,core_distance
83,arlington_cup,Arlington Cup,arlington_cup.png,giii.png,arlington_cup.png,hanshin_1600_turf_right.png,Hanshin,Right,18,GIII,G3,Turf,Mile,1600,Spring,Daytime,Classic Class,April,First Half,1250,3800,core_distance
84,fukuryu_stakes,Fukuryu Stakes,fukuryu_stakes.png,op.png,,nakayama_1800_dirt_right.png,Nakayama,Right,16,OP,OP,Dirt,Mile,1800,Spring,Daytime,Classic Class,April,First Half,350,1800,non_core_distance
85,marine_cup,Marine Cup,marine_cup.png,giii.png,,funabashi_1600_dirt_left.png,Funabashi,Left,14,GIII,G3,Dirt,Mile,1600,Spring,Night,Classic Class / Senior Class,April,First Half,1000,2500,core_distance
86,new_zealand_trophy,New Zealand Trophy,new_zealand_trophy.png,gii.png,new_zealand_cup.png,nakayama_1600_turf_right.png,Nakayama,Right,16,GII,G2,Turf,Mile,1600,Spring,Daytime,Classic Class,April,First Half,1750,5400,core_distance
87,oka_sho,Oka Sho,oka_sho.png,gi.png,oka_sho_cup.png,hanshin_1600_turf_right.png,Hanshin,Right,18,GI,G1,Turf,Mile,1600,Spring,Daytime,Classic Class,April,First Half,4500,10500,core_distance
88,satsuki_sho,Satsuki Sho,satsuki_sho.png,gi.png,satsuki_sho_cup.png,nakayama_2000_turf_right.png,Nakayama,Right,18,GI,G1,Turf,Medium,2000,Spring,Daytime,Classic Class,April,First Half,4500,11000,core_distance
89,wasurenagusa_sho,Wasurenagusa Sho,wasurenagusa_sho.png,op.png,,hanshin_2000_turf_right.png,Hanshin,Right,16,OP,OP,Turf,Medium,2000,Spring,Daytime,Classic Class,April,First Half,350,2000,core_distance
90,aoba_sho,Aoba Sho,aoba_sho.png,gii.png,aoba_sho_cup.png,tokyo_2400_turf_left.png,Tokyo,Left,18,GII,G2,Turf,Medium,2400,Spring,Daytime,Classic Class,April,Second Half,1800,5400,core_distance
91,flora_stakes,Flora Stakes,flora_stakes.png,gii.png,flora_cup.png,tokyo_2000_turf_left.png,Tokyo,Left,18,GII,G2,Turf,Medium,2000,Spring,Daytime,Classic Class,April,Second Half,1750,5200,core_distance
92,sweetpea_stakes,Sweetpea Stakes,sweetpea_stakes.png,op.png,,tokyo_1800_turf_left.png,Tokyo,Left,18,OP,OP,Turf,Mile,1800,Spring,Daytime,Classic Class,April,Second Half,350,2000,non_core_distance
93,tachibana_stakes,Tachibana Stakes,tachibana_stakes.png,op.png,,kyoto_1400_turf_right.png,Kyoto,Right,18,OP,OP,Turf,Short,1400,Spring,Daytime,Classic Class,April,Second Half,350,2000,non_core_distance
94,tango_stakes,Tango Stakes,tango_stakes.png,op.png,,kyoto_1400_dirt_right.png,Kyoto,Right,16,OP,OP,Dirt,Short,1400,Spring,Daytime,Classic Class,April,Second Half,350,1800,non_core_distance
95,kyoto_shimbun_hai,Kyoto Shimbun Hai,kyoto_shimbun_hai.png,gii.png,gii_trophy.png,kyoto_2200_turf_right.png,Kyoto,Right,18,GII,G2,Turf,Medium,2200,Spring,Daytime,Classic Class,May,First Half,1750,5400,non_core_distance
96,nhk_mile_cup,NHK Mile Cup,nhk_mile_cup.png,gi.png,nhk_mile_trophy.png,tokyo_1600_turf_left.png,Tokyo,Left,18,GI,G1,Turf,Mile,1600,Spring,Daytime,Classic Class,May,First Half,5000,10500,core_distance
97,principal_stakes,Principal Stakes,principal_stakes.png,op.png,,tokyo_2000_turf_left.png,Tokyo,Left,18,OP,OP,Turf,Medium,2000,Spring,Daytime,Classic Class,May,First Half,350,2000,core_distance
98,seiryu_stakes,Seiryu Stakes,seiryu_stakes.png,op.png,,tokyo_1600_dirt_left.png,Tokyo,Left,16,OP,OP,Dirt,Mile,1600,Spring,Daytime,Classic Class,May,First Half,350,1800,core_distance
99,aoi_stakes,Aoi Stakes,aoi_stakes.png,giii.png,gii_trophy.png,kyoto_1200_turf_right.png,Kyoto,Right,18,GIII,G3,Turf,Short,1200,Spring,Daytime,Classic Class,May,Second Half,1250,3800,core_distance
100,hosu_stakes,Hosu Stakes,hosu_stakes.png,op.png,,kyoto_1800_dirt_right.png,Kyoto,Right,16,OP,OP,Dirt,Mile,1800,Spring,Daytime,Classic Class,May,Second Half,350,1900,non_core_distance
101,japanese_oaks,Japanese Oaks,japanese_oaks.png,gi.png,jap_oaks_cup.png,tokyo_2400_turf_left.png,Tokyo,Left,18,GI,G1,Turf,Medium,2400,Spring,Daytime,Classic Class,May,Second Half,6000,11000,core_distance
102,shirayuri_stakes,Shirayuri Stakes,shirayuri_stakes.png,op.png,,kyoto_1800_turf_right.png,Kyoto,Right,18,OP,OP,Turf,Mile,1800,Spring,Daytime,Classic Class,May,Second Half,350,2000,non_core_distance
103,tokyo_yushun_japanese_derby,Tokyo Yushun (Japanese Derby),tokyo_yushun_japanese_derby.png,gi.png,tokyo_yushun_cup.png,tokyo_2400_turf_left.png,Tokyo,Left,18,GI,G1,Turf,Medium,2400,Spring,Daytime,Classic Class,May,Second Half,6000,20000,core_distance
104,epsom_cup,Epsom Cup,epsom_cup.png,giii.png,epsom_cup.png,tokyo_1800_turf_left.png,Tokyo,Left,18,GIII,G3,Turf,Mile,1800,Spring,Daytime,Classic Class,June,First Half,1500,4100,non_core_distance
105,kanto_oaks,Kanto Oaks,kanto_oaks.png,gii.png,,kawasaki_2100_dirt_left.png,Kawasaki,Left,14,GII,G2,Dirt,Medium,2100,Spring,Night,Classic Class,June,First Half,1800,3500,non_core_distance
106,mermaid_stakes,Mermaid Stakes,mermaid_stakes.png,giii.png,mainichi_cup.png,hanshin_2000_turf_right.png,Hanshin,Right,16,GIII,G3,Turf,Medium,2000,Spring,Daytime,Classic Class,June,First Half,1000,3600,core_distance
107,naruo_kinen,Naruo Kinen,naruo_kinen.png,giii.png,mainichi_cup.png,hanshin_2000_turf_right.png,Hanshin,Right,16,GIII,G3,Turf,Medium,2000,Spring,Daytime,Classic Class,June,First Half,1500,4100,core_distance
108,sleipnir_stakes,Sleipnir Stakes,sleipnir_stakes.png,op.png,,tokyo_2100_dirt_left.png,Tokyo,Left,16,OP,OP,Dirt,Medium,2100,Spring,Daytime,Classic Class / Senior Class,June,First Half,350,2200,non_core_distance
109,tempozan_stakes,Tempozan Stakes,tempozan_stakes.png,op.png,,hanshin_1400_dirt_right.png,Hanshin,Right,16,OP,OP,Dirt,Short,1400,Spring,Daytime,Classic Class / Senior Class,June,First Half,350,2200,non_core_distance
110,yasuda_kinen,Yasuda Kinen,yasuda_kinen.png,gi.png,yasuda_kinen_cup.png,tokyo_1600_turf_left.png,Tokyo,Left,18,GI,G1,Turf,Mile,1600,Spring,Daytime,Classic Class/Senior Class,June,First Half,15000,13000,core_distance
111,akhalteke_stakes,Akhalteke Stakes,akhalteke_stakes.png,op.png,,tokyo_1600_dirt_left.png,Tokyo,Left,16,OP,OP,Dirt,Mile,1600,Spring,Daytime,Classic Class / Senior Class,June,Second Half,350,2200,core_distance
112,hakodate_sprint_stakes,Hakodate Sprint Stakes,hakodate_sprint_stakes.png,giii.png,g3_trophy.png,hakodate_1200_turf_right.png,Hakodate,Right,16,GIII,G3,Turf,Short,1200,Spring,Daytime,Classic Class / Senior Class,June,Second Half,1250,3900,core_distance
113,onuma_stakes,Onuma Stakes,,op.png,,hakodate_1700_dirt_right.png,Hakodate,Right,14,OP,OP,Dirt,Mile,1700,Spring,Daytime,Classic Class / Senior Class,June,Second Half,350,2300,non_core_distance
114,paradise_stakes,Paradise Stakes,paradise_stakes.png,op.png,,tokyo_1400_turf_left.png,Tokyo,Left,18,OP,OP,Turf,Short,1400,Spring,Daytime,Classic Class / Senior Class,June,Second Half,350,2500,non_core_distance
115,sannomiya_stakes,Sannomiya Stakes,sannomiya_stakes.png,op.png,,hanshin_1800_dirt_right.png,Hanshin,Right,16,OP,OP,Dirt,Mile,1800,Spring,Daytime,Classic Class / Senior Class,June,Second Half,350,2200,non_core_distance
116,takarazuka_kinen,Takarazuka Kinen,takarazuka_kinen.png,gi.png,takarazuka_kinen_cup.png,hanshin_2200_turf_right.png,Hanshin,Right,18,GI,G1,Turf,Medium,2200,Spring,Daytime,Classic Class / Senior Class,June,Second Half,20000,15000,non_core_distance
117,unicorn_stakes,Unicorn Stakes,unicorn_stakes.png,giii.png,unicorn_cup.png,tokyo_1600_dirt_left.png,Tokyo,Left,16,GIII,G3,Dirt,Mile,1600,Spring,Daytime,Classic Class,June,Second Half,750,3500,core_distance
118,yonago_stakes,Yonago Stakes,yonago_stakes.png,op.png,,hanshin_1600_turf_right.png,Hanshin,Right,18,OP,OP,Turf,Mile,1600,Spring,Daytime,Classic Class / Senior Class,June,Second Half,350,2500,core_distance
119,cbc_sho,CBC Sho,cbc_sho.png,giii.png,falco_cup.png,chukyo_1200_turf_left.png,Chukyo,Left,18,GIII,G3,Turf,Short,1200,Summer,Daytime,Classic Class,July,First Half,1250,3900,core_distance
120,hakodate_kinen,Hakodate Kinen,hakodate_kinen.png,giii.png,giii_trophy.png,hakodate_2000_turf_right.png,Hakodate,Right,16,GIII,G3,Turf,Medium,2000,Summer,Daytime,Classic Class / Senior Class,July,First Half,1500,4100,core_distance
121,japan_dirt_derby,Japan Dirt Derby,japan_dirt_derby.png,gi.png,japan_dirt_cup.png,ooi_2000_dirt_right.png,Ooi,Right,16,GI,G1,Dirt,Medium,2000,Summer,Night,Classic Class / Senior Class,July,First Half,4000,4500,core_distance
122,marine_stakes,Marine Stakes,marine_stakes.png,op.png,,hakodate_1700_dirt_right.png,Hakodate,Right,14,OP,OP,Dirt,Mile,1700,Summer,Daytime,Classic Class / Senior Class,July,First Half,350,2200,non_core_distance
123,meitetsu_hai,Meitetsu Hai,meitetsu_hai.png,op.png,,chukyo_1800_dirt_left.png,Chukyo,Left,16,OP,OP,Dirt,Mile,1800,Summer,Daytime,Classic Class / Senior Class,July,First Half,350,2300,non_core_distance
124,procyon_stakes,Procyon Stakes,procyon_stakes.png,giii.png,falco_cup.png,chukyo_1400_dirt_left.png,Chukyo,Left,16,GIII,G3,Dirt,Short,1400,Summer,Daytime,Classic Class,July,First Half,1000,3600,non_core_distance
125,radio_nikkei_sho,Radio Nikkei Sho,radio_nikkei_sho.png,giii.png,nikkei_sho_cup.png,fukushima_1800_turf_right.png,Fukushima,Right,16,GIII,G3,Turf,Mile,1800,Summer,Daytime,Classic Class,July,First Half,1250,3800,non_core_distance
126,sparking_lady_cup,Sparking Lady Cup,sparking_lady_cup.png,giii.png,,kawasaki_1600_dirt_left.png,Kawasaki,Left,14,GIII,G3,Dirt,Mile,1600,Summer,Night,Classic Class / Senior Class,July,First Half,1000,2500,core_distance
127,tanabata_sho,Tanabata Sho,tanabata_sho.png,giii.png,nikkei_sho_cup.png,fukushima_2000_turf_right.png,Fukushima,Right,16,GIII,G3,Turf,Medium,2000,Summer,Daytime,Classic Class / Senior Class,July,First Half,1500,4100,core_distance
128,tomoe_sho,Tomoe Sho,tomoe_sho.png,op.png,,hakodate_1800_turf_right.png,Hakodate,Right,16,OP,OP,Turf,Mile,1800,Summer,Daytime,Classic Class / Senior Class,July,First Half,350,2400,non_core_distance
129,chukyo_kinen,Chukyo Kinen,chukyo_kinen.png,giii.png,falco_cup.png,chukyo_1600_turf_left.png,Chukyo,Left,16,GIII,G3,Turf,Mile,1600,Summer,Daytime,Classic Class / Senior Class,July,Second Half,1250,3900,core_distance
130,fukushima_tv_open,Fukushima TV Open,fukushima_tv_open.png,op.png,,fukushima_1200_turf_right.png,Fukushima,Right,14,OP,OP,Turf,Short,1200,Summer,Daytime,Classic Class / Senior Class,July,Second Half,350,2300,core_distance
131,ibis_summer_dash,Ibis Summer Dash,ibis_summer_dash.png,giii.png,giii_trophy.png,niigata_1000_turf_straight.png,Niigata,Straight,18,GIII,G3,Turf,Short,1000,Summer,Daytime,Classic Class,July,Second Half,1250,3900,non_core_distance
132,mercury_cup,Mercury Cup,mercury_cup.png,giii.png,,morioka_2000_dirt_left.png,Morioka,Left,14,GIII,G3,Dirt,Medium,2000,Summer,Evening,Classic Class / Senior Class,July,Second Half,1000,2300,core_distance
133,queen_stakes,Queen Stakes,queen_stakes.png,giii.png,sapporo_cup.png,sapporo_1800_turf_right.png,Sapporo,Right,14,GIII,G3,Turf,Mile,1800,Summer,Daytime,Classic Class / Senior Class,July,Second Half,1000,3600,non_core_distance
134,aso_stakes,Aso Stakes,aso_stakes.png,op.png,,kokura_1700_dirt_right.png,Kokura,Right,16,OP,OP,Dirt,Mile,1700,Summer,Daytime,Classic Class / Senior Class,August,First Half,350,2200,non_core_distance
135,elm_stakes,Elm Stakes,elm_stakes.png,giii.png,sapporo_cup.png,sapporo_1700_dirt_right.png,Sapporo,Right,14,GIII,G3,Dirt,Mile,1700,Summer,Daytime,Classic Class / Senior Class,August,First Half,1000,3600,non_core_distance
136,kanetsu_stakes,Kanetsu Stakes,kanetsu_stakes.png,op.png,,niigata_1800_turf_left.png,Niigata,Left,18,OP,OP,Turf,Mile,1800,Summer,Daytime,Classic Class / Senior Class,August,First Half,350,2400,non_core_distance
137,kokura_kinen,Kokura Kinen,kokura_kinen.png,giii.png,kokura_cup.png,kokura_2000_turf_right.png,Kokura,Right,18,GIII,G3,Turf,Medium,2000,Summer,Daytime,Classic Class / Senior Class,August,First Half,1500,4100,core_distance
138,leopard_stakes,Leopard Stakes,leopard_stakes.png,giii.png,giii_trophy.png,niigata_1800_dirt_left.png,Niigata,Left,15,GIII,G3,Dirt,Mile,1800,Summer,Daytime,Classic Class,August,First Half,1250,4000,non_core_distance
139,sapporo_nikkei_open,Sapporo Nikkei Open,sapporo_nikkei_open.png,op.png,,sapporo_2600_turf_right.png,Sapporo,Right,14,OP,OP,Turf,Long,2600,Summer,Daytime,Classic Class / Senior Class,August,First Half,350,2600,non_core_distance
140,sekiya_kinen,Sekiya Kinen,sekiya_kinen.png,giii.png,giii_trophy.png,niigata_1600_turf_left.png,Niigata,Left,18,GIII,G3,Turf,Mile,1600,Summer,Daytime,Classic Class / Senior Class,August,First Half,1250,3900,core_distance
141,uhb_sho,UHB Sho,uhb_sho.png,op.png,,sapporo_1200_turf_right.png,Sapporo,Right,16,OP,OP,Turf,Short,1200,Summer,Daytime,Classic Class / Senior Class,August,First Half,350,2300,core_distance
142,bsn_sho,BSN Sho,bsn_sho.png,op.png,,niigata_1800_dirt_left.png,Niigata,Left,15,OP,OP,Dirt,Mile,1800,Summer,Daytime,Classic Class / Senior Class,August,Second Half,350,2300,non_core_distance
143,cluster_cup,Cluster Cup,cluster_cup.png,giii.png,,morioka_1200_dirt_left.png,Morioka,Left,14,GIII,G3,Dirt,Short,1200,Summer,Evening,Classic Class / Senior Class,August,Second Half,1000,2300,core_distance
144,keeneland_cup,Keeneland Cup,keeneland_cup.png,giii.png,sapporo_cup.png,sapporo_1200_turf_right.png,Sapporo,Right,16,GIII,G3,Turf,Short,1200,Summer,Daytime,Classic Class / Senior Class,August,Second Half,1500,4100,core_distance
145,kitakyushu_kinen,Kitakyushu Kinen,kitakyushu_kinen.png,giii.png,giii_trophy.png,kokura_1200_turf_right.png,Kokura,Right,18,GIII,G3,Turf,Short,1200,Summer,Daytime,Classic Class / Senior Class,August,Second Half,1250,3900,core_distance
146,kokura_nikkei_open,Kokura Nikkei Open,kokura_nikkei_open.png,op.png,,kokura_1800_turf_right.png,Kokura,Right,16,OP,OP,Turf,Mile,1800,Summer,Daytime,Classic Class / Senior Class,August,Second Half,350,2400,non_core_distance
147,nst_sho,NST Sho,nst_sho.png,op.png,,niigata_1200_dirt_left.png,Niigata,Left,15,OP,OP,Dirt,Short,1200,Summer,Daytime,Classic Class / Senior Class,August,Second Half,350,2200,core_distance
148,sapporo_kinen,Sapporo Kinen,sapporo_kinen.png,gii.png,sapporo_cup.png,sapporo_2000_turf_right.png,Sapporo,Right,16,GII,G2,Turf,Medium,2000,Summer,Daytime,Classic Class,August,Second Half,2000,7000,core_distance
149,toki_stakes,Toki Stakes,toki_stakes.png,op.png,,niigata_1400_turf_left.png,Niigata,Left,18,OP,OP,Turf,Short,1400,Summer,Daytime,Classic Class / Senior Class,August,Second Half,350,2500,non_core_distance
150,centaur_stakes,Centaur Stakes,centaur_stakes.png,gii.png,mainichi_cup.png,hanshin_1200_turf_right.png,Hanshin,Right,16,GII,G2,Turf,Short,1200,Summer,Daytime,Classic Class,September,First Half,1900,5900,core_distance
151,enif_stakes,Enif Stakes,enif_stakes.png,op.png,,hanshin_1400_dirt_right.png,Hanshin,Right,16,OP,OP,Dirt,Short,1400,Summer,Daytime,Classic Class / Senior Class,September,First Half,350,2300,non_core_distance
152,keisei_hai_autumn_handicap,Keisei Hai Autumn Handicap,keisei_hai_autumn_handicap.png,giii.png,nakayama_g3_cup.png,nakayama_1600_turf_right.png,Nakayama,Right,16,GIII,G3,Turf,Mile,1600,Summer,Daytime,Classic Class / Senior Class,September,First Half,1250,3900,core_distance
153,niigata_kinen,Niigata Kinen,niigata_kinen.png,giii.png,giii_trophy.png,niigata_2000_turf_left.png,Niigata,Left,18,GIII,G3,Turf,Medium,2000,Summer,Daytime,Classic Class / Senior Class,September,First Half,1500,4100,core_distance
154,radio_nippon_sho,Radio Nippon Sho,radio_nippon_sho.png,op.png,,nakayama_1800_dirt_right.png,Nakayama,Right,16,OP,OP,Dirt,Mile,1800,Summer,Daytime,Classic Class / Senior Class,September,First Half,350,2200,non_core_distance
155,rose_stakes,Rose Stakes,rose_stakes.png,gii.png,mainichi_cup.png,hanshin_1800_turf_right.png,Hanshin,Right,18,GII,G2,Turf,Mile,1800,Summer,Daytime,Classic Class,September,First Half,1750,5200,non_core_distance
156,shion_stakes,Shion Stakes,shion_stakes.png,giii.png,giii_trophy.png,nakayama_2000_turf_right.png,Nakayama,Right,18,GIII,G3,Turf,Medium,2000,Summer,Daytime,Classic Class,September,First Half,1000,3500,core_distance
157,tancho_stakes,Tancho Stakes,tancho_stakes.png,op.png,,sapporo_2600_turf_right.png,Sapporo,Right,14,OP,OP,Turf,Long,2600,Summer,Daytime,Classic Class / Senior Class,September,First Half,350,2400,non_core_distance
158,all_comers,All Comers,all_comers.png,gii.png,nakayama_g3_cup.png,nakayama_2200_turf_right.png,Nakayama,Right,18,GII,G2,Turf,Medium,2200,Autumn,Daytime,Classic Class / Senior Class,September,Second Half,2000,6700,non_core_distance
159,kobe_shimbun_hai,Kobe Shimbun Hai,kobe_shimbun_hai.png,gii.png,mainichi_cup.png,hanshin_2400_turf_right.png,Hanshin,Right,18,GII,G2,Turf,Medium,2400,Autumn,Daytime,Classic Class / Senior Class,September,Second Half,1750,5400,core_distance
160,nagatsuki_stakes,Nagatsuki Stakes,nagatsuki_stakes.png,op.png,,nakayama_1200_dirt_right.png,Nakayama,Right,16,OP,OP,Dirt,Short,1200,Autumn,Daytime,Classic Class / Senior Class,September,Second Half,350,2200,core_distance
161,port_island_stakes,Port Island Stakes,port_island_stakes.png,op.png,,hanshin_1600_turf_right.png,Hanshin,Right,18,OP,OP,Turf,Mile,1600,Autumn,Daytime,Classic Class / Senior Class,September,Second Half,350,2500,core_distance
162,sazanka_tv_hai,Sazanka TV Hai,sazanka_tv_hai.png,gii.png,,funabashi_1800_dirt_left.png,Funabashi,Left,14,GII,G2,Dirt,Mile,1800,Autumn,Night,Classic Class / Senior Class,September,Second Half,1800,3200,non_core_distance
163,sirius_stakes,Sirius Stakes,sirius_stakes.png,giii.png,mainichi_cup.png,hanshin_2000_dirt_right.png,Hanshin,Right,16,GIII,G3,Dirt,Medium,2000,Autumn,Daytime,Classic Class / Senior Class,September,Second Half,1000,3600,core_distance
164,sprinters_stakes,Sprinters Stakes,sprinters_stakes.png,gi.png,sprinter_cup.png,nakayama_1200_turf_right.png,Nakayama,Right,16,GI,G1,Turf,Short,1200,Autumn,Daytime,Classic Class / Senior Class,September,Second Half,15000,13000,core_distance
165,st_lite_kinen,St. Lite Kinen,st_lite_kinen.png,gii.png,kinen_cup.png,nakayama_2200_turf_right.png,Nakayama,Right,18,GII,G2,Turf,Medium,2200,Autumn,Daytime,Classic Class / Senior Class,September,Second Half,1750,5400,non_core_distance
166,fuchu_umamusume_stakes,Fuchu Umamusume Stakes,fuchu_umamusume_stakes.png,gii.png,fuchu_cup.png,tokyo_1800_turf_left.png,Tokyo,Left,18,GII,G2,Turf,Mile,1800,Autumn,Daytime,Classic Class / Senior Class,October,First Half,1800,5500,non_core_distance
167,green_channel_cup,Green Channel Cup,green_channel_cup.png,op.png,,tokyo_1400_dirt_left.png,Tokyo,Left,16,OP,OP,Dirt,Short,1400,Autumn,Daytime,Classic Class / Senior Class,October,First Half,350,2300,non_core_distance
168,kyoto_daishoten,Kyoto Daishoten,kyoto_daishoten.png,gii.png,gii_trophy.png,kyoto_2400_turf_right.png,Kyoto,Right,18,GII,G2,Turf,Medium,2400,Autumn,Daytime,Classic Class / Senior Class,October,First Half,2000,6700,core_distance
169,ladies_prelude,Ladies' Prelude,ladies_prelude.png,gii.png,,ooi_1800_dirt_right.png,Oi,Right,16,GII,G2,Dirt,Mile,1800,Autumn,Night,Classic Class / Senior Class,October,First Half,1800,3100,non_core_distance
170,m_c_nambu_hai,M.C. Nambu Hai,m_c_nambu_hai.png,gi.png,,tokyo_1600_dirt_left.png,Tokyo,Left,16,GI,G1,Dirt,Mile,1600,Autumn,Daytime,Classic Class / Senior Class,October,First Half,,,core_distance
171,mainichi_okan,Mainichi Okan,mainichi_okan.png,gii.png,mainichi_okan_cup.png,tokyo_1800_turf_left.png,Tokyo,Left,18,GII,G2,Turf,Mile,1800,Autumn,Daytime,Classic Class / Senior Class,October,First Half,2000,6700,non_core_distance
172,october_stakes,October Stakes,october_stakes.png,op.png,,tokyo_2000_turf_left.png,Tokyo,Left,18,OP,OP,Turf,Medium,2000,Autumn,Daytime,Classic Class / Senior Class,October,First Half,350,2600,core_distance
173,opal_stakes,Opal Stakes,opal_stakes.png,op.png,,kyoto_1200_turf_right.png,Kyoto,Right,18,OP,OP,Turf,Short,1200,Autumn,Daytime,Classic Class / Senior Class,October,First Half,350,2500,core_distance
174,shinetsu_stakes,Shinetsu Stakes,shinetsu_stakes.png,op.png,,niigata_1400_turf_left.png,Niigata,Left,18,OP,OP,Turf,Short,1400,Autumn,Daytime,Classic Class / Senior Class,October,First Half,350,2500,non_core_distance
175,tokyo_hai,Tokyo Hai,tokyo_hai.png,gii.png,,ooi_1200_dirt_right.png,Ooi,Right,16,GII,G2,Dirt,Short,1200,Autumn,Night,Classic Class / Senior Class,October,First Half,1800,3500,core_distance
176,uzumasa_stakes,Uzumasa Stakes,uzumasa_stakes.png,op.png,,kyoto_1800_dirt_right.png,Kyoto,Right,16,OP,OP,Dirt,Mile,1800,Autumn,Daytime,Classic Class / Senior Class,October,First Half,350,2200,non_core_distance
177,brazil_cup,Brazil Cup,brazil_cup.png,op.png,,tokyo_2100_dirt_left.png,Tokyo,Left,16,OP,OP,Dirt,Medium,2100,Autumn,Daytime,Classic Class / Senior Class,October,Second Half,350,2300,non_core_distance
178,cassiopeia_stakes,Cassiopeia Stakes,cassiopeia_stakes.png,op.png,,kyoto_1800_turf_right.png,Kyoto,Right,18,OP,OP,Turf,Mile,1800,Autumn,Daytime,Classic Class / Senior Class,October,Second Half,350,2600,non_core_distance
179,fuji_stakes,Fuji Stakes,fuji_stakes.png,gii.png,siuu.png,tokyo_1600_turf_left.png,Tokyo,Left,18,GII,G2,Turf,Mile,1600,Autumn,Daytime,Classic Class / Senior Class,October,Second Half,1900,5900,core_distance
180,kikuka_sho,Kikuka Sho,kikuka_sho.png,gi.png,kikuka_cup.png,kyoto_3000_turf_right.png,Kyoto,Right,18,GI,G1,Turf,Long,3000,Autumn,Daytime,Classic Class,October,Second Half,7500,12000,non_core_distance
181,lumiere_autumn_dash,Lumiere Autumn Dash,lumiere_autumn_dash.png,op.png,,niigata_1000_turf_straight.png,Niigata,Straight,18,OP,OP,Turf,Short,1000,Autumn,Daytime,Classic Class / Senior Class,October,Second Half,350,2500,non_core_distance
182,muromachi_stakes,Muromachi Stakes,muromachi_stakes.png,op.png,,kyoto_1200_dirt_right.png,Kyoto,Right,16,OP,OP,Dirt,Short,1200,Autumn,Daytime,Classic Class / Senior Class,October,Second Half,350,2200,core_distance
183,shuka_sho,Shuka Sho,shuka_sho.png,gi.png,shuka_cup.png,kyoto_2000_turf_right.png,Kyoto,Right,18,GI,G1,Turf,Medium,2000,Autumn,Daytime,Classic Class,October,Second Half,7500,10000,core_distance
184,swan_stakes,Swan Stakes,swan_stakes.png,gii.png,gii_trophy.png,kyoto_1400_turf_right.png,Kyoto,Right,18,GII,G2,Turf,Short,1400,Autumn,Daytime,Classic Class / Senior Class,October,Second Half,1900,5900,non_core_distance
185,tenno_sho_autumn,Tenno Sho (Autumn),tenno_sho_autumn.png,gi.png,tenno_cup.png,tokyo_2000_turf_left.png,Tokyo,Left,18,GI,G1,Turf,Medium,2000,Autumn,Daytime,Classic Class / Senior Class,October,Second Half,20000,15000,core_distance
186,copa_republica_argentina,Copa Republica Argentina,copa_republica_argentina.png,gii.png,copa_america.png,tokyo_2500_turf_left.png,Tokyo,Left,18,GII,G2,Turf,Long,2500,Autumn,Daytime,Classic Class / Senior Class,November,First Half,1900,5700,non_core_distance
187,fukushima_kinen,Fukushima Kinen,fukushima_kinen.png,giii.png,nikkei_sho_cup.png,fukushima_2000_turf_right.png,Fukushima,Right,16,GIII,G3,Turf,Medium,2000,Autumn,Daytime,Classic Class / Senior Class,November,First Half,1500,4100,core_distance
188,jbc_classic,JBC Classic,jbc_classic.png,gi.png,JBC_cup.png,ooi_2000_dirt_right.png,Oi,Right,16,GI,G1,Dirt,Medium,2000,Autumn,Evening,Classic Class / Senior Class,November,First Half,12000,8000,core_distance
189,jbc_ladies_classic,JBC Ladies’ Classic,jbc_ladies_classic.png,gi.png,jbc_ladies_cup.png,ooi_1800_dirt_right.png,Oi,Right,16,GI,G1,Dirt,Mile,1800,Autumn,Evening,Classic Class / Senior Class,November,First Half,12000,4100,non_core_distance
190,jbc_sprint,JBC Sprint,jbc_sprint.png,gi.png,jbc_sprint_cup.png,ooi_1200_dirt_right.png,Oi,Right,16,GI,G1,Dirt,Short,1200,Autumn,Evening,Classic Class / Senior Class,November,First Half,12000,6000,core_distance
191,miyako_stakes,Miyako Stakes,miyako_stakes.png,giii.png,gii_trophy.png,kyoto_1800_dirt_right.png,Kyoto,Right,16,GIII,G3,Dirt,Mile,1800,Autumn,Daytime,Classic Class / Senior Class,November,First Half,750,3800,non_core_distance
192,musashino_stakes,Musashino Stakes,musashino_stakes.png,giii.png,siuu.png,tokyo_1600_dirt_left.png,Tokyo,Left,16,GIII,G3,Dirt,Mile,1600,Autumn,Daytime,Classic Class / Senior Class,November,First Half,1250,3800,core_distance
193,oro_cup,Oro Cup,oro_cup.png,op.png,,tokyo_1400_turf_left.png,Tokyo,Left,18,OP,OP,Turf,Short,1400,Autumn,Daytime,Classic Class / Senior Class,November,First Half,350,2500,non_core_distance
194,queen_elizabeth_ii_cup,Queen Elizabeth II Cup,queen_elizabeth_ii_cup.png,gi.png,queen_eliza_cup.png,kyoto_2200_turf_right.png,Kyoto,Right,18,GI,G1,Turf,Medium,2200,Autumn,Daytime,Classic Class / Senior Class,November,First Half,10000,10500,non_core_distance
195,andromeda_stakes,Andromeda Stakes,andromeda_stakes.png,op.png,,kyoto_2000_turf_right.png,Kyoto,Right,18,OP,OP,Turf,Medium,2000,Autumn,Daytime,Classic Class / Senior Class,November,Second Half,350,2600,core_distance
196,autumn_leaf_stakes,Autumn Leaf Stakes,autumn_leaf_stakes.png,op.png,,kyoto_1200_dirt_right.png,Kyoto,Right,16,OP,OP,Dirt,Short,1200,Autumn,Daytime,Classic Class / Senior Class,November,Second Half,350,2200,core_distance
197,capital_stakes,Capital Stakes,capital_stakes.png,op.png,,tokyo_1600_turf_left.png,Tokyo,Left,18,OP,OP,Turf,Mile,1600,Autumn,Daytime,Classic Class / Senior Class,November,Second Half,350,2500,core_distance
198,fukushima_minyu_cup,Fukushima Minyu Cup,fukushima_minyu_cup.png,op.png,,fukushima_1700_dirt_right.png,Fukushima,Right,15,OP,OP,Dirt,Mile,1700,Autumn,Daytime,Classic Class / Senior Class,November,Second Half,350,2300,non_core_distance
199,japan_cup,Japan Cup,japan_cup.png,gi.png,japan_trophy.png,tokyo_2400_turf_left.png,Tokyo,Left,18,GI,G1,Turf,Medium,2400,Autumn,Daytime,Classic Class / Senior Class,November,Second Half,25000,30000,core_distance
200,keihan_hai,Keihan Hai,keihan_hai.png,giii.png,gii_trophy.png,kyoto_1200_turf_right.png,Kyoto,Right,18,GIII,G3,Turf,Short,1200,Autumn,Daytime,Classic Class / Senior Class,November,Second Half,1250,3900,core_distance
201,mile_championship,Mile Championship,mile_championship.png,gi.png,mile_cup.png,kyoto_1600_turf_right.png,Kyoto,Right,18,GI,G1,Turf,Mile,1600,Autumn,Daytime,Classic Class / Senior Class,November,Second Half,15000,11000,core_distance
202,shimotsuki_stakes,Shimotsuki Stakes,shimotsuki_stakes.png,op.png,,tokyo_1400_dirt_left.png,Tokyo,Left,16,OP,OP,Dirt,Short,1400,Autumn,Daytime,Classic Class / Senior Class,November,Second Half,350,2200,non_core_distance
203,capella_stakes,Capella Stakes,capella_stakes.png,giii.png,capella_cup.png,nakayama_1200_dirt_right.png,Nakayama,Right,16,GIII,G3,Dirt,Short,1200,Winter,Daytime,Classic Class / Senior Class,December,First Half,1000,3600,core_distance
204,challenge_cup,Challenge Cup,challenge_cup.png,giii.png,mainichi_cup.png,hanshin_2000_turf_right.png,Hanshin,Right,16,GIII,G3,Turf,Medium,2000,Autumn,Daytime,Classic Class / Senior Class,December,First Half,1500,4100,core_distance
205,champions_cup,Champions Cup,champions_cup.png,gi.png,dirt_cup.png,chukyo_1800_dirt_left.png,Chukyo,Left,16,GI,G1,Dirt,Mile,1800,Winter,Daytime,Classic Class / Senior Class,December,First Half,12000,10000,non_core_distance
206,chunichi_shimbun_hai,Chunichi Shimbun Hai,chunichi_shimbun_hai.png,giii.png,falco_cup.png,chukyo_2000_turf_left.png,Chukyo,Left,18,GIII,G3,Turf,Medium,2000,Winter,Daytime,Classic Class / Senior Class,December,First Half,1500,4100,core_distance
207,december_stakes,December Stakes,december_stakes.png,op.png,,nakayama_1800_turf_right.png,Nakayama,Right,16,OP,OP,Turf,Mile,1800,Winter,Daytime,Classic Class / Senior Class,December,First Half,350,2600,non_core_distance
208,lapis_lazuli_stakes,Lapis Lazuli Stakes,lapis_lazuli_stakes.png,op.png,,nakayama_1200_turf_right.png,Nakayama,Right,16,OP,OP,Turf,Short,1200,Winter,Daytime,Classic Class / Senior Class,December,First Half,350,2500,core_distance
209,queen_sho,Queen Sho,queen_sho.png,giii.png,,funabashi_1800_dirt_left.png,Funabashi,Left,14,GIII,G3,Dirt,Mile,1800,Winter,Night,Classic Class / Senior Class,December,First Half,1000,2100,non_core_distance
210,rigel_stakes,Rigel Stakes,rigel_stakes.png,op.png,,hanshin_1600_turf_right.png,Hanshin,Right,18,OP,OP,Turf,Mile,1600,Winter,Daytime,Classic Class / Senior Class,December,First Half,350,2500,core_distance
211,shiwasu_stakes,Shiwasu Stakes,shiwasu_stakes.png,op.png,,nakayama_1800_dirt_right.png,Nakayama,Right,16,OP,OP,Dirt,Mile,1800,Winter,Daytime,Classic Class / Senior Class,December,First Half,350,2300,non_core_distance
212,stayers_stakes,Stayers Stakes,stayers_stakes.png,gii.png,nakayama_g3_cup.png,nakayama_3600_turf_right.png,Nakayama,Right,16,GII,G2,Turf,Long,3600,Winter,Daytime,Classic Class / Senior Class,December,First Half,2000,6200,core_distance
213,tanzanite_stakes,Tanzanite Stakes,tanzanite_stakes.png,op.png,,hanshin_1200_turf_right.png,Hanshin,Right,16,OP,OP,Turf,Short,1200,Winter,Daytime,Classic Class / Senior Class,December,First Half,350,2300,core_distance
214,turquoise_stakes,Turquoise Stakes,turquoise_stakes.png,giii.png,nakayama_g3_cup.png,nakayama_1600_turf_right.png,Nakayama,Right,16,GIII,G3,Turf,Mile,1600,Winter,Daytime,Classic Class / Senior Class,December,First Half,1000,3600,core_distance
215,arima_kinen,Arima Kinen,arima_kinen.png,gi.png,arima_kinen_cup.png,nakayama_2500_turf_right.png,Nakayama,Right,16,GI,G1,Turf,Long,2500,Winter,Daytime,Classic Class / Senior Class,December,Second Half,25000,30000,non_core_distance
216,betelgeuse_stakes,Betelgeuse Stakes,betelgeuse_stakes.png,op.png,,hanshin_1800_dirt_right.png,Hanshin,Right,16,OP,OP,Dirt,Mile,1800,Winter,Daytime,Classic Class / Senior Class,December,Second Half,350,2200,non_core_distance
217,galaxy_stakes,Galaxy Stakes,galaxy_stakes.png,op.png,,hanshin_1400_dirt_right.png,Hanshin,Right,16,OP,OP,Dirt,Short,1400,Winter,Daytime,Classic Class / Senior Class,December,Second Half,350,2200,non_core_distance
218,hanshin_cup,Hanshin Cup,hanshin_cup.png,gii.png,mainichi_cup.png,hanshin_1400_turf_right.png,Hanshin,Right,18,GII,G2,Turf,Short,1400,Winter,Daytime,Classic Class / Senior Class,December,Second Half,2000,6700,non_core_distance
219,tokyo_daishoten,Tokyo Daishoten,tokyo_daishoten.png,gi.png,tokyo_daishoten_cup.png,ooi_2000_dirt_right.png,Oi,Right,16,GI,G1,Dirt,Medium,2000,Winter,Evening,Classic Class / Senior Class,December,Second Half,12000,8000,core_distance
220,aichi_hai,Aichi Hai,aichi_hai.png,giii.png,falco_cup.png,chukyo_2000_turf_left.png,Chukyo,Left,18,GIII,G3,Turf,Medium,2000,Winter,Daytime,Senior Class,January,First Half,750,3600,core_distance
221,carbuncle_stakes,Carbuncle Stakes,carbuncle_stakes.png,op.png,,nakayama_1200_turf_right.png,Nakayama,Right,16,OP,OP,Turf,Short,1200,Winter,Daytime,Senior Class,January,First Half,350,2300,core_distance
222,january_stakes,January Stakes,january_stakes.png,op.png,,nakayama_1200_dirt_right.png,Nakayama,Right,16,OP,OP,Dirt,Short,1200,Winter,Daytime,Senior Class,January,First Half,350,2200,core_distance
223,kyoto_kimpai,Kyoto Kimpai,kyoto_kimpai.png,giii.png,gii_trophy.png,kyoto_1600_turf_right.png,Kyoto,Right,18,GIII,G3,Turf,Mile,1600,Winter,Daytime,Senior Class,January,First Half,1500,4100,core_distance
224,manyo_stakes,Manyo Stakes,manyo_stakes.png,op.png,,kyoto_3000_turf_right.png,Kyoto,Right,18,OP,OP,Turf,Long,3000,Winter,Daytime,Senior Class,January,First Half,350,2400,non_core_distance
225,nakayama_kimpai,Nakayama Kimpai,nakayama_kimpai.png,giii.png,nakayama_g3_cup.png,nakayama_2000_turf_right.png,Nakayama,Right,18,GIII,G3,Turf,Medium,2000,Winter,Daytime,Senior Class,January,First Half,1500,4100,core_distance
226,new_year_stakes,New Year Stakes,new_year_stakes.png,op.png,,nakayama_1600_turf_right.png,Nakayama,Right,16,OP,OP,Turf,Mile,1600,Winter,Daytime,Senior Class,January,First Half,350,2500,core_distance
227,nikkei_shinshun_hai,Nikkei Shinshun Hai,nikkei_shinshun_hai.png,gii.png,gii_trophy.png,kyoto_2400_turf_right.png,Kyoto,Right,18,GII,G2,Turf,Medium,2400,Winter,Daytime,Senior Class,January,First Half,1800,5700,core_distance
228,pollux_stakes,Pollux Stakes,pollux_stakes.png,op.png,,nakayama_1800_dirt_right.png,Nakayama,Right,16,OP,OP,Dirt,Mile,1800,Winter,Daytime,Senior Class,January,First Half,350,2200,non_core_distance
229,yodo_tankyori_stakes,Yodo Tankyori Stakes,yodo_tankyori_stakes.png,op.png,,kyoto_1200_turf_right.png,Kyoto,Right,18,OP,OP,Turf,Short,1200,Winter,Daytime,Senior Class,January,First Half,350,2500,core_distance
230,american_jcc,American JCC,american_jcc.png,gii.png,jcc_cup.png,nakayama_2200_turf_right.png,Nakayama,Right,18,GII,G2,Turf,Medium,2200,Winter,Daytime,Senior Class,January,Second Half,1900,6200,non_core_distance
231,negishi_stakes,Negishi Stakes,negishi_stakes.png,giii.png,capella_cup.png,tokyo_1400_dirt_left.png,Tokyo,Left,16,GIII,G3,Dirt,Short,1400,Winter,Daytime,Senior Class,January,Second Half,1000,3800,non_core_distance
232,shirafuji_stakes,Shirafuji Stakes,shirafuji_stakes.png,op.png,,tokyo_2000_turf_left.png,Tokyo,Left,18,OP,OP,Turf,Medium,2000,Winter,Daytime,Senior Class,January,Second Half,350,2600,core_distance
233,silk_road_stakes,Silk Road Stakes,silk_road_stakes.png,giii.png,gii_trophy.png,kyoto_1200_turf_right.png,Kyoto,Right,18,GIII,G3,Turf,Short,1200,Winter,Daytime,Senior Class,January,Second Half,1250,3900,core_distance
234,subaru_stakes,Subaru Stakes,subaru_stakes.png,op.png,,kyoto_1400_dirt_right.png,Kyoto,Right,16,OP,OP,Dirt,Short,1400,Winter,Daytime,Senior Class,January,Second Half,350,2300,non_core_distance
235,tck_jo_o_hai,TCK Jo-o Hai,tck_jo_o_hai.png,giii.png,,ooi_1800_dirt_right.png,Oi,Right,16,GIII,G3,Dirt,Mile,1800,Winter,Evening,Senior Class,January,Second Half,1000,2200,non_core_distance
236,tokai_stakes,Tokai Stakes,tokai_stakes.png,gii.png,tokai_cup.png,chukyo_1800_dirt_left.png,Chukyo,Left,16,GII,G2,Dirt,Mile,1800,Winter,Daytime,Senior Class,January,Second Half,1800,5500,non_core_distance
237,aldebaran_stakes,Aldebaran Stakes,aldebaran_stakes.png,op.png,,kyoto_1900_dirt_right.png,Kyoto,Right,16,OP,OP,Dirt,Medium,1900,Winter,Daytime,Senior Class,February,First Half,350,2200,non_core_distance
238,kawasaki_kinen,Kawasaki Kinen,kawasaki_kinen.png,gi.png,,kawasaki_2100_dirt_left.png,Kawasaki,Left,14,GI,G1,Dirt,Medium,2100,Winter,Evening,Senior Class,February,First Half,12000,6000,non_core_distance
239,kyoto_kinen,Kyoto Kinen,kyoto_kinen.png,gii.png,gii_trophy.png,kyoto_2200_turf_right.png,Kyoto,Right,18,GII,G2,Turf,Medium,2200,Winter,Daytime,Senior Class,February,First Half,1900,6200,non_core_distance
240,rakuyo_stakes,Rakuyo Stakes,rakuyo_stakes.png,op.png,,kyoto_1600_turf_right.png,Kyoto,Right,18,OP,OP,Turf,Mile,1600,Winter,Daytime,Senior Class,February,First Half,350,2500,core_distance
241,tokyo_shimbun_hai,Tokyo Shimbun Hai,tokyo_shimbun_hai.png,giii.png,tokyo_cup_2.png,tokyo_1600_turf_left.png,Tokyo,Left,18,GIII,G3,Turf,Mile,1600,Winter,Daytime,Senior Class,February,First Half,1250,3900,core_distance
242,valentine_stakes,Valentine Stakes,valentine_stakes.png,op.png,,tokyo_1400_dirt_left.png,Tokyo,Left,16,OP,OP,Dirt,Short,1400,Winter,Daytime,Senior Class,February,First Half,350,2200,non_core_distance
243,yamato_stakes,Yamato Stakes,yamato_stakes.png,op.png,,kyoto_1200_dirt_right.png,Kyoto,Right,16,OP,OP,Dirt,Short,1200,Winter,Daytime,Senior Class,February,First Half,350,2200,core_distance
244,diamond_stakes,Diamond Stakes,diamond_stakes.png,giii.png,siuu.png,tokyo_3400_turf_left.png,Tokyo,Left,18,GIII,G3,Turf,Long,3400,Winter,Daytime,Senior Class,February,Second Half,1500,4100,non_core_distance
245,february_stakes,February Stakes,february_stakes.png,gi.png,feb_cup.png,tokyo_1600_dirt_left.png,Tokyo,Left,16,GI,G1,Dirt,Mile,1600,Winter,Daytime,Senior Class,February,Second Half,12000,10000,core_distance
246,hankyu_hai,Hankyu Hai,hankyu_hai.png,giii.png,mainichi_cup.png,hanshin_1400_turf_right.png,Hanshin,Right,18,GIII,G3,Turf,Short,1400,Winter,Daytime,Senior Class,February,Second Half,1500,4100,non_core_distance
247,kitakyushu_tankyori_stakes,Kitakyushu Tankyori Stakes,kitakyushu_tankyori_stakes.png,op.png,,kokura_1200_turf_right.png,Kokura,Right,18,OP,OP,Turf,Short,1200,Winter,Daytime,Senior Class,February,Second Half,350,2300,core_distance
248,kokura_daishoten,Kokura Daishoten,kokura_daishoten.png,giii.png,kokura_cup_2.png,kokura_1800_turf_right.png,Kokura,Right,16,GIII,G3,Turf,Mile,1800,Winter,Daytime,Senior Class,February,Second Half,1500,4100,non_core_distance
249,kyoto_umamusume_stakes,Kyoto Umamusume Stakes,kyoto_umamusume_stakes.png,giii.png,gii_trophy.png,kyoto_1400_turf_right.png,Kyoto,Right,18,GIII,G3,Turf,Short,1400,Winter,Daytime,Senior Class,February,Second Half,750,3600,non_core_distance
250,nakayama_kinen,Nakayama Kinen,nakayama_kinen.png,gii.png,nakayama_g3_cup.png,nakayama_1800_turf_right.png,Nakayama,Right,16,GII,G2,Turf,Mile,1800,Winter,Daytime,Senior Class,February,Second Half,1900,6700,non_core_distance
251,sobu_stakes,Sobu Stakes,sobu_stakes.png,op.png,,nakayama_1800_dirt_right.png,Nakayama,Right,16,OP,OP,Dirt,Mile,1800,Winter,Daytime,Senior Class,February,Second Half,350,2200,non_core_distance
252,empress_hai,Empress Hai,empress_hai.png,gii.png,,kawasaki_2100_dirt_left.png,Kawasaki,Left,14,GII,G2,Dirt,Medium,2100,Spring,Evening,Senior Class,March,First Half,1800,3500,non_core_distance
253,kinko_sho,Kinko Sho,kinko_sho.png,gii.png,falco_cup.png,chukyo_2000_turf_left.png,Chukyo,Left,18,GII,G2,Turf,Medium,2000,Spring,Daytime,Senior Class,March,First Half,2000,6700,core_distance
254,kochi_stakes,Kochi Stakes,kochi_stakes.png,op.png,,nakayama_1600_turf_right.png,Nakayama,Right,16,OP,OP,Turf,Mile,1600,Spring,Daytime,Senior Class,March,First Half,350,2500,core_distance
255,nakayama_umamusume_stakes,Nakayama Umamusume Stakes,nakayama_umamusume_stakes.png,giii.png,nakayama_g3_cup_2.png,nakayama_1800_turf_right.png,Nakayama,Right,16,GIII,G3,Turf,Mile,1800,Spring,Daytime,Senior Class,March,First Half,1000,3600,non_core_distance
256,nigawa_stakes,Nigawa Stakes,nigawa_stakes.png,op.png,,hanshin_2000_dirt_right.png,Hanshin,Right,16,OP,OP,Dirt,Medium,2000,Spring,Daytime,Senior Class,March,First Half,350,2300,core_distance
257,ocean_stakes,Ocean Stakes,ocean_stakes.png,giii.png,nakayama_g3_cup.png,nakayama_1200_turf_right.png,Nakayama,Right,16,GIII,G3,Turf,Short,1200,Spring,Daytime,Senior Class,March,First Half,1500,4100,core_distance
258,osakajo_stakes,Osakajo Stakes,osakajo_stakes.png,op.png,,hanshin_1800_turf_right.png,Hanshin,Right,18,OP,OP,Turf,Mile,1800,Spring,Daytime,Senior Class,March,First Half,350,2600,non_core_distance
259,polaris_stakes,Polaris Stakes,polaris_stakes.png,op.png,,hanshin_1400_dirt_right.png,Hanshin,Right,16,OP,OP,Dirt,Short,1400,Spring,Daytime,Senior Class,March,First Half,350,2200,non_core_distance
260,chiba_stakes,Chiba Stakes,chiba_stakes.png,op.png,,nakayama_1200_dirt_right.png,Nakayama,Right,16,OP,OP,Dirt,Short,1200,Spring,Daytime,Senior Class,March,Second Half,350,2200,core_distance
261,diolite_kinen,Diolite Kinen,diolite_kinen.png,gii.png,,funabashi_2400_dirt_left.png,Funabashi,Left,14,GII,G2,Dirt,Medium,2400,Spring,Night,Senior Class,March,Second Half,1800,3200,core_distance
262,hanshin_daishoten,Hanshin Daishoten,hanshin_daishoten.png,gii.png,mainichi_cup.png,hanshin_3000_turf_right.png,Hanshin,Right,16,GII,G2,Turf,Long,3000,Spring,Daytime,Senior Class,March,Second Half,2000,6700,non_core_distance
263,march_stakes,March Stakes,march_stakes.png,giii.png,nakayama_g3_cup.png,nakayama_1800_dirt_right.png,Nakayama,Right,16,GIII,G3,Dirt,Mile,1800,Spring,Daytime,Senior Class,March,Second Half,1000,3600,non_core_distance
264,nikkei_sho,Nikkei Sho,nikkei_sho.png,gii.png,nakayama_g3_cup.png,nakayama_2500_turf_right.png,Nakayama,Right,16,GII,G2,Turf,Long,2500,Spring,Daytime,Senior Class,March,Second Half,2000,6700,non_core_distance
265,osaka_hai,Osaka Hai,osaka_hai.png,gi.png,osaka_cup.png,hanshin_2000_turf_right.png,Hanshin,Right,16,GI,G1,Turf,Medium,2000,Spring,Daytime,Senior Class,March,Second Half,20000,13500,core_distance
266,rokko_stakes,Rokko Stakes,rokko_stakes.png,op.png,,hanshin_1600_turf_right.png,Hanshin,Right,18,OP,OP,Turf,Mile,1600,Spring,Daytime,Senior Class,March,Second Half,350,2500,core_distance
267,takamatsunomiya_kinen,Takamatsunomiya Kinen,takamatsunomiya_kinen.png,gi.png,takatsunomiya_cup.png,chukyo_1200_turf_left.png,Chukyo,Left,18,GI,G1,Turf,Short,1200,Spring,Daytime,Senior Class,March,Second Half,15000,13000,core_distance
268,antares_stakes,Antares Stakes,antares_stakes.png,giii.png,mainichi_cup.png,hanshin_1800_dirt_right.png,Hanshin,Right,16,GIII,G3,Dirt,Mile,1800,Spring,Daytime,Senior Class,April,First Half,1000,3600,non_core_distance
269,azumakofuji_stakes,Azumakofuji Stakes,azumakofuji_stakes.png,op.png,,fukushima_1700_dirt_right.png,Fukushima,Right,15,OP,OP,Dirt,Mile,1700,Spring,Daytime,Senior Class,April,First Half,350,2200,non_core_distance
270,coral_stakes,Coral Stakes,coral_stakes.png,op.png,,hanshin_1400_dirt_right.png,Hanshin,Right,16,OP,OP,Dirt,Short,1400,Spring,Daytime,Senior Class,April,First Half,350,2300,non_core_distance
271,fukushima_mimpo_hai,Fukushima Mimpo Hai,fukushima_mimpo_hai.png,op.png,,fukushima_2000_turf_right.png,Fukushima,Right,16,OP,OP,Turf,Medium,2000,Spring,Daytime,Senior Class,April,First Half,350,2600,core_distance
272,hanshin_umamusume_stakes,Hanshin Umamusume Stakes,hanshin_umamusume_stakes.png,gii.png,mainichi_cup.png,hanshin_1600_turf_right.png,Hanshin,Right,18,GII,G2,Turf,Mile,1600,Spring,Daytime,Senior Class,April,First Half,1800,5500,core_distance
273,keiyo_stakes,Keiyo Stakes,keiyo_stakes.png,op.png,,nakayama_1200_dirt_right.png,Nakayama,Right,16,OP,OP,Dirt,Short,1200,Spring,Daytime,Senior Class,April,First Half,350,2300,core_distance
274,lord_derby_challenge_trophy,Lord Derby Challenge Trophy,lord_derby_challenge_trophy.png,giii.png,lord_cup.png,nakayama_1600_turf_right.png,Nakayama,Right,16,GIII,G3,Turf,Mile,1600,Spring,Daytime,Senior Class,April,First Half,1250,3900,core_distance
275,shunrai_stakes,Shunrai Stakes,shunrai_stakes.png,op.png,,nakayama_1200_turf_right.png,Nakayama,Right,16,OP,OP,Turf,Short,1200,Spring,Daytime,Senior Class,April,First Half,350,2500,core_distance
276,fukushima_umamusume_stakes,Fukushima Umamusume Stakes,fukushima_umamusume_stakes.png,giii.png,nikkei_sho_cup.png,fukushima_1800_turf_right.png,Fukushima,Right,16,GIII,G3,Turf,Mile,1800,Spring,Daytime,Senior Class,April,Second Half,1250,3800,non_core_distance
277,milers_cup,Milers Cup,milers_cup.png,gii.png,gii_trophy.png,kyoto_1600_turf_right.png,Kyoto,Right,18,GII,G2,Turf,Mile,1600,Spring,Daytime,Senior Class,April,Second Half,1900,5900,core_distance
278,oasis_stakes,Oasis Stakes,oasis_stakes.png,op.png,,tokyo_1600_dirt_left.png,Tokyo,Left,16,OP,OP,Dirt,Mile,1600,Spring,Daytime,Senior Class,April,Second Half,350,2300,core_distance
279,tenno_sho_spring,Tenno Sho (Spring),tenno_sho_spring.png,gi.png,tenno_spring_cup.png,kyoto_3200_turf_right.png,Kyoto,Right,18,GI,G1,Turf,Long,3200,Spring,Daytime,Senior Class,April,Second Half,20000,15000,core_distance
280,tennozan_stakes,Tennozan Stakes,tennozan_stakes.png,op.png,,kyoto_1200_dirt_right.png,Kyoto,Right,16,OP,OP,Dirt,Short,1200,Spring,Daytime,Senior Class,April,Second Half,350,2200,core_distance
281,tokyo_sprint,Tokyo Sprint,tokyo_sprint.png,giii.png,,ooi_1200_dirt_right.png,Oi,Right,16,GIII,G3,Dirt,Short,1200,Spring,Night,Senior Class,April,Second Half,1000,2700,core_distance
282,brilliant_stakes,Brilliant Stakes,brilliant_stakes.png,op.png,,tokyo_2100_dirt_left.png,Tokyo,Left,16,OP,OP,Dirt,Medium,2100,Spring,Daytime,Senior Class,May,First Half,350,2300,non_core_distance
283,kashiwa_kinen,Kashiwa Kinen,kashiwa_kinen.png,gi.png,,funabashi_1600_dirt_left.png,Funabashi,Left,14,GI,G1,Dirt,Mile,1600,Spring,Daytime,Senior Class,May,First Half,12000,8000,core_distance
284,keio_hai_spring_cup,Keio Hai Spring Cup,keio_hai_spring_cup.png,gii.png,gii_trophy.png,tokyo_1400_turf_left.png,Tokyo,Left,18,GII,G2,Turf,Short,1400,Spring,Daytime,Senior Class,May,First Half,1900,5900,non_core_distance
285,kurama_stakes,Kurama Stakes,kurama_stakes.png,op.png,,kyoto_1200_turf_right.png,Kyoto,Right,18,OP,OP,Turf,Short,1200,Spring,Daytime,Senior Class,May,First Half,350,2300,core_distance
286,metropolitan_stakes,Metropolitan Stakes,metropolitan_stakes.png,op.png,,tokyo_2400_turf_left.png,Tokyo,Left,18,OP,OP,Turf,Medium,2400,Spring,Daytime,Senior Class,May,First Half,350,2600,core_distance
287,miyakooji_stakes,Miyakooji Stakes,miyakooji_stakes.png,op.png,,kyoto_1800_turf_right.png,Kyoto,Right,18,OP,OP,Turf,Mile,1800,Spring,Daytime,Senior Class,May,First Half,350,2600,non_core_distance
288,niigata_daishoten,Niigata Daishoten,niigata_daishoten.png,giii.png,giii_trophy.png,niigata_2000_turf_left.png,Niigata,Left,18,GIII,G3,Turf,Medium,2000,Spring,Daytime,Senior Class,May,First Half,1500,4100,core_distance
289,ritto_stakes,Ritto Stakes,ritto_stakes.png,op.png,,kyoto_1400_dirt_right.png,Kyoto,Right,16,OP,OP,Dirt,Short,1400,Spring,Daytime,Senior Class,May,First Half,350,2300,non_core_distance
290,tanigawadake_stakes,Tanigawadake Stakes,tanigawadake_stakes.png,op.png,,niigata_1600_turf_left.png,Niigata,Left,18,OP,OP,Turf,Mile,1600,Spring,Daytime,Senior Class,May,First Half,350,2500,core_distance
291,victoria_mile,Victoria Mile,victoria_mile.png,gi.png,victoria_mile_cup.png,tokyo_1600_turf_left.png,Tokyo,Left,18,GI,G1,Turf,Mile,1600,Spring,Daytime,Senior Class,May,First Half,10000,10500,core_distance
292,azuchijo_stakes,Azuchijo Stakes,azuchijo_stakes.png,op.png,,kyoto_1400_turf_right.png,Kyoto,Right,18,OP,OP,Turf,Short,1400,Spring,Daytime,Senior Class,May,Second Half,350,2500,non_core_distance
293,heian_stakes,Heian Stakes,heian_stakes.png,giii.png,gii_trophy.png,kyoto_1900_dirt_right.png,Kyoto,Right,16,GIII,G3,Dirt,Medium,1900,Spring,Daytime,Senior Class,May,Second Half,1000,3600,non_core_distance
294,idaten_stakes,Idaten Stakes,idaten_stakes.png,op.png,,niigata_1000_turf_straight.png,Niigata,Straight,18,OP,OP,Turf,Short,1000,Spring,Daytime,Senior Class,May,Second Half,350,2300,non_core_distance
295,keyaki_stakes,Keyaki Stakes,keyaki_stakes.png,op.png,,tokyo_1400_dirt_left.png,Tokyo,Left,16,OP,OP,Dirt,Short,1400,Spring,Daytime,Senior Class,May,Second Half,350,2200,non_core_distance
296,may_stakes,May Stakes,may_stakes.png,op.png,,tokyo_1800_turf_left.png,Tokyo,Left,18,OP,OP,Turf,Mile,1800,Spring,Daytime,Senior Class,May,Second Half,350,2400,non_core_distance
297,meguro_kinen,Meguro Kinen,meguro_kinen.png,gii.png,gii_trophy.png,tokyo_2500_turf_left.png,Tokyo,Left,18,GII,G2,Turf,Long,2500,Spring,Daytime,Senior Class,May,Second Half,1800,5700,non_core_distance
298,teio_sho,Teio Sho,teio_sho.png,gi.png,tokyo_daishoten_cup.png,ooi_2000_dirt_right.png,Oi,Right,16,GI,G1,Dirt,Medium,2000,Spring,Night,Senior Class,June,Second Half,12000,6000,core_distance
299,ura_finals_qualifier,URA Finals Qualifier,ura_finals_qualifier.png,race.png,,,Varies,,,,,Varies,Varies,,,,,,,,,
300,ura_finals_semifinal,URA Finals Semifinal,ura_finals_semifinal.png,race.png,,,Varies,,,,,Varies,Varies,,,,,,,,,
301,grand_masters,Grand Masters,grand_masters.png,race.png,,,Varies,,,,,Varies,Varies,,,,,,,,,
302,twinkle_star_climax,Twinkle Star Climax,twinkle_star_climax.png,race.png,,,Varies,,,,,Varies,Varies,,,,,,,,,
303,ura_finals_final_aoharu,URA Finals Final (Aoharu),ura_finals_final_aoharu.png,race.png,,,Varies,,,,,Varies,Varies,,,,,,,,,
304,ura_finals_final_grand_live,URA Finals Final (Grand Live),ura_finals_final_grand_live.png,race.png,,,Varies,,,,,Varies,Varies,,,,,,,,,
305,ura_finals_final_ura,URA Finals Final (URA),ura_finals_final_ura.png,race.png,,,Varies,,,,,Varies,Varies,,,,,,,,,
